Cod;Municipio;cluster_kmeans;Pop_Total;IFDM_2022;Rec_2022;Desp_Edu_PC;Desp_SS_PC;Precariedade_San;Razao_Dependencia;Indice_Envelhecimento
1100015;Alta Floresta D'Oeste (RO);0;21494;0.5722;124510514.41;1512.2819605471295;1357.6691174281195;81.09;0.45200297237046544;0.44607737194726604
1100023;Ariquemes (RO);3;96833;0.6323;469951219.82;1231.3001255770241;1354.6541539557795;66.44;0.4151905764059394;0.3461429112964367
1100031;Cabixi (RO);0;5351;0.6177;48454961.46;2042.9498000373762;2043.9343973089144;83.63000000000001;0.5064752252252253;0.6414233576642335
1100049;Cacoal (RO);3;86887;0.7216;365180691.34;989.3867143531254;1298.1012617537724;21.220000000000002;0.40546092751653967;0.4349667964277536
1100056;Cerejeiras (RO);3;15890;0.6157;107952069.48;1406.507651353052;1612.633484581498;13.06;0.45459538630538265;0.4701006512729426
1100064;Colorado do Oeste (RO);0;15663;0.6501;103781963.78;1570.2134801762113;1490.733731085999;66.69000000000001;0.46273813970862904;0.6061588330632091
1100072;Corumbiara (RO);0;7519;0.6198;73668377.27;1962.919021146429;1655.957310812608;96.90999999999998;0.41975075528700906;0.4519921619856303
1100080;Costa Marques (RO);0;12627;0.4587;85716884.81;2262.660879860616;1190.0627670864021;84.27999999999999;0.47408358627130515;0.2742390963288359
1100098;Espigão D'Oeste (RO);0;29414;0.6287;140609549.74;1111.5233004691645;985.1960501801864;69.0;0.4365811965811966;0.4106043869338804
1100106;Guajará-Mirim (RO);3;39387;0.4012;184996090.5;892.813346281768;1021.6009043593064;62.739999999999995;0.5147098411721724;0.26538716082064856
1100114;Jaru (RO);3;50591;0.6356;254374373.23;1245.9660103575734;1043.8216605720386;72.06;0.43240182338118294;0.4425238500047228
1100122;Ji-Paraná (RO);3;124333;0.6847;582547988.14;757.1261990782817;1033.5614973498589;62.17;0.4242365231734977;0.3906203063983178
1100130;Machadinho D'Oeste (RO);0;30707;0.4774;166325488.96;1749.5984153450354;1062.8281238805484;90.67000000000002;0.45973569119604485;0.3376210235131397
1100148;Nova Brasilândia D'Oeste (RO);0;15679;0.5534;109402919.69;1831.3498800943937;1251.6768518400409;78.62;0.42562284051645755;0.5222764227642276
1100155;Ouro Preto do Oeste (RO);3;35044;0.6496;178603776.66;1166.2912164707225;1048.5365945668302;84.02000000000001;0.4379975379565039;0.5266018306636155
1100189;Pimenta Bueno (RO);3;35079;0.6701;234898460.18;1460.337585735055;1248.6338920721798;73.06;0.4249908599748142;0.3964228510411105
1100205;Porto Velho (RO);3;460434;0.6585;2566276170.43;1009.7276224822667;1054.4947471516004;40.980000000000004;0.4125908881730327;0.29535734925833174
1100254;Presidente Médici (RO);3;19327;0.6007;96930919.99;920.180358565737;1280.5589191286801;68.88999999999999;0.46683363691560414;0.6191102921821532
1100262;Rio Crespo (RO);0;3471;0.5457;40943146.98;2932.9990953615675;2346.135937770095;96.24;0.44204403822185295;0.4186666666666667
1100288;Rolim de Moura (RO);3;56406;0.6712;265549365.95;1165.135331170443;1264.5340378683118;70.12;0.421128215464463;0.4207394815129622
1100296;Santa Luzia D'Oeste (RO);0;7419;0.564;72261387.71;1493.097104731096;1409.4666424046368;96.45;0.46794618124258014;0.6165413533834586
1100304;Vilhena (RO);3;95832;0.6871;545807635.34;1296.0290754653977;1579.2167447199267;52.339999999999996;0.4105594724679492;0.3352321685016754
1100320;São Miguel do Guaporé (RO);0;21635;0.6006;96112040.46;1953.262547261382;1184.9379930667899;78.75;0.4335409488470713;0.36711241119933136
1100338;Nova Mamoré (RO);0;25444;0.433;150284057.14;1691.1534192736992;1066.2153022323535;81.17999999999999;0.47904435272917517;0.25338403041825097
1100346;Alvorada D'Oeste (RO);0;13117;0.5375;81283710.96;1103.6303186704276;1799.7878813753146;55.43;0.4551808298202796;0.5708269525267994
1100379;Alto Alegre dos Parecis (RO);0;11479;0.4993;87407797.07;1921.3709382350378;1508.4131196097221;67.76000000000002;0.4664026571282575;0.4004602991944764
1100403;Alto Paraíso (RO);0;16320;0.4879;85636871.23;1824.112599877451;966.3907837009804;70.35999999999999;0.4575332678395999;0.39211956521739133
1100452;Buritis (RO);0;27992;0.5589;165706509.16;1293.5834863532439;1121.1786956987712;78.35;0.4448229586043151;0.33343648460467273
1100502;Novo Horizonte do Oeste (RO);0;7667;0.6016;52169878.83;1873.0971853397677;1590.897053606365;80.58999999999999;0.45788172656398557;0.5978765759787658
1100601;Cacaulândia (RO);0;4150;0.5349;47762164.07;3032.7864192771085;2633.4373590361442;65.80999999999999;0.48798852635353174;0.465016146393972
1100700;Campo Novo de Rondônia (RO);0;8844;0.4428;82202759.56;2214.431570556309;1815.1917424242424;91.28999999999999;0.45269382391590013;0.33527131782945735
1100809;Candeias do Jamari (RO);0;22310;0.4971;110324092.25;1245.8609341102645;939.3146580008964;78.05000000000001;0.4798355001326612;0.2936337625178827
1100908;Castanheiras (RO);0;3233;0.5667;27562911.84;2608.616885245902;9.279307145066502;95.33;0.48166819431714025;0.6094946401225115
1100924;Chupinguaia (RO);0;9324;0.6504;87980495.68;2621.777376662377;2348.2998273273274;61.82;0.45460218408736347;0.22849915682967958
1100940;Cujubim (RO);0;14863;0.5312;100355567.17;1754.1233970261721;1143.7033297450043;93.62;0.45558711193810597;0.24618269488347175
1101005;Governador Jorge Teixeira (RO);0;8001;0.4861;59791035.23;1733.7794363204598;1290.9491938507686;99.43999999999998;0.4683428151954487;0.4915254237288136
1101104;Itapuã do Oeste (RO);0;8548;0.5959;71583095.29;2462.492394712214;1225.0823584464201;62.61000000000001;0.509180790960452;0.3049773755656109
1101203;Ministro Andreazza (RO);0;6466;0.606;46335567.73;1947.3977327559542;1379.532924528302;73.02000000000001;0.4501009194886746;0.6477832512315271
1101302;Mirante da Serra (RO);0;9235;0.473;66481480.73;1375.676451543043;1168.1742501353544;90.08000000000001;0.4495369643698007;0.5693150684931507
1101401;Monte Negro (RO);0;11548;0.4965;88928159.78;1844.1128818843092;1609.6515569795638;98.63;0.457896730210832;0.48891625615763545
1101435;Nova União (RO);0;6200;0.4798;42125009.44;1533.252908064516;1074.3119532258065;79.9;0.44018583042973286;0.507557677008751
1101450;Parecis (RO);0;4125;0.5536;40855983.58;1952.1146424242422;1944.3148533333333;92.51;0.43478260869565216;0.37816979051819183
1101468;Pimenteiras do Oeste (RO);2;2156;0.6441;44346849.55;3919.1473608534325;4889.193251391466;83.66;0.49100968188105115;0.32710280373831774
1101476;Primavera de Rondônia (RO);0;3076;0.5209;31952488.17;2775.935078023407;2138.241501950585;97.36000000000001;0.49902534113060426;0.5538694992412747
1101484;São Felipe D'Oeste (RO);0;5258;0.5261;44389349.75;2499.8468562190947;1890.821511981742;90.57000000000001;0.4589345172031077;0.7051546391752578
1101492;São Francisco do Guaporé (RO);0;16286;0.5141;108406330.89;1577.7405698145649;1242.464360800688;90.80999999999999;0.45997310623038995;0.29603435210911844
1101500;Seringueiras (RO);0;11171;0.5496;78919581.08;1879.7953594127653;1489.8700429684004;83.94;0.43181235580620353;0.367288961038961
1101559;Teixeirópolis (RO);0;4256;0.5879;35181485.2;2294.1623637218045;1731.3174929511279;96.19999999999999;0.46405228758169936;0.6654320987654321
1101609;Theobroma (RO);0;8113;0.5151;61893701.19;1894.5820880069025;1795.9158313817331;85.03999999999999;0.4623287671232877;0.5470446320868516
1101708;Urupá (RO);0;10725;0.5961;62525478.15;1893.9314862470865;1314.42973986014;93.3;0.466967583093968;0.5805555555555556
1101757;Vale do Anari (RO);0;7788;0.4499;51765736.84;1708.48968798151;1839.7533898305085;94.86000000000001;0.47695808837473924;0.46990064289888955
1101807;Vale do Paraíso (RO);0;6479;0.4895;47282110.24;2224.9940592684056;1588.3012440191387;93.42;0.4458826154876144;0.659468438538206
1200013;Acrelândia (AC);0;14021;0.4849;64675333.25;1617.7789344554599;788.3051337279794;74.71999999999998;0.5261782954174377;0.25852642541004944
1200054;Assis Brasil (AC);0;8100;0.2771;41349974.82;1453.351962962963;784.8417185185185;81.94;0.6026909378709933;0.1765160293549633
1200104;Brasiléia (AC);0;26000;0.4766;98875009.25;1415.1743603846153;801.5444600000001;53.67;0.4947683109118087;0.25342266239440725
1200138;Bujari (AC);0;12917;0.4142;49160773.26;1130.5717202136718;506.03779670202056;80.93;0.5286390532544378;0.2611518915866742
1200179;Capixaba (AC);0;10392;0.4066;54609219.38;2098.7979965357968;823.1824653579677;81.35;0.5133245958934032;0.2693554195174649
1200203;Cruzeiro do Sul (AC);0;91888;0.4797;316570345.95;1295.8111350774857;832.2481049756226;74.06;0.489874341305229;0.21806966618287374
1200252;Epitaciolândia (AC);0;18757;0.4767;73101610.12;1334.050137015514;893.0854523644506;60.15;0.48900531872668096;0.24873302250152038
1200302;Feijó (AC);0;35426;0.2551;107405484.07;1359.632350815785;524.0267526675323;91.28;0.6080068993690708;0.15953947368421054
1200328;Jordão (AC);0;9222;0.3053;49517543.21;2883.621449793971;687.4705150726523;94.27;0.8004685669660289;0.06548856548856549
1200336;Mâncio Lima (AC);0;19294;0.3161;86851771.27;1674.5836322172697;710.8764512283611;97.21000000000001;0.5543381938290501;0.19544822793606673
1200344;Manoel Urbano (AC);0;11996;0.2757;9499039.02;2068.621369623208;613.1310403467822;75.32000000000001;0.5674898732523194;0.1516839034738796
1200351;Marechal Thaumaturgo (AC);0;17093;0.3126;83044092.95;2524.567594921898;618.1321236763588;91.69;0.6460901386748844;0.10128036769533814
1200385;Plácido de Castro (AC);0;16560;0.4576;63769361.75;1186.1419154589373;847.8191195652174;78.2;0.5288035450516987;0.31135531135531136
1200393;Porto Walter (AC);0;10735;0.3262;72305127.19;3424.6230507685145;912.2157764322311;73.53999999999999;0.6505227552275523;0.09981804003119314
1200401;Rio Branco (AC);3;364756;0.6429;1647950114.98;697.7379738235971;855.9201898529427;20.59;0.42878519023388995;0.293453857969987
1200427;Rodrigues Alves (AC);0;14938;0.392;84056612.24;2984.735277145535;957.8706024902932;95.18000000000002;0.5573394495412844;0.16826923076923078
1200435;Santa Rosa do Purus (AC);0;6723;0.2154;42737758.19;3143.5511289602855;883.1558961773018;86.32;0.8700973574408901;0.07676419965576592
1200450;Senador Guiomard (AC);0;21454;0.4485;78252630.14;1127.2998382585997;834.101010534166;70.33999999999999;0.49193324061196103;0.3136490250696379
1200500;Sena Madureira (AC);0;41343;0.3203;149083912.41;1385.7967109305082;851.186147836393;65.13;0.5078780363265009;0.23153798531882905
1200609;Tarauacá (AC);0;43467;0.2758;136269775.09;1568.914659166724;568.9150166793199;95.82000000000001;0.6171360541686819;0.1466887875017282
1200708;Xapuri (AC);0;18243;0.3992;58294539.37;855.0887107383654;755.3263432549471;69.49000000000001;0.5065653646048394;0.26657030766054096
1200807;Porto Acre (AC);0;16693;0.3666;65520619.18;1399.7677170071288;687.0048469418319;74.43;0.5369671300985176;0.30703720304796056
1300029;Alvarães (AM);0;15866;0.3005;111669824.17;2206.45901235346;1649.6457141056346;93.42999999999999;0.6509885535900104;0.13087490961677511
1300060;Amaturá (AM);0;10819;0.3392;66649294.98;2598.0257075515296;1359.763229503651;74.73;0.7181197395585199;0.13021744563859036
1300086;Anamã (AM);0;9962;0.2665;75139408.44;1721.30282272636;1732.647781569966;77.04;0.5502645502645502;0.14619124797406807
1300102;Anori (AM);0;17194;0.3666;107032606.9;1466.3650511806445;1719.1488647202514;95.78;0.543031499596159;0.16275941583397385
1300144;Apuí (AM);0;20647;0.4079;81288840.94;1104.4705681212768;1174.9604756138906;95.19;0.46598977563192273;0.22352721849366144
1300201;Atalaia do Norte (AM);0;15314;0.289;82357118.29;1404.6270484523966;1580.0298870314743;92.62;0.7404250483009432;0.10912495743956419
1300300;Autazes (AM);0;41564;0.2412;205647393.21;2265.75595443172;1582.4689291213551;87.95000000000002;0.6107580220120912;0.18638964167419453
1300409;Barcelos (AM);0;18834;0.2436;104151475.62;1493.721284379314;1515.0178045024957;85.3;0.6814570127667172;0.15302114803625377
1300508;Barreirinha (AM);0;31051;0.3057;161163406.09;2550.6322340665356;1048.6475765675825;89.39000000000001;0.6485797717016193;0.16843615494978478
1300607;Benjamin Constant (AM);0;37648;0.3393;192096947.34;2117.6102852741183;1086.0213551848703;83.93999999999998;0.7024509360586054;0.1397754787585296
1300631;Beruri (AM);0;20718;0.2505;107817820.32;2131.3082228014287;776.0910401583164;94.65;0.6724249273490475;0.13302502720348205
1300680;Boa Vista do Ramos (AM);0;23785;0.3889;98273862.03;1696.8184183308808;784.6050561278115;88.1;0.6133080105812928;0.22271805273833672
1300706;Boca do Acre (AM);0;35447;0.3714;132388448.1;1085.214321381217;920.6091327897989;86.82000000000001;0.508254616628372;0.24543843186320508
1300805;Borba (AM);0;33080;0.3023;164038096.33;1556.9649915356708;1063.2768243651753;92.91999999999999;0.6048903551329323;0.19014891179839633
1300839;Caapiranga (AM);0;13469;0.3082;93424129.45;1734.2254072314204;1396.2860368253025;98.85000000000001;0.5344041922989291;0.1721639180409795
1300904;Canutama (AM);0;16869;0.2812;69413290.12;1098.682027980319;1147.9916219100126;91.72;0.48874768334657137;0.2200925313945803
1301001;Carauari (AM);0;28742;0.3754;118335070.94;1506.3761251826597;940.595205970357;79.77;0.5730939740572492;0.16331518720142207
1301100;Careiro (AM);0;30792;0.3739;170690348.34;2573.239614185503;1437.5695606001557;80.55999999999999;0.5846842674077505;0.2815566835871404
1301159;Careiro da Várzea (AM);0;19637;0.3455;98412570.71;1547.0227392167847;1578.0991694250647;95.81;0.5360607008760951;0.2867067217423958
1301209;Coari (AM);0;70616;0.3466;524503713.92;1560.2346240228842;1446.323022261244;60.24;0.5748790115747452;0.17333515408075015
1301308;Codajás (AM);0;23549;0.2932;101424819.24;1197.4314476198565;949.7736706441888;59.6;0.5733948018975078;0.1777137367915466
1301407;Eirunepé (AM);0;33170;0.2885;163336349.6;2133.228045523063;1064.7381727464576;98.99;0.6138763197586727;0.16007723427730783
1301506;Envira (AM);0;17186;0.2984;79153016.32;1382.3335773303852;1227.6727662050507;98.82;0.5865952732644018;0.13484550812645116
1301605;Fonte Boa (AM);0;25871;0.3255;134652184.38;2158.3676719106334;1597.3134571527967;89.41;0.6036075125519123;0.14875545593960127
1301654;Guajará (AM);0;13815;0.285;74244385.39;1496.9209902280131;1495.3159196525517;95.32;0.5590791107098522;0.15991571060641535
1301704;Humaitá (AM);0;57473;0.4522;231236140.47;1223.3299368399075;1015.8987517616968;75.71000000000001;0.5174389438943895;0.2023312883435583
1301803;Ipixuna (AM);0;24311;0.1956;82583419.87;1080.8060269014027;974.083088313932;97.32;0.6122421911267325;0.09787132833868474
1301852;Iranduba (AM);0;61163;0.3891;234039244.38;1355.8649162075112;1312.763391429459;66.42999999999999;0.5139356435643564;0.23899033297529537
1301902;Itacoatiara (AM);0;103598;0.4283;395536994.58;1254.5455998185294;861.8520759088013;65.64;0.5158316750556011;0.22520330854243414
1301951;Itamarati (AM);0;10937;0.3864;70794727.35;2482.3103492731098;1470.9825838895492;97.56;0.683392334923811;0.10806089343648614
1302009;Itapiranga (AM);0;10162;0.4299;61286619.25;1801.2667978744341;1457.9051180869906;74.37;0.5552494643403735;0.21378387420541986
1302108;Japurá (AM);0;8858;0.3608;66753756.47;2770.3048995258523;1724.958305486566;88.11999999999999;0.6760643330179754;0.08932926829268292
1302207;Juruá (AM);0;10742;0.3453;70295097.91;1992.8743427667102;1429.9753416495996;76.50999999999999;0.5697793365482975;0.1380618797431407
1302306;Jutaí (AM);0;25172;0.1905;132624127.42;2754.585996345145;1118.1412942952486;97.76;0.7430925836160931;0.09522351500306185
1302405;Lábrea (AM);0;45448;0.3459;185832458.21;1352.3148393768702;916.8288857595494;64.89;0.5390450389434474;0.1686366639747449
1302504;Manacapuru (AM);0;101883;0.3815;393975581.15;1549.9385238950563;994.7722791829844;76.75;0.5325130488410222;0.21098720667715673
1302553;Manaquiri (AM);0;17107;0.3124;99464524.39;2206.551008359151;1144.0499485590692;92.46000000000002;0.5781365313653136;0.2531493701259748
1302603;Manaus (AM);3;2063689;0.6353;8399373869.18;1016.3160306325227;652.1318404614261;28.769999999999996;0.42330741245236825;0.2641400233564495
1302702;Manicoré (AM);0;53914;0.3699;255529723.58;1993.3260793114962;998.8924880365026;87.02;0.5729832239241429;0.19038671354103529
1302801;Maraã (AM);0;15529;0.2859;96394004.81;2763.930502286046;1467.8873945521282;86.0;0.676092822450081;0.09300296632350376
1302900;Maués (AM);0;61204;0.2906;276630842.63;1667.2811705117313;1120.23754852624;69.93;0.6754907060143995;0.1725432427295191
1303007;Nhamundá (AM);0;20136;0.3544;111051511.89;1411.3754112038139;1619.3404052443384;84.31;0.580657822435042;0.22284675152917838
1303106;Nova Olinda do Norte (AM);0;27062;0.2873;145747139.14;2027.684138275072;1163.602875988471;86.59;0.6408173164372765;0.17524741465584343
1303205;Novo Airão (AM);0;15761;0.3713;103722169.39;1599.2193775775647;1240.0390146564305;77.86999999999999;0.6245104102246959;0.19932699920823435
1303304;Novo Aripuanã (AM);0;23818;0.3066;90981496.23;1225.1344021328407;1026.903961289781;72.77;0.545619727449708;0.20131447349621376
1303403;Parintins (AM);0;96372;0.4291;380496487.22;1711.404294504628;1014.5210969991283;53.690000000000005;0.5322924285305435;0.2390539990377142
1303502;Pauini (AM);0;19373;0.2148;85228404.26;1434.7000129045578;1185.768063800134;82.4;0.6014714391998016;0.13280398567647517
1303536;Presidente Figueiredo (AM);0;30668;0.5511;315092419.72;2476.9550058693103;1963.4693468762227;34.790000000000006;0.5208529630547979;0.22498250524842547
1303569;Rio Preto da Eva (AM);0;24936;0.4405;157586857.56;2499.5071691530316;1610.1088735162014;56.92000000000001;0.5432603044931303;0.254
1303601;Santa Isabel do Rio Negro (AM);0;14164;0.2615;97054158.51;1689.9497839593334;1310.060959474725;95.0;0.7321756145285557;0.1390791476407915
1303700;Santo Antônio do Içá (AM);0;28211;0.316;130942812.04;2199.8670004608134;984.8641338484989;95.69;0.7387365177195686;0.11352657004830918
1303809;São Gabriel da Cachoeira (AM);0;51795;0.2527;179386256.54;1643.0625954242687;455.8874792933681;86.96000000000001;0.6879032783679854;0.16104724712612067
1303908;São Paulo de Olivença (AM);0;32967;0.2412;169947483.58;2007.3579082112415;1197.9265735432402;86.81;0.7771009649075522;0.11123101826871194
1303957;São Sebastião do Uatumã (AM);0;11670;0.3658;61137213.96;1299.4406572407881;1534.059854327335;83.53;0.58430627206082;0.17820969066520667
1304005;Silves (AM);0;11559;0.32;64082985.51;2077.4830348646074;1304.655202007094;82.66000000000001;0.6447068867387592;0.1901759915944313
1304062;Tabatinga (AM);0;66764;0.3914;280694869.77;2052.181782697262;648.8565015577257;69.66000000000001;0.6411189223735313;0.1310984864911748
1304104;Tapauá (AM);0;19599;0.3268;120949729.96;2026.879882136844;1891.6084483902239;92.44;0.5690497157953727;0.1601109841684348
1304203;Tefé (AM);0;73669;0.3943;317404752.97;1780.850482292416;1238.8414346604407;68.67;0.5818982177367404;0.1545737292829449
1304237;Tonantins (AM);0;19247;0.2847;100533463.02;2130.1995485010652;1300.802708474048;59.470000000000006;0.7050850460666194;0.1120581249126729
1304260;Uarini (AM);0;14431;0.226;82923397.93;2188.8301670015935;1181.388104774444;98.00999999999999;0.6077317290552585;0.11943361379027294
1304302;Urucará (AM);0;18631;0.3412;85111543.72;1376.0523573613868;1423.8691213568782;87.97;0.5276320104952443;0.24444014697350608
1304401;Urucurituba (AM);0;23945;0.3699;107702194.68;1514.6729283775317;1064.202139486323;72.25999999999999;0.47772155023451;0.21675573718956304
1400027;Amajari (RR);0;13927;0.2668;50701323.05;976.2593394126517;1144.1434285919436;62.089999999999996;0.8019148660887566;0.11294666906087268
1400050;Alto Alegre (RR);0;21096;0.2634;89144810.23;911.9627365377323;1091.1379029199848;67.12;0.7986188080825305;0.13087045756368465
1400100;Boa Vista (RR);3;413486;0.5976;2161418319.49;1368.3169881447013;898.2189548860179;11.689999999999998;0.45288760207451967;0.18629715874053143
1400159;Bonfim (RR);0;13923;0.3384;121290098.23;3085.0621116138764;1316.8441162105867;60.400000000000006;0.7449555082090488;0.15037739500677375
1400175;Cantá (RR);0;18682;0.3222;91961907.99;1925.2144979124291;854.0055598972273;58.120000000000005;0.6541526474234106;0.21894076885002475
1400209;Caracaraí (RR);0;20957;0.361;99917450.62;1645.1059760461897;908.4910807844633;38.169999999999995;0.5996488817647507;0.21253279827133817
1400233;Caroebe (RR);0;10656;0.3997;66911045.89;2226.8694463213214;1195.2309572072072;81.09999999999998;0.5488372093023256;0.18295739348370926
1400282;Iracema (RR);2;10023;0.3324;102351942.02;1375.4319724633344;2429.256214706176;28.839999999999996;0.5876762236654522;0.2025931928687196
1400308;Mucajaí (RR);0;18095;0.4059;92708503.76;2072.327703785576;1063.9904763746893;26.580000000000002;0.5806254367575122;0.22593139063076356
1400407;Normandia (RR);0;13986;0.2876;72996090.26;2241.6918568568567;859.3016680966682;88.78999999999999;0.9422302457991946;0.0823097782740469
1400456;Pacaraima (RR);0;19305;0.3185;107850127.03;2567.0222004662005;654.1891240611241;39.67;0.7134108458329635;0.09524458373075351
1400472;Rorainópolis (RR);0;32647;0.4509;146564292.14;1791.275893343952;914.1651064416333;63.95;0.5320756487868975;0.20207803223070397
1400506;São João da Baliza (RR);0;8858;0.4624;53864811.87;1918.6606130051932;1643.5223786407767;81.33;0.5225163286352699;0.20110628210193598
1400605;São Luiz (RR);2;7315;0.4147;62823465.45;1823.8832987012986;1588.4655789473686;85.81000000000002;0.5082474226804123;0.2608695652173913
1400704;Uiramutã (RR);0;13751;0.1601;53643273.28;1785.1422202021672;773.9366846047561;98.72000000000001;1.0803328290468985;0.05402214022140221
1500107;Abaetetuba (PA);0;158188;0.4208;445011444.44;1297.0227265026424;636.6157941816067;59.46;0.4477198056137718;0.289906660338554
1500131;Abel Figueiredo (PA);0;6136;0.4462;36476924.51;2011.35957464146;1362.802592894394;92.59999999999998;0.5154359101012596;0.3301465901848311
1500206;Acará (PA);0;59023;0.3718;251351271.3;2744.320920488623;579.5086213848839;62.169999999999995;0.5230955821635013;0.2599291441357449
1500305;Afuá (PA);0;37765;0.2214;185706827.42;3145.137333774659;658.002179531312;89.52;0.6123041454980148;0.1555877850294094
1500347;Água Azul do Norte (PA);0;18080;0.5242;105062820.32;1647.994791482301;1396.9795514380532;97.35;0.48855590317800096;0.21523653491705919
1500404;Alenquer (PA);0;69377;0.2592;182053357.5;1546.7816720238695;302.5574652982977;63.57;0.5793343653250774;0.21231897865853658
1500503;Almeirim (PA);0;34280;0.3403;197249323.78;2336.930485414236;1382.2086400233372;72.87;0.5593158660844251;0.18847863908757007
1500602;Altamira (PA);0;126279;0.5184;565950847.66;1896.0776536874698;867.8403860499371;32.73;0.4605651233532657;0.23587833643699566
1500701;Anajás (PA);0;28011;0.1932;135868717.04;2958.0603191603295;809.2196797686623;98.98;0.6323426573426574;0.11773794808405438
1500800;Ananindeua (PA);3;478778;0.5372;1369609509.6;595.462697199955;1093.8572606719608;19.78;0.38309986913679395;0.39597675740541904
1500859;Anapu (PA);0;31850;0.3326;135431310.66;1844.1411237048665;721.0007962323391;90.47000000000001;0.5365688923195677;0.16643943366544312
1500909;Augusto Corrêa (PA);0;44573;0.2927;182629112.03;2303.6548291566646;747.6383357638032;80.59000000000002;0.5527415871246429;0.24106374657802113
1500958;Aurora do Pará (PA);0;23774;0.3639;107915821.42;2267.2589189871287;959.8477088415916;60.9;0.5438664848366777;0.24832314801013564
1501006;Aveiro (PA);0;18290;0.3118;71553665.88;1965.808767085839;796.0581771459814;73.40000000000002;0.6171529619805481;0.2382472946602803
1501105;Bagre (PA);0;31892;0.1941;116367415.13;1881.4870306032863;595.6085585726828;99.37;0.7106688837633428;0.08669619422572178
1501204;Baião (PA);0;51641;0.2666;129686227.2;1041.179043976685;463.4488987432466;95.58999999999999;0.4284805399574009;0.2734297928313055
1501253;Bannach (PA);0;4031;0.4802;40793713.06;1914.9456288762094;2082.1962589928057;98.64;0.4749359678009513;0.2638753651411879
1501303;Barcarena (PA);3;126650;0.5659;704650423.58;2006.1233268851165;1162.4336454796683;53.919999999999995;0.4433706379777996;0.2226657028819259
1501402;Belém (PA);3;1303403;0.5982;4393108914.62;595.5702022244847;1224.9156177252928;16.05;0.4039557120529439;0.5949170058306434
1501451;Belterra (PA);0;18099;0.4034;85876796.48;2043.3813840543678;818.7063080833195;76.15;0.5485112936344969;0.3353468027494272
1501501;Benevides (PA);3;63567;0.5661;251976066.2;1286.5230614941713;768.376152563437;36.91;0.4350181727882249;0.30821452817379497
1501576;Bom Jesus do Tocantins (PA);0;18005;0.3634;90551567.6;1499.3870291585672;1270.144256039989;91.82999999999998;0.40961402959367416;0.29890764647467727
1501600;Bonito (PA);0;12622;0.4578;57261286.83;1395.0896553636508;922.6931405482491;82.75000000000001;0.44532234054734915;0.3350497768623412
1501709;Bragança (PA);0;123082;0.3884;360685282.82;1359.4463435758275;769.5307359321429;55.25;0.4797422395344923;0.30546013674878136
1501725;Brasil Novo (PA);0;24718;0.4037;94490631.62;1227.637639776681;825.8400659438466;84.14;0.4608747044917258;0.2827767724954762
1501758;Brejo Grande do Araguaia (PA);0;6783;0.4107;50856147.76;2693.6088898717385;1703.449893852278;85.17;0.5367014046216584;0.3506271379703535
1501782;Breu Branco (PA);0;45712;0.4085;196682304.76;1680.582242737137;1168.800773319916;75.21;0.5312876859171914;0.25952986022871666
1501808;Breves (PA);0;106968;0.3382;449513276.9;2568.04414264079;602.6940963652681;86.97;0.6194023072031973;0.15864295423652017
1501907;Bujaru (PA);0;24383;0.3372;121060612.78;2492.308771275069;724.1914145101096;72.94000000000001;0.530922333144974;0.27062359128474833
1501956;Cachoeira do Piriá (PA);0;19630;0.339;99420708.5;1963.4414477840044;1147.278141110545;77.55;0.511860751694393;0.1831938757343778
1502004;Cachoeira do Arari (PA);0;23981;0.2467;84529712.14;1334.4965272507402;521.5377282014929;44.98;0.5046429915924207;0.26046074283027737
1502103;Cametá (PA);0;134184;0.3189;464422650.7;2706.6857506856254;648.2446555476063;83.49000000000001;0.5053343654292733;0.2668035322571573
1502152;Canaã dos Carajás (PA);2;77079;0.6329;1661294825.52;3803.777799011404;5172.235768367519;22.869999999999997;0.4349890158990207;0.11596694846444094
1502202;Capanema (PA);3;70394;0.5297;204973947.41;952.0139105605591;778.6129498252691;62.44;0.4333360482163219;0.40354811053221656
1502301;Capitão Poço (PA);0;56506;0.3331;159829024.7;1359.3540756733798;524.9363046402152;81.30999999999999;0.45039657075386946;0.29804704837993784
1502400;Castanhal (PA);3;192256;0.5311;632024198.56;1064.952156135569;936.2675397386818;34.459999999999994;0.41296135698852027;0.3326850556174845
1502509;Chaves (PA);0;20757;0.2988;114548069.32;3755.597956352074;779.7645502721973;96.02;0.6290221315335113;0.1575678798382438
1502608;Colares (PA);0;12868;0.4464;43426113.61;1431.3636548026113;967.3507102890892;55.0;0.5185272598536701;0.4002549394518802
1502707;Conceição do Araguaia (PA);0;44617;0.484;177464835.55;1377.0645146468835;911.1980207095951;83.79999999999998;0.4946067265174863;0.45310500934947345
1502756;Concórdia do Pará (PA);0;26881;0.401;145745356.8;3101.449816971095;851.6199880956809;61.79000000000001;0.5169008520963828;0.24405812848023903
1502764;Cumaru do Norte (PA);0;14036;0.3549;91238068.88;2002.4257188657737;1233.5328989740667;77.58;0.4986120008541533;0.13902439024390245
1502772;Curionópolis (PA);0;19950;0.5418;167065135.42;3213.5373774436093;1661.7530155388472;38.96;0.5375722543352601;0.2998509131569139
1502806;Curralinho (PA);0;33903;0.2103;156672338.18;2381.5946113913224;742.5939890275197;97.93;0.5876650744591178;0.14770440826778855
1502855;Curuá (PA);0;14117;0.3198;59941351.03;2082.3964128355883;678.2033583622583;85.41000000000001;0.5349570512123518;0.21993553186213738
1502905;Curuçá (PA);3;41262;0.3624;146923516.21;1529.7005217876012;641.1690104696816;40.14000000000001;0.4640221402214022;0.4306968602997484
1502939;Dom Eliseu (PA);0;58484;0.4991;193336995.73;1160.1251167840776;724.8171108337323;85.50999999999999;0.4655807542914422;0.20721247563352826
1502954;Eldorado do Carajás (PA);0;28192;0.4003;132178687.18;1828.246641600454;1127.7447087826333;67.42999999999999;0.5260365919670889;0.2594608605495075
1503002;Faro (PA);0;8728;0.3848;45852210.44;2089.704015811182;1246.2264184234646;50.9;0.5288141530916097;0.24906909391808027
1503044;Floresta do Araguaia (PA);0;17898;0.4269;107316997.5;2227.992147726003;1208.6513308749581;90.14000000000001;0.4727227844976549;0.2878278412911903
1503077;Garrafão do Norte (PA);0;24703;0.3911;106557744.97;2190.6857150953324;853.9180415334171;89.52000000000001;0.4828621165736239;0.26917008520037866
1503093;Goianésia do Pará (PA);0;26362;0.3699;154019413.87;2230.554141567408;1338.6644742432288;85.17;0.4895468414510114;0.25838779956427016
1503101;Gurupá (PA);0;31786;0.276;181733874.6;4177.61244698924;754.6665582331844;71.12;0.5815504030251767;0.16125186289120716
1503200;Igarapé-Açu (PA);0;35797;0.3883;114598075.79;1042.616917339442;881.0331214906277;85.27;0.4609231522670693;0.40176244259649996
1503309;Igarapé-Miri (PA);0;64831;0.294;232817493.36;2024.0959681325292;529.3169861640265;77.59;0.4911562435310624;0.25038060662841083
1503408;Inhangapi (PA);0;10325;0.424;47135843.21;937.8197598062953;1139.1901675544796;98.48;0.5037867754150889;0.32630368098159507
1503457;Ipixuna do Pará (PA);0;30329;0.3846;206354407.85;3440.0574127073096;1138.4101256223416;66.30000000000001;0.5601337448559671;0.2081437923000111
1503507;Irituia (PA);0;30955;0.3348;90253545.8;1200.6755096107252;618.1172421256663;58.65;0.514654792777805;0.37580117724002615
1503606;Itaituba (PA);0;123314;0.4589;566090751.09;1871.6103782214507;868.8067858475112;78.08999999999999;0.46356342575009496;0.2274284277678263
1503705;Itupiranga (PA);0;49754;0.327;187899708.16;1654.1604283072716;661.2460976001929;81.31000000000002;0.49748683220466516;0.2556213916742631
1503754;Jacareacanga (PA);0;24042;0.2756;182706312.95;2611.0431066467017;1548.6665564428913;88.71000000000001;0.6996818663838812;0.09467979205840062
1503804;Jacundá (PA);0;37707;0.4007;180359664.89;2278.4995860185113;1182.4312780120404;75.46000000000001;0.49856927112312216;0.3221964586846543
1503903;Juruti (PA);0;50881;0.4725;286811692.74;2646.2694673846822;1221.3322768813505;60.57;0.5871050251099535;0.17843726521412473
1504000;Limoeiro do Ajuru (PA);0;29569;0.2383;109141480.51;2324.2879979032095;699.6048026649531;98.67;0.4964068825910931;0.1830900976962972
1504059;Mãe do Rio (PA);0;34353;0.4216;129539156.85;1755.6691054638604;698.012431519809;77.17999999999999;0.466635358408402;0.3080421254188607
1504109;Magalhães Barata (PA);0;8115;0.4335;43536011.95;1904.8491447935921;1122.4049032655576;74.18;0.5363498674744415;0.44688457609805926
1504208;Marabá (PA);3;266533;0.5686;1536594797.07;1576.603408470996;1172.7631345086725;55.88000000000001;0.4459713120090274;0.22525785488582842
1504307;Maracanã (PA);0;25971;0.3214;103246959.78;1996.393794232028;981.1941365369066;48.24999999999999;0.5027774563129267;0.45034217993657155
1504406;Marapanim (PA);0;26573;0.3463;90186749.55;1491.4452207127536;760.5625755466075;83.89;0.4958905651880207;0.49178662150719726
1504422;Marituba (PA);3;111785;0.5074;419400234.52;1652.9131613364939;817.9447569888625;39.28;0.3968585209806813;0.26726786640596945
1504455;Medicilândia (PA);0;27094;0.3821;123293260.2;1949.720213331365;909.552683989075;86.19;0.49302915082382764;0.25185392472366025
1504505;Melgaço (PA);0;27881;0.2149;131832768.39;3260.21071554105;675.2042297622036;93.89000000000001;0.7272333044232437;0.09250814332247558
1504604;Mocajuba (PA);0;27198;0.2683;128233909.81;2324.7056449003603;733.6080634605486;85.53000000000002;0.4908732116428219;0.28663793103448276
1504703;Moju (PA);0;84094;0.3844;293928159.75;;;79.59;0.49457931966018553;0.19428350714561607
1504752;Mojuí dos Campos (PA);0;23501;0.4104;82361501.89;1824.5689425981873;632.3526666950343;85.93;0.4975466768622953;0.32496181910741556
1504802;Monte Alegre (PA);0;60012;0.3567;230284530.08;2108.4779799040193;915.2065965140306;85.63000000000001;0.5072711289714932;0.3333113282281489
1504901;Muaná (PA);0;45368;0.2489;136064595.28;1508.4301838300123;560.1431400987481;61.62;0.5091979641395828;0.21099683544303796
1504950;Nova Esperança do Piriá (PA);0;20478;0.3307;102199786.44;;;91.00000000000001;0.5229808121374386;0.1714142928535732
1504976;Nova Ipixuna (PA);0;13955;0.3629;76411419.93;1726.093663203153;1302.1810834826226;79.66;0.4984430366154837;0.34045625180479355
1505007;Nova Timboteua (PA);3;12806;0.4141;54605853.06;1563.3269764173044;899.989067624551;47.71999999999999;0.4592069279854148;0.5797726381811055
1505031;Novo Progresso (PA);3;33638;0.5481;182034106.08;1924.5077623521017;903.351532195731;47.82;0.4502263418840267;0.17707394048692515
1505064;Novo Repartimento (PA);0;60732;0.3744;297883277.85;2251.9240902654287;1029.9664274188237;80.46000000000001;0.5151182516714898;0.22213672684226102
1505106;Óbidos (PA);0;52229;0.3154;202314870.75;1894.3752503398496;676.4605954546324;72.85;0.5601457717238701;0.28236340012309374
1505205;Oeiras do Pará (PA);0;33844;0.1813;150995601.43;2338.7751908757828;629.7983125517078;94.61999999999999;0.5829007062345073;0.16531089294062645
1505304;Oriximiná (PA);0;68294;0.428;351828890.86;2221.9881299967788;1379.2272908308196;53.12;0.5632568040835947;0.22441160372194854
1505403;Ourém (PA);0;17855;0.4122;72614430.67;1421.1185292635116;950.5846317558106;77.52;0.47855250082808876;0.35466479137365214
1505437;Ourilândia do Norte (PA);0;32467;0.4258;169102935.77;2199.5618578864696;1239.1433563310438;79.73;0.497762605526595;0.19596541786743515
1505486;Pacajá (PA);0;41097;0.3914;187970309.63;2249.1227610287856;831.2670722923814;79.28999999999999;0.5190729651807496;0.20883188430748043
1505494;Palestina do Pará (PA);0;6885;0.359;37913597.88;2029.9842265795207;1473.9990689905592;98.82;0.5358019183582422;0.3702224757558471
1505502;Paragominas (PA);3;105550;0.5656;602793062.89;1922.361052581715;1541.2554297489344;49.86;0.44172323831118276;0.206409012907558
1505536;Parauapebas (PA);3;267836;0.6029;2701477098.72;2217.15910071835;2893.1740356785494;32.910000000000004;0.424258054910052;0.12888756827121714
1505551;Pau D'Arco (PA);0;6931;0.4372;43588015.86;2164.447936805656;1638.7308714471217;89.96999999999998;0.5303599028483109;0.3486805165637282
1505601;Peixe-Boi (PA);0;8285;0.4725;49817768.48;2672.822105009052;808.6372625226312;97.97;0.4637809187279152;0.5261627906976745
1505635;Piçarra (PA);0;12832;0.4249;74738341.2;2662.366560162095;1086.0089588528679;67.17;0.5032802249297095;0.2672566371681416
1505650;Placas (PA);0;18668;0.383;116051424.46;3169.024338440111;1036.451567388044;91.61;0.4821754664549424;0.23888208894328847
1505700;Ponta de Pedras (PA);0;24984;0.2963;97426973.45;1865.727060518732;693.1069616554596;66.42;0.4822901216256304;0.26285536740717724
1505809;Portel (PA);0;62503;0.2575;298921006.1;2513.281181863271;570.4865158472394;98.09;0.6234123788992494;0.13297144205805994
1505908;Porto de Moz (PA);0;40597;0.2792;215212773.55;3246.324755523807;637.9616215483902;66.66999999999999;0.5357872437012938;0.12681995385472195
1506005;Prainha (PA);0;35577;0.3196;141316391.73;;;85.66999999999999;0.5431359791802212;0.1795403165033911
1506104;Primavera (PA);0;10851;0.4925;60567846.26;1642.9856999354897;1126.8114164593126;55.839999999999996;0.5020764119601329;0.4461722488038278
1506112;Quatipuru (PA);3;11524;0.2883;50749553.41;1288.1302924331828;904.0371910794863;30.819999999999997;0.4919730709476955;0.4063656550703183
1506138;Redenção (PA);3;85597;0.5667;352401212.05;1333.7099114454945;822.7008368283936;53.940000000000005;0.44768041673008946;0.26869248466257667
1506161;Rio Maria (PA);0;18384;0.495;96825856.87;1451.9684040469974;1298.313160356832;87.02;0.4550059358923625;0.3873069498069498
1506187;Rondon do Pará (PA);0;53143;0.3983;156749454.21;1135.7418926293208;645.8506809927931;90.21999999999998;0.34335187057633976;0.3357262267676271
1506195;Rurópolis (PA);0;35769;0.4346;136760563.75;1340.503542732534;852.0813634711621;78.76999999999998;0.5521371230201779;0.249901768172888
1506203;Salinópolis (PA);3;44772;0.4842;138225863.84;1088.09771173948;715.4271962387206;46.39;0.43836540623895653;0.3361731296513905
1506302;Salvaterra (PA);0;24129;0.3076;81568210.44;1560.0920489866965;615.1844112893199;66.03;0.47641191947622835;0.3134278002699055
1506351;Santa Bárbara do Pará (PA);3;21087;0.4511;72840131.97;1309.4499634846113;1058.626013183478;9.46;0.4710149982560167;0.3333333333333333
1506401;Santa Cruz do Arari (PA);0;7445;0.282;43294775.71;1918.7120174613835;907.0623599731363;61.769999999999996;0.427065363235576;0.27972429638139
1506500;Santa Izabel do Pará (PA);3;73019;0.4405;221266597.08;1299.6946555006232;545.0643292841589;52.64000000000001;0.3821764561131197;0.3167677558207787
1506559;Santa Luzia do Pará (PA);0;20370;0.347;87025138.51;1905.3085621011294;750.9003662248405;75.45;0.48545176110260335;0.3378215434083601
1506583;Santa Maria das Barreiras (PA);0;16548;0.4366;115557000.65;2210.99871102248;1192.3154659173313;77.96000000000001;0.49350180505415164;0.29788749109897933
1506609;Santa Maria do Pará (PA);0;24624;0.4192;85114664.38;1351.8315964100066;770.0530096653671;77.57;0.4318776530790254;0.39004304697735354
1506708;Santana do Araguaia (PA);0;32413;0.49;261665694.87;3338.6830419893254;1406.442617776818;76.3;0.5026192573362385;0.24620689655172415
1506807;Santarém (PA);3;331942;0.5112;1150313257.39;1546.3141697043459;706.5118624639244;47.13000000000001;0.48034410635365893;0.2861390394765123
1506906;Santarém Novo (PA);0;6116;0.4114;56280052.99;2912.8245683453233;1282.7430068672336;35.800000000000004;0.4812303221118915;0.42335243553008595
1507003;Santo Antônio do Tauá (PA);0;27461;0.2862;107790751.66;1725.1538155930227;625.5583682313099;33.43;0.48856244579358193;0.36148036253776433
1507102;São Caetano de Odivelas (PA);0;16666;0.3946;75033933.46;2354.2472686907477;934.3268588743549;68.58;0.48498618907600466;0.4449163790814972
1507151;São Domingos do Araguaia (PA);0;21092;0.4067;105380210.63;1976.130406789304;1020.1244775270245;73.64999999999999;0.5189399395074176;0.33915629065229513
1507201;São Domingos do Capim (PA);0;30599;0.3291;150565725.31;2307.924692963822;938.0582362168698;86.10000000000001;0.5573595276872965;0.25873563218390805
1507300;São Félix do Xingu (PA);0;65418;0.4282;351350934.01;2175.2602427466445;916.8483617658749;67.64000000000001;0.44723684792708285;0.20154531946508172
1507409;São Francisco do Pará (PA);0;14894;0.3295;64176833.05;1698.2103162347255;784.9376822881698;34.42999999999999;0.4753838533927687;0.4454819277108434
1507458;São Geraldo do Araguaia (PA);0;24255;0.4382;124109869.8;2084.351811997526;1117.7188930117502;50.43;0.5204036858271172;0.2925424256577923
1507466;São João da Ponta (PA);2;4430;0.427;36854439.43;2619.224744920993;1407.3056162528217;68.82000000000001;0.5549315549315549;0.4478021978021978
1507474;São João de Pirabas (PA);0;20689;0.3279;104797386.0;1888.772483445309;1074.5322437043842;88.58;0.5123538011695906;0.4060180541624875
1507508;São João do Araguaia (PA);0;13664;0.2936;68700947.54;2242.998417740047;919.1282662470727;69.2;0.5546706109910114;0.3189935064935065
1507607;São Miguel do Guamá (PA);0;52894;0.4415;211689934.24;2156.8718709116347;851.8547608424395;68.4;0.4917367025776976;0.28859655605646295
1507706;São Sebastião da Boa Vista (PA);0;25643;0.2435;112439080.32;2056.230512810514;768.1822130795928;66.85000000000001;0.52809725284548;0.1925716592652402
1507755;Sapucaia (PA);0;5847;0.5335;50883602.73;2839.4912023259794;1461.5846793227295;88.06;0.48778625954198473;0.21637055837563451
1507805;Senador José Porfírio (PA);0;22576;0.231;96849355.75;2696.9854425053154;439.60468683557764;97.59;0.5238609517381033;0.1485866508805683
1507904;Soure (PA);3;24204;0.3513;103142075.82;1608.4170980003305;600.2154503387869;45.669999999999995;0.4803669724770642;0.3511095819714433
1507953;Tailândia (PA);0;72493;0.4573;287712271.66;2021.488437504311;702.7389594857434;62.93;0.48302033468352357;0.15040927694406547
1507961;Terra Alta (PA);0;10400;0.3089;42335145.41;1321.7962105769232;1077.7720125;94.10000000000001;0.5087770201653852;0.38836104513064135
1507979;Terra Santa (PA);0;18782;0.442;112676060.21;2107.513208923437;741.666193696092;81.91;0.5231530289514232;0.25335146687390714
1508001;Tomé-Açu (PA);0;67585;0.4357;310879537.77;2416.6776348302137;804.4816508100911;77.71999999999998;0.5291761884290789;0.2047596971101839
1508035;Tracuateua (PA);0;28595;0.2925;105427327.99;2058.0473649239375;718.9306368246197;94.56;0.5019171174956668;0.3281445448227936
1508050;Trairão (PA);0;15242;0.2982;76998587.07;1881.6358233827582;1636.0596240650832;99.44999999999999;0.5036006708099043;0.22775372775372776
1508084;Tucumã (PA);0;39550;0.4671;186773731.1;1698.9504938053099;978.094178255373;78.50999999999999;0.46606368387885977;0.2432512607534856
1508100;Tucuruí (PA);3;91306;0.4814;503783591.73;1520.8094217247499;1199.7799870764243;66.03999999999999;0.46476297425202534;0.28082585437021973
1508126;Ulianópolis (PA);0;37972;0.5971;158611086.59;1452.8106373117032;1056.0794838301906;81.38;0.37301128145791146;0.176685297136991
1508159;Uruará (PA);0;43558;0.4226;204793728.89;2430.1524505257357;874.3711107029707;79.41999999999999;0.49186560263040724;0.23588640275387263
1508209;Vigia (PA);3;50832;0.3355;138744200.01;;;65.37;0.45700527401972024;0.3988419020880856
1508308;Viseu (PA);0;58692;0.2735;240774628.94;2477.37331697676;575.4066903496217;66.91;0.5712794153080074;0.23197274984123317
1508357;Vitória do Xingu (PA);2;15607;0.4556;299517573.61;4358.449401550586;2822.456021656949;89.82;0.521001851671377;0.23179723502304148
1508407;Xinguara (PA);3;52893;0.5684;224703310.04;1504.8115597527083;994.6849768400355;41.3;0.44920269603813906;0.2605720436721513
1600055;Serra do Navio (AP);2;4673;0.434;39944506.4;2143.970573507383;1916.3069527070406;50.8;0.4741324921135647;0.15526518063028438
1600105;Amapá (AP);2;7943;0.4137;45720959.6;2041.1159070880021;1003.6019488858115;74.94;0.5703835508105971;0.20409015025041735
1600154;Pedra Branca do Amapari (AP);2;12847;0.4313;160334113.48;2592.3816789912044;2316.178433875613;53.160000000000004;0.6449423815620998;0.10678971654581411
1600204;Calçoene (AP);0;10612;0.3583;;;;56.11;0.5498758580400175;0.1670799752014879
1600212;Cutias (AP);0;4461;0.3935;;;;96.11000000000001;0.616304347826087;0.16746739876458477
1600238;Ferreira Gomes (AP);2;6666;0.3876;69584697.4;4202.418579357935;1576.199689468947;22.109999999999996;0.6140435835351089;0.17082179132040629
1600253;Itaubal (AP);0;5599;0.3235;40352296.56;2280.5994784782993;1267.176586890516;77.44000000000001;0.6309350422371104;0.1472457627118644
1600279;Laranjal do Jari (AP);0;35114;0.3683;174134024.42;2124.413969926525;1036.2366497693226;78.06;0.5005341652066151;0.20590960568310512
1600303;Macapá (AP);3;442933;0.5332;1489705973.38;920.1833001830977;585.6097189191141;42.66;0.45075529294623207;0.21924446728210217
1600402;Mazagão (AP);2;21924;0.44;235901054.58;4561.465116767014;2093.035680988871;61.080000000000005;0.5898477157360406;0.1605079183906406
1600501;Oiapoque (AP);0;27482;0.3344;100581947.05;1885.8195819081582;467.56421730587294;90.28999999999999;0.5336793347843072;0.10965421211417962
1600535;Porto Grande (AP);0;17848;0.3594;65231788.3;1734.8664825190497;1232.9738570147915;90.31000000000002;0.5556524012899852;0.18055555555555555
1600550;Pracuúba (AP);0;3803;0.3331;34910619.98;3031.785558769392;1739.4406126742047;99.01999999999998;0.675330396475771;0.14917541229385306
1600600;Santana (AP);3;107618;0.4336;525366423.25;1056.5458151982011;652.3772919957628;47.300000000000004;0.47294800377756185;0.22145634499823258
1600709;Tartarugalzinho (AP);0;12945;0.3256;52337971.56;;;79.13000000000001;0.6608929946112394;0.15648854961832062
1600808;Vitória do Jari (AP);0;11291;0.3919;79942782.75;2340.18874767514;1253.7937498892923;83.69;0.5681944444444444;0.16919119748499573
1700251;Abreulândia (TO);2;2576;0.5035;29745145.68;2354.238897515528;2210.38036878882;90.91;0.5029171528588098;0.4438860971524288
1700301;Aguiarnópolis (TO);0;4497;0.7045;33971670.18;2019.4410718256615;1589.0869446297531;47.64;0.5005005005005005;0.3824884792626728
1700350;Aliança do Tocantins (TO);0;5147;0.5302;30770699.13;1619.199580338061;1534.0295162230425;81.36999999999999;0.5036517674554485;0.6325757575757576
1700400;Almas (TO);0;6499;0.6263;38658506.39;1691.1755408524389;1331.736502538852;81.03999999999999;0.5671569809500844;0.3908929627439385
1700707;Alvorada (TO);3;8802;0.6625;50369311.01;2124.007851624631;1135.3085060213589;24.27;0.4563203176704169;0.4748663101604278
1701002;Ananás (TO);0;10325;0.5043;44446084.5;1114.1911138014527;1144.5767602905569;36.58;0.49550984936268827;0.3940505297473513
1701051;Angico (TO);2;2876;0.5686;24600012.65;1724.8381988873437;1703.5990299026428;12.53;0.5144813059505002;0.46038863976083705
1701101;Aparecida do Rio Negro (TO);0;4856;0.6263;33531237.73;2214.259406919275;1452.4415856672158;89.33;0.5342812006319115;0.47171453437771976
1701309;Aragominas (TO);0;5290;0.4524;27942945.08;1375.9756465028356;1330.751;55.78;0.5049786628733998;0.5183917878528657
1701903;Araguacema (TO);0;5927;0.4653;37138922.36;1716.9890754175806;1680.0570642820987;63.85;0.5362882322446864;0.48421807747489237
1702000;Araguaçu (TO);0;8133;0.6097;44259168.08;1337.0698930284027;973.9301979589327;87.83999999999999;0.5055534987041836;0.7176100628930817
1702109;Araguaína (TO);3;171301;0.7197;791570274.96;1214.4374359168946;1360.3953809960244;33.08;0.4373059690221678;0.3227836856932565
1702158;Araguanã (TO);3;4310;0.4446;30058953.01;1821.4200742459398;1308.2365034802785;17.99;0.513874253600281;0.3827977315689981
1702208;Araguatins (TO);0;31918;0.4926;125907217.0;1136.9257541199322;848.2611820916097;82.80000000000001;0.5013876475845525;0.3803418803418803
1702307;Arapoema (TO);0;5550;0.6097;32337238.57;1596.0153567567568;1228.1401873873874;88.78000000000002;0.4796054385497201;0.4661776691116544
1702406;Arraias (TO);0;10287;0.5503;49909214.49;1673.8722183338195;865.839772528434;91.69;0.5199468085106383;0.5894308943089431
1702554;Augustinópolis (TO);0;17484;0.5834;66503198.95;1146.4652688172043;904.3513069091741;53.769999999999996;0.49717417365987326;0.3455388180764774
1702703;Aurora do Tocantins (TO);0;3342;0.528;21756434.99;1241.3632585278276;1354.2011011370437;97.00999999999999;0.4715984147952444;0.6734375
1702901;Axixá do Tocantins (TO);0;10262;0.4558;47783974.36;2301.705475540831;942.5759920093549;31.830000000000002;0.585354549667851;0.3174547983310153
1703008;Babaçulândia (TO);0;7880;0.5083;42256625.39;1568.6583172588832;1045.3302487309645;75.6;0.5324776351614158;0.6414868105515588
1703057;Bandeirantes do Tocantins (TO);0;3407;0.5395;41412580.87;2591.061370707367;1684.2729351335486;91.65;0.4616044616044616;0.3383084577114428
1703073;Barra do Ouro (TO);0;4476;0.4241;27999176.45;1586.3277680965148;1074.3864879356568;96.7;0.551473136915078;0.3644939965694683
1703107;Barrolândia (TO);0;4846;0.5055;29468715.19;1603.224106479571;1323.156634337598;95.78;0.4680399878824599;0.5388446215139442
1703206;Bernardo Sayão (TO);0;4229;0.5782;30592948.74;2777.5007117521873;1094.6475266020334;89.93;0.48022401120056;0.4144329896907217
1703305;Bom Jesus do Tocantins (TO);0;4038;0.4871;26100042.37;1833.6571198613174;1347.4692644873699;98.05;0.5301250473664266;0.2929759704251386
1703602;Brasilândia do Tocantins (TO);2;1974;0.5704;25446674.68;2469.3276342451873;2070.4872593718337;86.37;0.5243243243243243;0.42947368421052634
1703701;Brejinho de Nazaré (TO);2;4725;0.5917;31924511.85;2190.9415873015873;1404.4102793650795;73.50000000000001;0.5476580412708811;0.5893536121673004
1703800;Buriti do Tocantins (TO);0;10307;0.4898;42922181.27;1271.6996924420298;891.2820267779178;74.00999999999999;0.545740851829634;0.3773656320968963
1703826;Cachoeirinha (TO);2;1961;0.5241;21898482.36;2091.5536664966853;2248.344533401326;86.67;0.5588235294117647;0.41448692152917505
1703842;Campos Lindos (TO);0;8653;0.4642;54804236.22;2321.6725470934934;1169.4438160175662;33.849999999999994;0.5729867296855117;0.20766283524904214
1703867;Cariri do Tocantins (TO);2;4007;0.7125;41221659.49;2677.0140753681058;2482.1027901172947;89.61;0.4264862940548238;0.48267326732673266
1703883;Carmolândia (TO);0;2201;0.55;24337887.25;2824.386787823716;1831.318496138119;56.89;0.5116758241758241;0.42994241842610365
1703891;Carrasco Bonito (TO);0;3318;0.4706;27447050.17;2028.4187130801688;1895.5498161543098;86.17;0.5621468926553672;0.32079646017699115
1703909;Caseara (TO);0;4847;0.6122;35717923.38;1696.9154404786466;1399.3811037755313;97.05;0.5001547508511297;0.38831615120274915
1704105;Centenário (TO);0;2131;0.4737;18874400.5;2201.0844157672454;1950.5460441107462;69.03999999999999;0.4666207845836201;0.5990566037735849
1704600;Chapada de Areia (TO);2;1501;;18345844.16;2968.6091805463025;2950.749207195203;84.91;0.590042372881356;0.638235294117647
1705102;Chapada da Natividade (TO);0;3117;0.6032;23841631.49;1668.424051973051;1867.1413410330445;99.40999999999998;0.5182659522649781;0.465564738292011
1705508;Colinas do Tocantins (TO);3;34233;0.6147;175892809.46;1438.9215958285865;995.8194487774954;19.220000000000002;0.4637619190148373;0.3468272693406184
1705557;Combinado (TO);0;4756;0.5173;24816090.99;1138.1878006728346;1350.669783431455;99.53999999999999;0.42565947242206237;0.4214214214214214
1705607;Conceição do Tocantins (TO);0;3887;0.4604;27176945.22;2092.9079675842554;1562.5366478003602;89.49000000000001;0.5616713539574126;0.46234309623430964
1706001;Couto Magalhães (TO);0;5331;0.517;38665658.99;1908.9311761395609;1333.6557193772276;79.84;0.5283830275229358;0.46735668789808915
1706100;Cristalândia (TO);3;6371;0.4818;38442498.88;1273.9127389734736;1768.7258625019622;79.24000000000001;0.5075721722669191;0.6731669266770671
1706258;Crixás do Tocantins (TO);2;1470;0.6041;21738811.62;3306.092721088435;3190.8018639455786;96.07000000000001;0.48335015136226034;0.5062893081761006
1706506;Darcinópolis (TO);0;5827;0.5346;28708209.44;1478.0291281963275;977.6779989703107;68.44;0.5056847545219638;0.3394934976043806
1707009;Dianópolis (TO);0;17739;0.5374;90062905.59;1426.1562855854334;1086.4866463724;87.52000000000001;0.48742243836994803;0.37066729544918653
1707108;Divinópolis do Tocantins (TO);0;7024;0.6188;40801804.4;1617.5275498291571;1388.8881221526196;75.28000000000002;0.5002135839384878;0.5257328990228013
1707207;Dois Irmãos do Tocantins (TO);0;6327;0.4934;38775740.95;1566.188792476687;1067.0806654022444;78.56000000000002;0.5190876350540216;0.6086309523809523
1707306;Dueré (TO);0;4248;0.6053;31368966.77;1444.144802259887;1968.7758945386065;92.50000000000001;0.49894142554693016;0.6384704519119351
1707405;Esperantina (TO);0;7530;0.3458;44893032.73;2516.789245683931;1279.6098645418326;54.82;0.5590062111801242;0.36639676113360325
1707553;Fátima (TO);3;3467;0.5552;27155797.36;1670.7823074704354;1524.1253562157485;22.950000000000006;0.5015158077089649;0.5137254901960784
1707652;Figueirópolis (TO);0;5211;0.5531;35763488.93;1242.207198234504;1382.2435367491844;82.59;0.5025951557093425;0.661582459485224
1707702;Filadélfia (TO);0;7712;0.4455;38300775.3;1372.9243166493777;976.0338316908714;59.71;0.5461106655974338;0.5682210708117443
1708205;Formoso do Araguaia (TO);3;18881;0.4885;84391346.9;1099.2973682538002;1297.643567078015;46.63;0.47369653449890725;0.4306930693069307
1708254;Tabocão (TO);0;3455;0.6758;30819841.43;2507.7837452966714;1753.0827293777136;99.04;0.48730090400344384;0.3412322274881517
1708304;Goianorte (TO);2;4738;0.5277;126445958.78;2350.298214436471;1664.301766568172;95.33000000000001;0.45248313917841815;0.5216494845360825
1709005;Goiatins (TO);0;12433;0.3798;56745667.04;1928.6296380600015;884.0262519102389;68.21000000000001;0.6385081707959936;0.3017195056421279
1709302;Guaraí (TO);3;24775;0.5906;113933090.19;1100.798458123108;841.4185771947527;41.11000000000001;0.4458710242194339;0.4714946070878274
1709500;Gurupi (TO);3;85125;0.7192;469059288.64;2023.0894685462554;948.6693308663729;24.68;0.4202412533159818;0.4118834080717489
1709807;Ipueiras (TO);2;1590;0.4943;20210750.81;3329.0497484276725;1936.4933773584908;11.02;0.5497076023391813;0.5887323943661972
1710508;Itacajá (TO);0;6819;0.4857;38535927.4;1400.1429285819036;1676.057998240211;62.05;0.6086341118188252;0.4246272777471011
1710706;Itaguatins (TO);0;5172;0.4352;31480253.35;2026.2775792730085;1285.3847157772623;39.9;0.5252138012385726;0.5067681895093062
1710904;Itapiratins (TO);0;3577;0.5445;29720922.75;1729.9899524741402;1680.770799552698;85.56;0.5201869953251169;0.48724179829890646
1711100;Itaporã do Tocantins (TO);0;2404;0.5704;22429992.96;1960.6792179700499;2250.2238602329453;99.14;0.4802955665024631;0.491395793499044
1711506;Jaú do Tocantins (TO);2;3334;0.5013;28737404.41;2389.4021325734852;1737.5302699460108;97.49;0.5279560036663611;0.6647398843930635
1711803;Juarina (TO);2;2243;0.526;21331140.37;2079.515657601427;1929.5074988854215;99.99;0.5186188219363574;0.4425612052730697
1711902;Lagoa da Confusão (TO);0;15288;0.4956;79533365.26;1588.2529245159603;915.6361747776033;78.74;0.48513697299397707;0.19559492458702418
1711951;Lagoa do Tocantins (TO);0;3516;0.4695;29001595.18;2317.2651734926053;1551.4013339021615;91.29;0.6032831737346102;0.2983316977428852
1712009;Lajeado (TO);2;3357;0.6185;47875045.98;3143.0370062555853;2398.530962168603;27.060000000000002;0.5335769757880311;0.4226552984165652
1712157;Lavandeira (TO);2;1626;0.4779;21839641.2;2203.7994034440344;3115.51381303813;98.46000000000001;0.5097493036211699;0.4837837837837838
1712405;Lizarda (TO);0;2999;0.4685;23566796.92;1532.8780760253417;1548.0288396132046;28.58;0.5842577918647649;0.5006784260515604
1712454;Luzinópolis (TO);0;2717;0.5894;23513398.44;1876.5379462642622;1869.7030953257267;99.08;0.5463858850313034;0.38929088277858176
1712504;Marianópolis do Tocantins (TO);0;4615;0.6236;38617751.45;2452.77492524377;1544.5296186348862;97.67999999999999;0.4824927722454224;0.37545787545787546
1712702;Mateiros (TO);0;2748;0.503;26629925.72;2134.2650836972343;2209.18365356623;97.41;0.4663820704375667;0.21388888888888888
1712801;Maurilândia do Tocantins (TO);0;3095;0.5157;29973562.0;2441.6217996768983;1837.0219935379646;96.0;0.5647118301314459;0.36053593179049936
1713205;Miracema do Tocantins (TO);3;18566;0.5504;84487965.24;1436.106581923947;962.4327792739415;70.96999999999998;0.4674359785014227;0.5029224904701398
1713304;Miranorte (TO);0;12701;0.56;61533524.08;1514.6194551610108;1090.871911660499;94.26999999999998;0.4678146307638969;0.4975952645209027
1713601;Monte do Carmo (TO);0;5694;0.4793;43357888.1;2120.9431805409204;1497.372530734106;93.47;0.5523446019629226;0.5187406296851574
1713700;Monte Santo do Tocantins (TO);0;2396;;24061349.92;2133.1901919866445;2047.7508806343908;72.33000000000001;0.5388567758509955;0.6103646833013435
1713809;Palmeiras do Tocantins (TO);0;4872;0.4814;38980640.48;2174.8592487684728;1605.6090065681444;98.96000000000001;0.5201248049921997;0.4470486111111111
1713957;Muricilândia (TO);0;3367;0.5801;27730810.71;1691.3072883872883;1465.7870775170775;98.72;0.519404332129964;0.42098765432098767
1714203;Natividade (TO);0;8754;0.5602;41525888.75;1558.6539547635368;1271.6170973269363;98.72;0.4946218200443913;0.5072840790842872
1714302;Nazaré (TO);0;4521;0.4691;28547588.24;1504.549108604291;1407.7751714222516;97.25999999999999;0.5351443123938879;0.5775775775775776
1714880;Nova Olinda (TO);0;10367;0.5257;55877778.44;1557.4351663933637;1064.9528214526865;98.78;0.5344878626406158;0.42389589905362773
1715002;Nova Rosalândia (TO);3;3362;0.5933;24997727.25;1420.7293575252825;1683.5334562760263;36.160000000000004;0.5358611238008223;0.5851351351351352
1715101;Novo Acordo (TO);0;3969;0.4927;26455455.37;1863.0189543965735;1517.1064877802974;97.82000000000001;0.5540328895849648;0.39684106614017767
1715150;Novo Alegre (TO);2;1846;0.4623;19590814.25;1790.9436403033585;2506.1738136511376;67.97;0.4959481361426256;0.6952908587257618
1715259;Novo Jardim (TO);0;2230;0.4519;19877091.53;1980.7118968609866;2019.607686098655;97.87;0.5443213296398892;0.3862433862433862
1715507;Oliveira de Fátima (TO);2;1164;0.5515;18339707.31;3029.5385567010308;2952.2219329896907;98.24;0.566621803499327;0.36688311688311687
1715705;Palmeirante (TO);0;4798;0.4119;43493159.27;2089.0024197582325;1761.5547603167988;98.44;0.49470404984423677;0.46359447004608295
1715754;Palmeirópolis (TO);0;6975;0.6791;41419748.27;1433.0272702508962;1351.9683942652327;98.14;0.4721401435204728;0.589907604832978
1716109;Paraíso do Tocantins (TO);3;52360;0.6615;208844337.55;932.3578550420168;816.6010171886936;60.419999999999995;0.4375926637746417;0.3711286992429456
1716208;Paranã (TO);0;10542;0.4018;54342720.66;1765.278461392525;1270.053249857712;58.61;0.5405523893029373;0.5159836065573771
1716307;Pau D'Arco (TO);0;4043;0.4715;26949070.04;1736.3799727924809;1234.3195498392283;63.41;0.5193536264562195;0.3669634025717112
1716505;Pedro Afonso (TO);0;14055;0.5404;72037331.36;1605.6316271789399;1092.843770188545;78.99000000000001;0.468038437434719;0.3340279845192021
1716604;Peixe (TO);0;9317;0.4924;62666800.57;1938.3616947515295;1726.0025587635505;55.88;0.5080932340563289;0.6163748712667353
1716653;Pequizeiro (TO);0;4921;0.5353;34044900.21;2195.9915647226176;1524.134295874822;99.25;0.4619726678550208;0.4559925093632959
1716703;Colméia (TO);0;8941;0.5542;35859916.93;1133.7509998881555;1115.0765753271446;95.60000000000001;0.4717695473251029;0.5825510767531751
1717008;Pindorama do Tocantins (TO);0;4478;0.4259;32268976.0;1750.1249062081286;1693.5912438588655;97.91999999999999;0.5516285516285516;0.5018867924528302
1717206;Piraquê (TO);0;2282;0.593;27014561.26;2088.0166608238387;1718.0814154250656;99.62000000000002;0.5013157894736842;0.4911937377690802
1717503;Pium (TO);0;7128;0.5375;44547655.37;1868.7557772166106;1383.9096450617283;85.5;0.546875;0.38919514884233736
1717800;Ponte Alta do Bom Jesus (TO);3;4220;0.4426;23702532.05;1332.0702061611373;1527.4951966824647;34.24;0.5284317276349149;0.6655251141552512
1717909;Ponte Alta do Tocantins (TO);0;7586;0.468;38762352.64;1158.8918085947798;1130.8962852623254;82.18;0.5371833839918946;0.4176470588235294
1718006;Porto Alegre do Tocantins (TO);0;2866;0.439;22438745.48;1775.3845115143056;1430.5235101186322;98.7;0.55930359085963;0.37986577181208053
1718204;Porto Nacional (TO);3;64418;0.6147;373712586.94;1326.046601105281;1432.028318637648;28.43;0.4815888129901792;0.34534823952711385
1718303;Praia Norte (TO);0;9044;0.4244;38833398.65;1845.4087173816895;797.294153029633;68.51;0.5609250949257854;0.26262626262626265
1718402;Presidente Kennedy (TO);0;3047;0.5345;23376793.01;1233.201083032491;1682.2733705283886;98.96000000000001;0.47769156159068865;0.576
1718451;Pugmil (TO);2;2193;0.5841;26267773.7;2804.3241176470588;2721.644760601915;98.33;0.4898097826086957;0.44779116465863456
1718501;Recursolândia (TO);0;3421;0.5006;26588574.92;2836.5363402513885;1581.9520958783983;99.42999999999999;0.5507706255666365;0.3425414364640884
1718550;Riachinho (TO);0;3960;0.4232;28371908.52;2043.1791035353535;1582.5099292929294;23.509999999999998;0.5195702225633154;0.4343220338983051
1718659;Rio da Conceição (TO);2;1768;0.5116;21298970.83;2304.864451357466;2428.8270361990953;97.71000000000001;0.5414123801220575;0.3018867924528302
1718709;Rio dos Bois (TO);0;2738;0.5386;26172352.17;2594.344704163623;1580.9718699780863;98.96000000000001;0.5194228634850167;0.4625
1718758;Rio Sono (TO);0;4841;0.4467;32110384.73;2303.8930696137163;1776.157595538112;77.10000000000001;0.566159818828858;0.5652951699463328
1718808;Sampaio (TO);0;4215;0.4431;27687794.76;1950.865005931198;1290.0164460260974;41.0;0.5271739130434783;0.29333333333333333
1718840;Sandolândia (TO);0;3723;0.4538;29550147.91;1065.5148186946012;1660.1735106097235;68.27000000000001;0.5121852152721365;0.5011904761904762
1718865;Santa Fé do Araguaia (TO);0;7216;0.4855;33298897.59;1320.8728256651884;1260.316746119734;98.86999999999999;0.5061573784178668;0.3294956140350877
1718881;Santa Maria do Tocantins (TO);0;2680;0.5666;23359877.24;2212.73572761194;1257.6344365671641;92.30000000000001;0.5581395348837209;0.44360902255639095
1718899;Santa Rita do Tocantins (TO);2;2219;0.6322;30809852.68;2915.8377467327623;2468.9160027039206;96.28;0.4598684210526316;0.4684873949579832
1718907;Santa Rosa do Tocantins (TO);0;4653;0.5334;40482554.28;2537.60013754567;1377.393169997851;40.68000000000001;0.5443079986724195;0.436077057793345
1719004;Santa Tereza do Tocantins (TO);0;2781;0.4517;20535808.13;1997.6761884214309;1578.8162028047466;97.17999999999999;0.6196854979615609;0.34513274336283184
1720002;Santa Terezinha do Tocantins (TO);0;2406;0.4779;23898299.17;2101.6005735660847;1609.2795303408145;97.60000000000001;0.55627425614489;0.4726027397260274
1720101;São Bento do Tocantins (TO);0;5654;0.4834;39455605.61;1820.9628333922885;1061.7543668199503;58.370000000000005;0.5293481200973762;0.3487250172294969
1720150;São Félix do Tocantins (TO);2;1783;0.5118;17738683.44;2230.3000729108244;2656.109383062255;98.73;0.5383951682484901;0.250501002004008
1720200;São Miguel do Tocantins (TO);0;13241;0.4477;55947470.26;1949.094813835813;794.5807408805981;93.99;0.5115296803652968;0.33244127267320844
1720259;São Salvador do Tocantins (TO);2;2385;0.5818;23756155.6;2462.4215136268344;2458.070213836478;80.41999999999999;0.5742574257425742;0.5904936014625228
1720309;São Sebastião do Tocantins (TO);0;4100;0.488;26860134.94;2022.6478512195124;1294.1310048780488;99.27;0.5230312035661219;0.31835205992509363
1720499;São Valério (TO);0;4422;0.5324;28028472.42;1730.7665490728177;1574.4984803256446;99.47999999999999;0.5521235521235521;0.6385416666666667
1720655;Silvanópolis (TO);2;5108;0.5268;39932750.29;1783.5603034455758;1690.4597004698512;86.81;0.5663906777062251;0.47996794871794873
1720804;Sítio Novo do Tocantins (TO);0;10830;0.5135;45950165.54;2152.422190212373;1196.4577460757157;51.26;0.5123586091328027;0.4014514896867838
1720853;Sucupira (TO);2;1577;0.5678;23339432.58;2603.7600380469244;3092.1519213696893;99.16000000000001;0.5340466926070039;0.5867052023121387
1720903;Taguatinga (TO);0;14011;0.5054;64613978.54;1255.2130904289486;1276.1950217686103;66.28;0.4718983086458662;0.5336292249914647
1720937;Taipas do Tocantins (TO);2;2021;0.4237;21592720.79;1905.9863631865412;1676.2794606630382;94.99000000000001;0.5678820791311094;0.4552683896620278
1720978;Talismã (TO);2;2456;0.5384;30749090.95;2827.280411237785;2439.249002442997;41.269999999999996;0.46277546158427635;0.5265225933202358
1721000;Palmas (TO);3;302692;0.7671;1906900300.76;1683.329481750426;1338.3493674758502;9.370000000000001;0.3871655156295112;0.23410315964766204
1721109;Tocantínia (TO);0;7459;0.4004;46130871.46;2035.9693189435582;1038.3011784421506;69.8;0.7014142335766423;0.1941747572815534
1721208;Tocantinópolis (TO);3;22615;0.5022;92064644.26;1164.4928795047533;1095.1856900287419;27.18;0.5269056782121396;0.3775816416593116
1721257;Tupirama (TO);0;1909;0.5689;20240678.06;2286.4213462545836;2372.3985227867997;92.71000000000001;0.5007861635220126;0.40308370044052866
1721307;Tupiratins (TO);2;1874;0.535;20517546.66;2440.2363287086446;2443.992566702241;54.57000000000001;0.5174089068825911;0.5777777777777777
1722081;Wanderlândia (TO);0;10522;0.4824;42914814.35;1196.09298897548;868.7652442501426;95.78;0.5275842044134728;0.4079814025571484
1722107;Xambioá (TO);0;10517;0.5365;60646308.01;1869.2005952267757;852.4379851668726;70.54000000000002;0.47648462726379337;0.38643790849673204
2100055;Açailândia (MA);0;106550;0.5883;514366014.24;1624.126855185359;1266.0350466447676;65.14;0.45488557540007646;0.30178578406471024
2100105;Afonso Cunha (MA);0;6144;0.4315;50089793.23;3893.055229492187;1962.5885091145835;73.98;0.5875968992248062;0.24058919803600654
2100154;Água Doce do Maranhão (MA);0;12142;0.4098;57024766.1;2720.6772961620823;784.0020169659035;62.160000000000004;0.5060778963036467;0.4049586776859504
2100204;Alcântara (MA);0;18467;0.3582;73007651.98;1914.9274256782367;637.3395510911356;68.27999999999999;0.4963941333765497;0.49123661148977604
2100303;Aldeias Altas (MA);0;23286;0.4098;130258416.1;2980.4187765180795;843.7584338228979;54.43;0.589813613709292;0.2571303841676368
2100402;Altamira do Maranhão (MA);0;6447;0.4187;39437168.59;2637.3132294090274;1262.4506313013806;51.480000000000004;0.48343304187758857;0.40441176470588236
2100436;Alto Alegre do Maranhão (MA);0;24048;0.4104;98637518.21;2247.309845309381;692.2733092149035;57.589999999999996;0.5184694070846751;0.3106145251396648
2100477;Alto Alegre do Pindaré (MA);0;25710;0.469;162187459.31;2611.7922660443405;1487.8013998444185;82.57;0.5807919331037875;0.3148663697104677
2100501;Alto Parnaíba (MA);0;11109;0.4091;63100145.85;1806.2227320190834;1431.6841659915385;60.2;0.5219893136046033;0.3448641016590187
2100550;Amapá do Maranhão (MA);0;7170;0.4377;35970458.67;2374.6815160390515;922.9728870292888;98.42;0.5479274611398963;0.23503649635036497
2100600;Amarante do Maranhão (MA);0;37085;0.2873;154708866.95;1603.934636645544;1054.1809885398409;90.92;0.6195030350670335;0.2336724932602835
2100709;Anajatuba (MA);0;25322;0.3301;107209099.05;1126.4522265223916;968.3577292472947;91.74999999999999;0.5018089081311903;0.4448428961748634
2100808;Anapurus (MA);0;13793;0.35;80094449.58;2467.989189443921;1005.1703153773653;88.47;0.49242588184375674;0.31569817866435385
2100832;Apicum-Açu (MA);0;17519;0.3109;78431469.26;2044.1004811918492;928.5816564872424;98.94999999999999;0.4808960270498732;0.2830401443391971
2100873;Araguanã (MA);0;11181;0.3183;68444718.25;2991.7112011447994;1335.1820695823271;76.52000000000001;0.5443370165745857;0.35197255574614067
2100907;Araioses (MA);0;39052;0.3247;131702844.26;1776.8409538563965;451.3220150056335;92.69999999999999;0.5117683493341592;0.4371127296445266
2100956;Arame (MA);0;25517;0.2758;103669500.31;1950.9926695928207;983.0736575616257;98.73;0.5865821053286079;0.23968462549277267
2101004;Arari (MA);0;29472;0.5314;124870685.53;1984.1878562703582;831.6950793973941;91.49000000000001;0.48085619535725055;0.42199108469539376
2101103;Axixá (MA);0;11790;0.4151;52158530.48;1732.3111119592872;1024.4254826123833;69.64999999999999;0.5007637474541752;0.4014962593516209
2101202;Bacabal (MA);0;103711;0.5313;382453969.49;1557.2321963918967;1205.1381192930355;55.8;0.4758929842037854;0.38168822046853695
2101251;Bacabeira (MA);0;16966;0.5236;101897128.51;2285.7478162206767;918.4375828126841;92.77;0.48122926488562945;0.2697535130154342
2101301;Bacuri (MA);0;16290;0.3605;85493356.33;2402.962559238797;901.7265874769797;82.50000000000001;0.5215766859704838;0.39809714571857785
2101350;Bacurituba (MA);0;5252;0.434;31674091.74;2020.156591774562;1459.5670163747143;65.50999999999999;0.5236437481868291;0.5722996515679443
2101400;Balsas (MA);3;101767;0.6197;493369997.39;2092.70750361119;1282.3435449605472;31.63;0.4534613022551666;0.22449766670523352
2101509;Barão de Grajaú (MA);0;18984;0.4822;81928029.64;1311.5645159081332;911.7215070585756;55.349999999999994;0.4668521094112193;0.4510086455331412
2101608;Barra do Corda (MA);0;84532;0.4253;294562079.74;2028.6292760138174;934.8106976056403;84.75;0.5353542692119077;0.3630057803468208
2101707;Barreirinhas (MA);0;65589;0.4107;237194179.73;1937.103209532086;548.4760461357849;63.03999999999999;0.5153874589898804;0.23052736098852603
2101731;Belágua (MA);0;8460;0.3228;69591970.34;5060.5401702127665;1479.8474822695036;98.22;0.6163546045089797;0.15132048536759457
2101772;Bela Vista do Maranhão (MA);0;11750;0.3823;76288519.09;3437.8014868085106;1242.7616323404254;22.34;0.5403775563712637;0.33010648596321396
2101806;Benedito Leite (MA);0;5469;0.3925;28699847.36;1536.8653263850797;1223.1605869445968;95.38000000000001;0.48573757131214346;0.47039473684210525
2101905;Bequimão (MA);0;19584;0.2858;74734983.27;1330.9419214665033;942.1698646854575;94.17;0.4970188044641492;0.6034525277435265
2101939;Bernardo do Mearim (MA);0;5840;0.445;47281107.53;2352.8733493150685;1628.2801061643836;35.120000000000005;0.5039917589492661;0.4528582034149963
2101970;Boa Vista do Gurupi (MA);0;7574;0.4025;44901660.53;3333.9284750462107;964.9821243728545;96.31;0.5756188891200333;0.2270509977827051
2102002;Bom Jardim (MA);0;33100;0.3198;185912100.58;2697.9516592145014;820.956335347432;54.39000000000001;0.5816887274812443;0.3154311649016641
2102036;Bom Jesus das Selvas (MA);0;28599;0.3385;153580743.4;2227.117132067555;1156.9922458827232;96.60000000000001;0.5774407060121346;0.22630900784819022
2102077;Bom Lugar (MA);0;12212;0.4283;62386918.1;2060.233808548968;1545.2840886013755;29.549999999999997;0.48383961117861485;0.42062076346771315
2102101;Brejo (MA);0;34120;0.3888;135960159.92;1949.2334296600236;812.4124405041032;74.64;0.532381209018234;0.3750144994780188
2102150;Brejo de Areia (MA);0;9218;0.3273;41425857.43;1929.8561759600782;714.659732045997;28.22;0.5062091503267974;0.2717569786535304
2102200;Buriti (MA);0;29685;0.3685;138437175.4;3060.949825501095;871.1703439447532;99.37;0.5959677419354839;0.2803187803187803
2102309;Buriti Bravo (MA);0;22455;0.4043;90028843.78;1866.6571235804943;801.378772656424;88.98999999999998;0.5750157817212598;0.41223083548664946
2102325;Buriticupu (MA);0;55499;0.4013;272517069.27;2058.360139822339;1037.6399627020307;67.96000000000001;0.5531581451319508;0.2592215072943875
2102358;Buritirana (MA);0;12918;0.3429;57397449.59;1845.8380244619912;969.052360272488;97.91999999999999;0.5726807888970051;0.4147368421052632
2102374;Cachoeira Grande (MA);0;9732;0.3281;46830702.12;2234.5779747225647;468.1203431976983;93.99999999999999;0.5621187800963082;0.24937566892615054
2102408;Cajapió (MA);0;10121;0.2974;42678314.62;1709.1059233277344;1002.1269439778679;98.82000000000002;0.4851063829787234;0.3943483762125685
2102507;Cajari (MA);0;16412;0.2788;75464994.15;2433.6161253960518;908.6943206190592;96.44999999999999;0.5703760405702804;0.3138637866431563
2102556;Campestre do Maranhão (MA);0;12301;0.5047;64266061.83;1951.5414746768556;1318.8173286724655;39.24999999999999;0.49574416342412453;0.3206997084548105
2102606;Cândido Mendes (MA);0;19932;0.315;93951037.41;2716.6891435882003;832.5276916516154;98.77999999999999;0.535593220338983;0.28218369605311694
2102705;Cantanhede (MA);0;24303;0.4056;97975377.81;1936.6023704892398;788.6646175369295;77.65;0.47344488905056387;0.29760717846460616
2102754;Capinzal do Norte (MA);0;11374;0.449;67582198.96;2000.6346632671004;1460.5291454193775;97.99000000000001;0.5246648793565684;0.40437746681019016
2102804;Carolina (MA);0;24062;0.3773;123194611.34;2527.8643263236636;933.2684884880725;72.8;0.5336860220536682;0.4645793248207102
2102903;Carutapera (MA);0;24238;0.4226;100803897.6;2017.2734528426438;581.7356254641472;93.73;0.5095914299950174;0.26382452888476987
2103000;Caxias (MA);0;156973;0.4781;668394932.93;1537.454089939034;1242.3677528619571;52.61;0.4957929542704135;0.4184455167525422
2103109;Cedral (MA);0;10208;0.3683;43757592.98;1675.1208346394985;1066.1199755094042;25.1;0.4578691802342188;0.5079962370649106
2103125;Central do Maranhão (MA);0;7094;0.3601;43243805.26;3243.991413870877;1009.6896236255992;98.72999999999999;0.5608360836083608;0.3711672942442173
2103158;Centro do Guilherme (MA);0;12342;0.4125;82647753.54;4677.244229460379;1018.0694660508831;24.8;0.6016091357383857;0.18446601941747573
2103174;Centro Novo do Maranhão (MA);0;16267;0.4125;93867871.04;3225.5674322247496;1018.7355117722998;98.13;0.5762596899224807;0.19441654950793333
2103208;Chapadinha (MA);0;81386;0.4711;323986122.55;1814.8547984911409;780.2381816282899;81.29;0.5295245254651382;0.32680354115652666
2103257;Cidelândia (MA);0;12878;0.3365;107068024.91;2522.703870166175;1318.5458976549153;27.129999999999995;0.5272770398481973;0.3924209207641716
2103307;Codó (MA);0;114275;0.4668;384750716.97;1847.079499540582;840.9657788667688;46.74;0.5378352554872222;0.3900733887516956
2103406;Coelho Neto (MA);0;41658;0.4691;198340677.31;2169.59286043497;1122.9895021364443;56.88000000000001;0.534025629695095;0.39081231418432916
2103505;Colinas (MA);0;40316;0.4874;157306836.7;1563.630115586864;1213.4165202401032;89.11;0.5101322245945237;0.337819253438114
2103554;Conceição do Lago-Açu (MA);0;14915;0.3104;82157392.02;2495.672018102581;825.7432531009051;51.94;0.5441557097007972;0.24520255863539445
2103604;Coroatá (MA);0;59566;0.5222;239045413.87;1962.1275245945674;694.7991903099083;51.48;0.5245188370188371;0.3850104750963033
2103703;Cururupu (MA);0;31558;0.4038;111375548.07;1705.574555421763;795.2161407567019;64.94;0.5092300334768054;0.4852838610684893
2103752;Davinópolis (MA);0;14404;0.5036;71130373.49;1938.1411406553736;1000.8046875867815;58.28;0.4980759230369215;0.3433380084151473
2103802;Dom Pedro (MA);0;23053;0.4751;74371287.83;1370.2763354010324;876.7174389450397;56.71999999999999;0.4952004150992347;0.4175640549572967
2103901;Duque Bacelar (MA);0;10223;0.4015;63714080.76;2668.9179966741663;1345.4891607160325;98.37;0.5308475591494459;0.32276119402985076
2104008;Esperantinópolis (MA);0;18311;0.4365;75884560.6;1780.665497242095;1052.1623991043637;13.92;0.5070781893004115;0.44726333098426124
2104057;Estreito (MA);0;33294;0.4155;151652549.56;1107.3214789451554;931.9582405238181;83.69000000000001;0.49602336553583465;0.31636060100166946
2104073;Feira Nova do Maranhão (MA);0;8048;0.3619;39474364.92;2037.185397614314;1327.765625;97.96;0.5196374622356495;0.40050890585241733
2104081;Fernando Falcão (MA);0;10873;0.2604;50973650.43;1842.4869143750573;1213.7864370458935;93.25;0.6156017830609213;0.17698863636363638
2104099;Formosa da Serra Negra (MA);0;17719;0.3693;81544713.02;1804.698260059823;1040.7626587279192;99.09;0.4918750526227162;0.323516085183507
2104107;Fortaleza dos Nogueiras (MA);0;12640;0.4656;58674992.81;2137.579536392405;1153.6088726265823;87.14;0.4851368816825285;0.34014930217461864
2104206;Fortuna (MA);0;16976;0.397;81503848.02;2335.2494992931197;1197.2857787464654;90.96000000000001;0.5993970228000753;0.394563787812363
2104305;Godofredo Viana (MA);0;10186;0.4151;92511929.2;2171.2017416061262;1513.3807628117022;97.16;0.5001472754050074;0.2371584699453552
2104404;Gonçalves Dias (MA);0;17206;0.4411;71191477.48;1570.4138544693712;1238.6222637452054;90.53999999999999;0.5484161267098632;0.42883939038686986
2104503;Governador Archer (MA);0;10231;0.3849;47338320.27;2260.853940963738;1419.2396227152772;96.59;0.5215645449137418;0.4384741591468417
2104552;Governador Edison Lobão (MA);0;18411;0.4688;80283252.16;2020.133682037912;949.0309239041877;36.52;0.5117004680187207;0.32567538821527336
2104602;Governador Eugênio Barros (MA);0;13930;0.3761;66533797.32;2331.561323761666;1205.4331873653985;99.39;0.5593865442740401;0.4342709529276693
2104628;Governador Luiz Rocha (MA);0;7063;0.4107;37205212.57;2050.6717343904857;1174.0340761715984;99.59;0.5166416147734593;0.3964016250725479
2104651;Governador Newton Bello (MA);0;10713;0.3652;55667618.35;2671.377156725474;883.7457546905629;41.98;0.4737928188196451;0.2731977818853974
2104677;Governador Nunes Freire (MA);0;23128;0.3919;116865795.63;2300.248369941197;1325.1767126426842;82.33;0.5264999009966339;0.26118577075098814
2104701;Graça Aranha (MA);0;6023;0.3709;31929514.02;1934.9869998339695;1244.2435812717915;98.44;0.5559287005941617;0.500697350069735
2104800;Grajaú (MA);0;73872;0.4177;301177590.22;2288.9275138076673;776.6862314544076;88.21000000000001;0.5538914598233067;0.2400866534802675
2104909;Guimarães (MA);0;10290;0.3764;49095493.08;2012.9832555879493;1292.1880485908648;66.07;0.5152407598291857;0.6244196843082637
2105005;Humberto de Campos (MA);0;25680;0.292;113068904.19;2392.070614485981;747.2481164330218;78.94;0.5562693170110903;0.26886922864252144
2105104;Icatu (MA);0;24794;0.3587;104648517.22;2075.6186274905217;955.6837646204727;85.17999999999999;0.5196126501593528;0.32489451476793246
2105153;Igarapé do Meio (MA);0;13974;0.3722;106528662.82;4371.122662802348;1120.354049663661;73.46;0.5622135271101174;0.2661127895266868
2105203;Igarapé Grande (MA);0;10231;0.4058;60663366.56;2214.440245332812;1638.882929332421;67.94;0.49444931346771837;0.5037760995113283
2105302;Imperatriz (MA);3;273110;0.6521;1080412139.74;1341.0371288857968;1059.3299998169236;16.42;0.4242504836850806;0.3528394445830215
2105351;Itaipava do Grajaú (MA);0;13828;0.2842;69104633.89;2445.0432571593865;1233.9760789702057;56.779999999999994;0.6039902563507714;0.23681710213776722
2105401;Itapecuru Mirim (MA);0;60440;0.4434;237315056.59;2034.3734354731969;720.3239123097287;74.03999999999999;0.5237615025841422;0.3040612642018706
2105427;Itinga do Maranhão (MA);0;22513;0.4745;110317375.47;2148.66441478257;1112.2850304268645;85.75;0.4771340463224198;0.3516728624535316
2105450;Jatobá (MA);0;7471;0.2396;40929825.89;2355.1193120064245;1598.2891018605276;93.42;0.5056428859330915;0.3374200426439232
2105476;Jenipapo dos Vieiras (MA);0;17076;0.188;69954822.81;2022.2462784024362;1355.3676147809792;89.55999999999999;0.6802125356686017;0.16892120392289484
2105500;João Lisboa (MA);0;24709;0.4164;105810941.65;2368.0204569185316;811.8883710388926;57.10000000000001;0.5027977131735799;0.3766860949208993
2105609;Joselândia (MA);0;14924;0.351;65337498.02;1735.3231231573304;973.5998552666846;77.63000000000001;0.5594566353187043;0.36546799285896453
2105658;Junco do Maranhão (MA);0;5146;0.4745;31284196.54;2681.762739992227;1660.1406490478043;98.60999999999999;0.5843596059113301;0.3116793365583967
2105708;Lago da Pedra (MA);0;44403;0.4204;184025043.42;1553.1204729410174;1132.8593345044253;71.14999999999999;0.5101520253035404;0.3652498407208519
2105807;Lago do Junco (MA);0;9506;0.3823;53536318.15;2741.0617999158426;1013.5070134651799;46.470000000000006;0.4899686520376176;0.39928379588182633
2105906;Lago Verde (MA);0;14769;0.3172;65572416.02;2281.36816575259;751.0553896675469;57.47;0.5474643755238894;0.32412569690826154
2105922;Lagoa do Mato (MA);0;10572;0.4443;45055478.73;1818.1282898221718;820.0548458191449;70.47;0.505125284738041;0.39630066902794175
2105948;Lago dos Rodrigues (MA);0;8758;0.5064;43980232.98;2181.795034254396;1250.6349120803836;93.38999999999999;0.49250170415814587;0.48205128205128206
2105963;Lagoa Grande do Maranhão (MA);0;11411;0.2772;50209411.05;1597.1242774515817;965.6942038384016;97.78;0.557815699658703;0.25452870739944733
2105989;Lajeado Novo (MA);0;7057;0.4403;38437760.08;2367.126382315432;895.5255760238061;31.970000000000002;0.5218891524692689;0.4037122969837587
2106003;Lima Campos (MA);0;11297;0.4122;84373857.88;2331.759966362751;1629.3409958396035;42.42;0.5117088184129533;0.4770181537273078
2106102;Loreto (MA);0;11597;0.5187;58474158.02;1671.9945287574374;1310.152591187376;19.57;0.5006469979296067;0.39473684210526316
2106201;Luís Domingues (MA);0;7161;0.4062;36207037.01;2366.0853218824186;873.5867769864544;97.64;0.4968645484949833;0.31689750692520774
2106300;Magalhães de Almeida (MA);0;13807;0.4323;89728500.88;3462.1472347360036;1285.4525066995002;96.88;0.5083023814725803;0.42861529014430455
2106326;Maracaçumé (MA);0;21149;0.3967;89333056.66;2451.338442952386;693.531748073195;91.44999999999999;0.5889556724267468;0.2267605633802817
2106359;Marajá do Sena (MA);0;7027;0.3326;40821974.48;2605.749259997154;1123.468137185143;83.69000000000001;0.5296038310840226;0.17706821480406387
2106375;Maranhãozinho (MA);0;13761;0.3644;87574481.78;4256.5812978707945;1140.0314264951676;96.69000000000001;0.5967741935483871;0.2104024476347376
2106409;Mata Roma (MA);0;17090;0.3775;81571816.54;2245.221649502633;1228.7412744294909;86.26;0.5496916938701487;0.31297379250595625
2106508;Matinha (MA);0;22034;0.3549;93295812.09;1922.4604933284922;1030.3931469547063;96.94000000000001;0.5253721010730357;0.37208461399385284
2106607;Matões (MA);0;32174;0.4145;143046703.16;2282.4109532541806;904.6996652576615;76.00999999999999;0.5736085297857771;0.3528665359326335
2106631;Matões do Norte (MA);0;17432;0.3848;65573204.09;1413.50545720514;687.3947573428178;87.04;0.42920390259899976;0.214899048503133
2106672;Milagres do Maranhão (MA);0;8818;0.3658;44231614.12;2527.993696983443;836.6975844862781;99.36;0.5519183386131644;0.33560477001703576
2106706;Mirador (MA);0;21030;0.3141;87928051.46;1754.8612929148835;1431.687166428911;94.81;0.5259033521985198;0.37324744221295947
2106755;Miranda do Norte (MA);0;23864;0.4426;118086381.26;2054.0435132417033;1228.621780925243;71.34000000000002;0.41550507147517646;0.3135195949746859
2106805;Mirinzal (MA);0;13978;0.2886;54921787.22;1818.3370804120761;761.5644956359994;35.81000000000001;0.503657487091222;0.4064283568639231
2106904;Monção (MA);0;27751;0.292;157306836.7;2350.2288112140104;1790.057130553854;82.44000000000001;0.5876766405400766;0.29061439879381834
2107001;Montes Altos (MA);0;9106;0.3462;39263253.58;1480.1247693828245;1170.1757379749615;22.09;0.5481128867732064;0.39869848156182214
2107100;Morros (MA);0;18554;0.3883;81707127.84;2440.6762310014014;877.6347493801876;88.71000000000001;0.533768702984211;0.27861386138613864
2107209;Nina Rodrigues (MA);0;14176;0.3593;67773321.0;2359.0339418735894;1208.9620908577879;97.39999999999999;0.47944061782508873;0.21598729486500795
2107258;Nova Colinas (MA);0;5021;0.3667;32233372.84;2078.349940250946;1524.9563652658833;98.64;0.5219763564716581;0.3623417721518987
2107308;Nova Iorque (MA);0;4320;0.4706;30617070.4;2119.5416203703708;841.2490300925926;58.91;0.5539568345323741;0.5876288659793815
2107357;Nova Olinda do Maranhão (MA);0;14314;0.3293;91905003.77;3480.9159955288524;1150.8110122956546;79.21;0.5279675491033304;0.3602860286028603
2107407;Olho d'Água das Cunhãs (MA);0;17919;0.3368;96437755.43;2887.8326692337737;1118.4249690272898;50.760000000000005;0.4603911980440098;0.45893595041322316
2107456;Olinda Nova do Maranhão (MA);0;13577;0.3752;59578588.79;2201.892999926346;1164.7203019812919;94.25999999999999;0.500552608311229;0.35032796660703636
2107506;Paço do Lumiar (MA);3;145643;0.5172;468549918.2;1141.2566912244324;514.7358533537486;15.049999999999999;0.4092483647482293;0.28073522286821706
2107605;Palmeirândia (MA);0;21059;0.3298;84010020.61;1920.4970155278027;953.2653654019658;68.96000000000001;0.5103636233235315;0.35723822239176045
2107704;Paraibano (MA);0;18274;0.3379;76635281.91;1904.9377864725839;1045.647176863303;95.43;0.5397708122682845;0.4519492293744334
2107803;Parnarama (MA);0;31250;0.4408;166385177.66;2566.2735382399997;1034.38989216;57.18;0.5720897474595029;0.37692214553820075
2107902;Passagem Franca (MA);0;17220;0.3818;80661457.13;1945.8826010452963;1122.5101527293843;93.17000000000002;0.5531703797240011;0.3986316989737742
2108009;Pastos Bons (MA);0;18802;0.472;108484372.49;2894.9849978725665;1434.814709605361;96.33;0.5232925544843231;0.38426918131161597
2108058;Paulino Neves (MA);0;17056;0.3942;91102432.45;2466.456514423077;953.3832756801125;92.49000000000001;0.5637663885578069;0.26159212146081245
2108108;Paulo Ramos (MA);0;20341;0.2964;102296779.11;2473.7890403618308;1008.79765203284;69.17999999999999;0.5250412355675513;0.3413139245355296
2108207;Pedreiras (MA);3;37050;0.5742;157620408.67;1325.6968032388666;1267.7566869095817;50.2;0.4697715011107585;0.5160670848802971
2108256;Pedro do Rosário (MA);0;24320;0.3058;146393500.82;3318.9997524671053;1139.590478618421;89.38;0.586328354314787;0.2637424434134683
2108306;Penalva (MA);0;32511;0.3692;137743946.56;2010.955109040017;736.4677709083079;91.66;0.601605990442879;0.3118487485229348
2108405;Peri Mirim (MA);0;11108;0.4003;51266314.66;1876.3321876125312;1232.9136289160965;91.96999999999998;0.48067182084777393;0.5266723116003387
2108454;Peritoró (MA);0;20479;0.3949;;;;83.4;0.5404693846848202;0.34449850299401197
2108504;Pindaré-Mirim (MA);0;31429;0.4626;165064748.3;2807.1856167870437;781.5166794998249;33.059999999999995;0.5222066159732649;0.34254762794172583
2108603;Pinheiro (MA);0;84621;0.4591;274259957.96;1499.1677177060067;808.9850621004242;81.74000000000001;0.4808897133457002;0.3759451204246157
2108702;Pio XII (MA);0;21886;0.3589;128867741.3;3296.323755825642;931.7708955496664;51.64999999999999;0.5098999655053467;0.36365313653136533
2108801;Pirapemas (MA);0;17714;0.4152;85289325.66;2308.879811448572;892.988455458959;88.89000000000001;0.45125348189415043;0.3272289156626506
2108900;Poção de Pedras (MA);0;17161;0.3391;81468961.53;1939.22120855428;1095.4847590466757;38.01;0.5010058602291612;0.5443515772445403
2109007;Porto Franco (MA);0;23903;0.5714;139036521.34;2307.618330335104;1479.8083801196503;77.54;0.48116247366464243;0.3490271021542738
2109056;Porto Rico do Maranhão (MA);0;5954;0.422;37406846.91;2134.37857742694;1350.377465569365;11.1;0.5231517012023535;0.5646518745218057
2109106;Presidente Dutra (MA);0;45155;0.5912;165457556.27;1506.2336540803897;859.9104309600265;71.27;0.47894012838988603;0.37343852728468113
2109205;Presidente Juscelino (MA);0;11356;0.3457;54095466.47;2351.823529411765;1018.4474189855582;85.38;0.5481935923653715;0.2399013259327783
2109239;Presidente Médici (MA);0;4696;0.4234;38187022.63;3726.935323679728;1679.0145208688245;98.77;0.5192494338401812;0.3920208152645273
2109270;Presidente Sarney (MA);0;17511;0.2911;92136388.32;3104.64986694078;767.5226280623608;88.80999999999999;0.6099108209984371;0.2824279914942973
2109304;Presidente Vargas (MA);0;10549;0.3616;60365248.09;3063.4491819129776;1010.9847009195183;93.38000000000001;0.5761243089795308;0.2531686707832304
2109403;Primeira Cruz (MA);0;13614;0.2868;84877473.19;2584.476558689584;795.5419531364772;92.49;0.5576659038901601;0.27092568448500653
2109452;Raposa (MA);0;30839;0.4651;110686369.27;1469.8239621907326;764.0878630954311;62.519999999999996;0.4491330294629012;0.22318914768364473
2109502;Riachão (MA);0;22145;0.3329;102208994.26;1668.4212571686612;1084.056451569203;79.83;0.5341184620713544;0.42513863216266173
2109551;Ribamar Fiquene (MA);0;7420;0.4419;38967745.51;2049.848424528302;1001.0011455525606;85.58000000000001;0.5422988983579298;0.3796932839767319
2109601;Rosário (MA);0;38475;0.4488;160133235.1;2179.3379877842754;808.4417788174139;59.59;0.4847186848807594;0.3412706887346503
2109700;Sambaíba (MA);0;5568;0.4723;46079351.28;1839.2308207614944;1861.0817690373563;81.59;0.5242266630166986;0.4185185185185185
2109759;Santa Filomena do Maranhão (MA);0;6697;0.4213;34241719.33;1711.1830312080035;1173.4826340152306;87.95;0.5029174147217235;0.3363148479427549
2109809;Santa Helena (MA);0;41561;0.4134;161914525.19;2147.7556249849617;757.6168299607806;88.05;0.5218235078725741;0.3317446967573124
2109908;Santa Inês (MA);3;85014;0.5355;311192860.02;1727.1503753499424;1084.5873502011434;30.62;0.47709147771696636;0.3723324503973212
2110005;Santa Luzia (MA);0;57635;0.4111;274428034.37;2414.055305109742;930.4543426737225;79.21000000000001;0.5705215543081367;0.319863834079304
2110039;Santa Luzia do Paruá (MA);0;24307;0.4601;97446575.5;1627.8636738388118;716.8134467437363;95.15;0.49443590531816783;0.353644167648544
2110104;Santa Quitéria do Maranhão (MA);0;23957;0.3509;97842073.35;2777.993848562007;560.0571786951622;53.949999999999996;0.533248;0.3519389907512575
2110203;Santa Rita (MA);0;37035;0.3424;145931951.0;2038.3214861617391;782.2713762656947;94.87;0.5082467929138669;0.28819157720891825
2110237;Santana do Maranhão (MA);0;10567;0.392;54474205.93;2219.4606245859754;1058.4230803444686;88.32;0.5710674992566162;0.3630234208658623
2110278;Santo Amaro do Maranhão (MA);0;13949;0.3032;62913749.17;1979.2968205606135;1013.0190816545988;47.64000000000001;0.5504056907858175;0.24829846231409125
2110302;Santo Antônio dos Lopes (MA);0;14304;0.4007;154368083.82;3102.7160465604024;2052.7073972315434;69.44;0.49576492732406147;0.40640759418570155
2110401;São Benedito do Rio Preto (MA);0;18364;0.3582;85321523.26;2449.9063373992594;949.0820616423438;90.0;0.58364953432218;0.2752967778405879
2110500;São Bento (MA);0;46395;0.4213;154787373.56;1752.2967227071883;666.354080181054;95.27;0.5209480723839497;0.33886595332378466
2110609;São Bernardo (MA);0;26943;0.378;144400506.98;3372.683663289166;1039.5195831941505;68.21;0.5087355806921268;0.3865995115995116
2110658;São Domingos do Azeitão (MA);0;7992;0.3638;41761229.68;1946.2745820820821;1181.2114064064065;80.13000000000001;0.5301550832854681;0.3098391674550615
2110708;São Domingos do Maranhão (MA);0;34034;0.4825;146501051.0;1903.1420364929188;1044.0060874419698;84.69;0.5221610984391073;0.372560545497296
2110807;São Félix de Balsas (MA);0;4402;0.3414;27767220.44;1680.466288050886;1323.4573057701043;96.12;0.5252945252945252;0.526686807653575
2110856;São Francisco do Brejão (MA);0;9051;0.3886;47584512.84;2110.3346724118883;1030.9800243067064;87.51;0.5214321734745335;0.35517693315858456
2110906;São Francisco do Maranhão (MA);0;12064;0.4265;62182586.05;2355.802863892573;1311.3281117374006;98.35;0.537990821009689;0.5168943206326384
2111003;São João Batista (MA);0;18544;0.2637;74107922.72;2035.140119715272;909.6193620578084;87.12;0.490914938092941;0.4681413801394566
2111029;São João do Carú (MA);0;12251;0.2794;70982687.32;2561.2786001142763;1302.0654771039099;94.86;0.5646232439335888;0.23941687692738997
2111052;São João do Paraíso (MA);0;9904;0.4562;56852992.87;2593.9366387318255;937.5624373990307;98.73;0.5069993913572732;0.428204029147021
2111078;São João do Soter (MA);0;16889;0.3861;90196428.69;2471.210467167979;1271.675709041388;51.400000000000006;0.5892537875223487;0.3645674438875572
2111102;São João dos Patos (MA);0;25020;0.5395;108645777.03;1845.7115719424462;1085.625211031175;93.78999999999999;0.5065028901734104;0.5018746652383503
2111201;São José de Ribamar (MA);3;244579;0.5607;683838536.84;1366.1950539089619;720.2014321344024;20.81;0.39089414989507687;0.24768110943711313
2111250;São José dos Basílios (MA);0;6957;0.371;36026662.23;1980.158818456231;1389.2529711082364;98.9;0.5446269982238011;0.43450292397660817
2111300;São Luís (MA);3;1037775;0.6577;4887326214.36;884.4173763966178;1234.1154603165426;16.759999999999998;0.38886472495720753;0.4387561585501721
2111409;São Luís Gonzaga do Maranhão (MA);0;17818;0.3442;100952028.21;2626.471457514873;1145.4316595577507;40.559999999999995;0.5070625052863064;0.41893491124260357
2111508;São Mateus do Maranhão (MA);0;38829;0.4701;151474993.15;1802.8770504004742;1022.4430889283782;72.78;0.5240805432350748;0.3826240033136585
2111532;São Pedro da Água Branca (MA);0;14338;0.3091;69765478.41;1725.1087327381783;1063.7852392244386;95.78;0.5380819566616606;0.30863553352465434
2111573;São Pedro dos Crentes (MA);0;5783;0.386;30521591.67;1587.0865329413798;1412.1681013314887;92.40000000000002;0.44575;0.3100661278471712
2111607;São Raimundo das Mangabeiras (MA);0;18672;0.503;99892139.68;1906.8951826263926;1358.0118503641816;83.21;0.5061708477857546;0.3932060390763766
2111631;São Raimundo do Doca Bezerra (MA);0;5650;0.2952;34868721.74;1932.3848123893804;1466.8298902654867;86.17000000000002;0.4923402007395668;0.3410071942446043
2111672;São Roberto (MA);0;4544;0.3607;33483796.53;2462.98234375;1303.5104093309858;66.6;0.4952286936492267;0.3224956063268893
2111706;São Vicente Ferrer (MA);0;19498;0.308;75556360.18;1693.7220930351832;989.0363037234589;83.63000000000001;0.504011107682814;0.4332090370695328
2111722;Satubinha (MA);0;8784;0.3374;69175964.26;4347.615577185792;1424.0945901639345;80.66;0.4862944162436548;0.31232876712328766
2111748;Senador Alexandre Costa (MA);0;10207;0.3577;50644411.23;2535.4760321348094;1186.4667561477418;99.52000000000001;0.5722427603203943;0.3553447646844217
2111763;Senador La Rocque (MA);0;14700;0.4352;67869570.77;2356.2424523809523;893.0507877551021;73.48;0.5472055573097568;0.4421636615811373
2111789;Serrano do Maranhão (MA);0;10202;0.326;73231401.87;4447.982393648304;1356.0238100372476;61.4;0.5630458097134978;0.34714076246334313
2111805;Sítio Novo (MA);0;17074;0.3942;85636966.51;2205.787087970013;1000.027583460232;87.13;0.5251451540866459;0.355545307816463
2111904;Sucupira do Norte (MA);0;10238;0.3866;48302647.57;1900.4206231685876;1196.1495956241454;89.18999999999998;0.5269202087994034;0.41887550200803214
2111953;Sucupira do Riachão (MA);0;4985;0.3471;30184763.13;2033.238475426279;1460.3671755265798;35.38;0.5381055229867325;0.511265164644714
2112001;Tasso Fragoso (MA);0;8862;0.5405;74147639.48;2357.70339426766;1683.232310990747;62.2;0.5536465638148668;0.2826969943135662
2112100;Timbiras (MA);0;26484;0.3754;106450044.5;1811.2816058752453;729.0121782963299;71.07;0.5612804338855155;0.32309616453585327
2112209;Timon (MA);3;174465;0.5043;600204588.83;1305.960081334365;773.7469953858939;47.4;0.4600925608214982;0.3304615086759759
2112233;Trizidela do Vale (MA);0;22484;0.4195;120210757.39;1859.6593902330544;1329.2264098914784;39.279999999999994;0.48428835489833644;0.4034819207958676
2112274;Tufilândia (MA);0;5507;0.4193;44028062.44;3303.760268748865;1553.5504158343927;82.0;0.5747783814698313;0.35536075522589344
2112308;Tuntum (MA);0;36251;0.4176;156205303.1;1831.991838845825;1602.1622200766876;85.42000000000002;0.5185573056300268;0.4218929473926028
2112407;Turiaçu (MA);0;37491;0.3058;144209316.7;2335.4221365127632;642.9632333093275;99.44;0.5386604284658951;0.2585099242496884
2112456;Turilândia (MA);0;31638;0.3298;113173176.86;2101.9399165560403;794.4841706176117;96.36;0.5474688187820983;0.19967845659163988
2112506;Tutóia (MA);0;53356;0.3847;208208953.55;2718.4847719094387;630.8440336606942;91.08999999999999;0.5311943982092636;0.2889972144846797
2112605;Urbano Santos (MA);0;32812;0.3692;146011993.93;2595.2818023893697;956.4964653175667;90.43;0.5522755227552275;0.21972625639954027
2112704;Vargem Grande (MA);0;43261;0.5077;214418693.74;2860.909622523751;900.9653593305748;87.14999999999999;0.5714130039956411;0.28060892217518724
2112803;Viana (MA);0;51442;0.4513;189986876.53;1717.5883177170404;722.9001438513278;70.55000000000001;0.5450831981738451;0.33441176470588235
2112852;Vila Nova dos Martírios (MA);0;10362;0.483;70563844.21;2531.1614977803515;1767.9654255935145;95.65;0.5465671641791044;0.31066571224051537
2112902;Vitória do Mearim (MA);0;30805;0.4153;134085689.52;1781.4454286641778;1055.341509170589;98.13000000000001;0.5296951037838912;0.37479056579456116
2113009;Vitorino Freire (MA);0;30845;0.4004;154073745.01;1920.726181552926;1125.4910688928514;83.68999999999998;0.4967488354037267;0.4396006187596681
2114007;Zé Doca (MA);0;40801;0.4458;272789869.91;3876.3129616921146;1116.6923957746135;71.88;0.5222549714584188;0.3746440145340273
2200053;Acauã (PI);0;6420;0.4069;28362193.73;1561.155437694704;1096.4404719626168;97.69000000000001;0.4479025710419486;0.550351288056206
2200103;Agricolândia (PI);0;4940;0.4098;29561199.03;1744.7001740890687;1509.258068825911;89.77999999999999;0.5389408099688473;0.758130081300813
2200202;Água Branca (PI);3;17573;0.5602;77825351.22;1436.3610954304897;1253.3522665452685;33.900000000000006;0.4977414131083269;0.5168831168831168
2200251;Alagoinha do Piauí (PI);0;6819;0.3497;27302545.75;1150.7376638803344;1034.8065464144302;71.74;0.4343710559528818;0.7222685571309424
2200277;Alegrete do Piauí (PI);0;4634;0.4967;26408151.68;1916.3994583513163;1214.4309905049633;95.80000000000001;0.4678492239467849;0.5369406867845994
2200301;Alto Longá (PI);0;13479;0.5063;52620911.7;1550.162627791379;1037.4387877438978;93.88;0.4744038503609713;0.727200318598168
2200400;Altos (PI);0;47453;0.505;166276474.47;1671.8304071396963;790.1720190504288;22.630000000000003;0.4621618290503482;0.47424808334971497
2200459;Alvorada do Gurguéia (PI);0;5322;0.4132;31169217.26;2478.0412495302517;1223.3196993611425;68.86999999999999;0.5008460236886633;0.4095238095238095
2200509;Amarante (PI);0;17234;0.4099;84362910.59;2526.4185081815017;987.2995346408262;41.7;0.5779161325764512;0.5283292978208233
2200608;Angical do Piauí (PI);0;6827;0.4747;35274291.68;1312.19145305405;1483.6937673941702;87.9;0.5124058484714222;0.7861003861003861
2200707;Anísio de Abreu (PI);0;9407;0.4929;39003979.99;1751.3818358669075;1058.596557882428;67.03999999999999;0.4929376289477861;0.450046685340803
2200806;Antônio Almeida (PI);0;3152;0.555;29547195.69;2103.6354822335024;1644.7886262690356;64.13;0.5619425173439049;0.5728155339805825
2200905;Aroazes (PI);0;5369;0.4958;31252235.28;1522.49063326504;1685.9266567330976;64.84;0.498046875;0.8345323741007195
2200954;Aroeiras do Itaim (PI);0;2690;0.4435;21395105.57;2351.5192936802973;1709.9943903345722;67.98;0.4361986118526428;0.9178403755868545
2201002;Arraial (PI);0;4520;0.444;27778737.15;2269.518132743363;1283.8388871681418;97.78;0.4888010540184453;0.6434108527131783
2201051;Assunção do Piauí (PI);0;7452;0.3531;39766417.12;2871.4576113794956;861.8989452495974;86.95;0.51617497456765;0.40944444444444444
2201101;Avelino Lopes (PI);0;10866;0.4069;48440838.64;1548.9791689674212;1052.0880149088903;86.32;0.516327100195367;0.5232606010703993
2201150;Baixa Grande do Ribeiro (PI);0;13272;0.6147;117725216.04;2478.5112989752865;1702.3937469861364;58.31999999999999;0.5040797824116047;0.20902419135634684
2201176;Barra D'Alcântara (PI);0;3995;0.4097;27458898.63;1985.091857321652;1698.4290613266585;49.28999999999999;0.5081162702906757;0.7016434892541087
2201200;Barras (PI);0;47938;0.4999;184526112.94;2107.411686553465;679.294980182736;95.05000000000001;0.5029941997178241;0.43922131515205887
2201309;Barreiras do Piauí (PI);0;3264;0.4383;23019669.67;1677.6376409313725;1526.0486703431372;98.32;0.4965612104539202;0.4979253112033195
2201408;Barro Duro (PI);0;6640;0.5326;33938851.75;1706.009626506024;1322.6528268072288;60.63;0.5077202543142597;0.5625436757512229
2201507;Batalha (PI);0;26300;0.3647;101384843.38;1985.0076539923957;868.0650353612168;64.04;0.4782755325726491;0.5431628581791803
2201556;Bela Vista do Piauí (PI);0;4091;0.4565;22537607.85;1499.873158152041;1387.050904424346;97.32000000000001;0.4116632160110421;0.451338199513382
2201572;Belém do Piauí (PI);0;3423;0.5842;28422357.75;2844.931983640082;1402.2668682442302;98.86;0.4334170854271357;0.5923076923076923
2201606;Beneditinos (PI);0;9929;0.509;50172516.28;2085.019495417464;1294.6555776009668;47.58;0.5223857712358172;0.7233181588265049
2201705;Bertolínia (PI);0;5562;0.4681;30255527.12;1796.2349244875945;1298.6422330097087;96.82000000000001;0.49115281501340485;0.5140495867768595
2201739;Betânia do Piauí (PI);0;6220;0.3629;36883304.77;2553.207659163987;1106.932776527331;81.94;0.5075133301017936;0.4025452109845948
2201770;Boa Hora (PI);0;6902;0.4293;28999072.97;1911.0812996232978;975.9412445667923;89.47000000000001;0.4728979940247546;0.4436482084690554
2201804;Bocaina (PI);0;4078;0.4503;19411016.63;1397.6212604217753;1469.2110250122607;32.53;0.5047970479704798;1.054054054054054
2201903;Bom Jesus (PI);0;28796;0.5931;162868508.03;1682.4804799277676;1337.5434042922627;60.36;0.45736120249000456;0.2954415137614679
2201919;Bom Princípio do Piauí (PI);0;5636;0.3317;34690913.96;1810.9213804116396;1599.12393364088;98.95000000000002;0.446611909650924;0.4658803706823926
2201929;Bonfim do Piauí (PI);0;5913;0.3882;29133183.81;1727.69387958735;1383.3424336208354;79.55;0.4984794728839331;0.5271739130434783
2201945;Boqueirão do Piauí (PI);0;6545;0.4465;31235374.35;1812.209498854087;1107.2566355996944;75.61999999999999;0.50011460004584;0.5608011444921316
2201960;Brasileira (PI);0;8436;0.5097;37073946.68;1392.5277216690374;965.2461925082978;98.65;0.4719944163322282;0.6034380557202134
2201988;Brejo do Piauí (PI);0;3904;0.4723;26539953.35;1957.609244364754;1510.7127049180328;96.1;0.44539059607552756;0.5912698412698413
2202000;Buriti dos Lopes (PI);0;19654;0.478;99122407.33;1944.5884013432383;1128.3673364200672;94.61;0.4949418118201871;0.4370583038869258
2202026;Buriti dos Montes (PI);0;7434;0.5167;44362978.63;2904.342278719397;1223.1130912025826;99.07000000000001;0.4499707431246343;0.605427974947808
2202059;Cabeceiras do Piauí (PI);0;10212;0.438;39848357.29;1697.4554269486878;877.2155052878966;34.19;0.4611532408069824;0.6090863704443334
2202075;Cajazeiras do Piauí (PI);0;3108;0.5089;23018069.89;1883.4028088803088;1929.337277992278;90.26999999999998;0.4956689124157844;0.6375198728139905
2202083;Cajueiro da Praia (PI);0;7957;0.514;43773561.36;1735.6365967073018;1139.758019354028;41.440000000000005;0.4373193641618497;0.4531812725090036
2202091;Caldeirão Grande do Piauí (PI);0;5503;0.4961;43069433.12;2200.2878648010173;1755.037982918408;99.79;0.4577483443708609;0.5694822888283378
2202109;Campinas do Piauí (PI);0;4938;0.3981;35581982.61;3334.5027298501413;1598.6114094775214;75.43;0.4846662657847264;0.656731757451182
2202117;Campo Alegre do Fidalgo (PI);0;4616;0.4186;27699117.78;2301.704228769497;1281.9701083188907;71.44999999999999;0.4425;0.4765380604796663
2202133;Campo Grande do Piauí (PI);0;6020;0.4376;26691563.9;1760.8893820598007;1118.060204318937;80.17;0.45375513161072206;0.49601910828025475
2202174;Campo Largo do Piauí (PI);0;7419;0.4371;36323133.7;2367.3163108235613;958.9889634721661;87.22999999999999;0.5060901339829477;0.30660377358490565
2202208;Campo Maior (PI);3;45793;0.605;201355999.08;1363.9341945275478;1343.0852119319547;68.18;0.4403032018619865;0.6801488238118099
2202251;Canavieira (PI);0;3414;0.4252;22680226.22;1740.2422612770943;1534.4320445225542;54.529999999999994;0.5433996383363472;0.7001414427157001
2202307;Canto do Buriti (PI);0;19365;0.4561;79310945.25;1444.922380583527;1198.90866976504;78.16000000000001;0.472511596076344;0.630115424973767
2202406;Capitão de Campos (PI);0;11100;0.5548;57487837.94;2254.3359108108107;979.2662018018018;74.86;0.48873390557939916;0.5891844744875708
2202455;Capitão Gervásio Oliveira (PI);0;3974;0.5223;25262232.92;2139.4091469552086;1603.519984901862;57.470000000000006;0.47185185185185186;0.5747836835599506
2202505;Caracol (PI);0;10318;0.3813;49378099.91;2054.604029850746;1011.0803111068037;71.01;0.48717209570481407;0.39094650205761317
2202539;Caraúbas do Piauí (PI);0;5630;0.417;32179424.12;2217.3220959147425;1153.2118223801065;87.47999999999999;0.4753668763102725;0.48810500410172275
2202554;Caridade do Piauí (PI);0;5033;0.4767;54589146.34;2434.592241208027;1761.5018557520366;90.96;0.4716374269005848;0.46370235934664245
2202604;Castelo do Piauí (PI);0;19288;0.4587;85902344.84;1968.7739485690586;986.2812411862296;97.05;0.5375049820645675;0.6205239125210286
2202653;Caxingó (PI);0;5496;0.3779;32315053.45;2316.5268941048034;1133.8438209606986;81.78999999999999;0.47385358004827033;0.3837118245888802
2202703;Cocal (PI);0;28212;0.443;97486386.82;1583.3517542180632;802.5373011484475;92.82;0.4654061915645128;0.43958868894601544
2202711;Cocal de Telha (PI);0;4911;0.5241;28752308.06;2515.8368865811444;1309.3435817552433;88.11;0.46247766527695056;0.6663090128755365
2202729;Cocal dos Alves (PI);0;6386;0.5047;30487489.99;1782.3261055433761;1078.229653930473;99.44999999999999;0.445777677156441;0.4247467438494935
2202737;Coivaras (PI);0;4117;0.4793;27753499.79;1882.276516881224;1782.5807845518582;78.94;0.4970909090909091;0.5155210643015521
2202752;Colônia do Gurguéia (PI);0;6150;0.4474;30086737.11;1762.9300650406506;1294.143538211382;83.41999999999999;0.4901865762054761;0.4918879056047198
2202778;Colônia do Piauí (PI);0;6994;0.4361;31563126.69;1618.178441521304;1270.5245753503004;48.00999999999999;0.47025436199285264;0.6921331316187594
2202802;Conceição do Canindé (PI);0;4932;0.4172;25556708.1;1981.1719241686942;1205.0976520681265;70.10000000000001;0.509641873278237;0.7218200620475698
2202851;Coronel José Dias (PI);0;4250;0.4002;26205829.77;1878.9075552941176;1341.5218752941175;97.84;0.4736477115117892;0.701120797011208
2202901;Corrente (PI);0;27278;0.4615;84675728.01;1293.5596528337855;698.0358519686193;67.69;0.4859726534836847;0.40576741254333437
2203008;Cristalândia do Piauí (PI);0;7356;0.378;38598976.8;1613.3071696574227;1313.635225666123;82.35000000000001;0.5617834394904458;0.4798657718120805
2203107;Cristino Castro (PI);0;10503;0.4184;52983164.96;2160.8060487479765;1886.7953460915928;94.6;0.5359754314126938;0.42274844720496896
2203206;Curimatá (PI);0;11270;0.394;48496268.79;1838.001437444543;850.2058305235138;85.76;0.5207124544595871;0.48024549290372076
2203230;Currais (PI);0;4854;0.4992;36543541.69;2795.8884342810056;1543.258724763082;97.86;0.533649289099526;0.45478036175710596
2203255;Curralinhos (PI);0;4413;0.4382;27844998.59;2350.2971629277135;1213.5365760253796;48.13000000000001;0.5593639575971732;0.47392923649906893
2203271;Curral Novo do Piauí (PI);0;5073;0.3276;44550052.62;2891.733004139562;1803.612519219397;99.17999999999999;0.4859402460456942;0.3509771986970684
2203305;Demerval Lobão (PI);0;16352;0.5179;77218221.91;1869.5163845401175;759.429530332681;21.9;0.47901591895803186;0.4375678610206297
2203354;Dirceu Arcoverde (PI);0;7054;0.3808;34372369.97;2413.3654337964276;974.6233881485683;92.76;0.5072649572649572;0.5557011795543906
2203404;Dom Expedito Lopes (PI);3;6320;0.4468;29308974.59;1604.2128955696203;1110.3946060126582;26.519999999999996;0.43180788400543724;0.7470210815765352
2203420;Domingos Mourão (PI);0;4075;0.4673;26977110.06;2606.831737423313;1356.846601226994;53.03999999999999;0.5159970238095238;0.47396386822529224
2203453;Dom Inocêncio (PI);0;9159;0.4964;60678716.24;2049.7299901735996;1434.2907664592205;84.80000000000001;0.4437263556116015;0.6736028537455411
2203503;Elesbão Veloso (PI);0;13607;0.4053;48318786.36;1262.775939589917;1071.6995590504887;76.49;0.49134151687856203;0.8395568321707017
2203602;Eliseu Martins (PI);3;4377;0.4808;25153115.2;1384.4298377884395;1422.710815627142;5.15;0.5015437392795883;0.7872860635696821
2203701;Esperantina (PI);0;40970;0.4875;151418283.15;1710.911658286551;776.7573063216988;92.59;0.47863432943554207;0.467684816290394
2203750;Fartura do Piauí (PI);0;5284;0.3773;33568046.91;2857.2666597274792;1220.2569682059047;83.36;0.5463857184664911;0.49121405750798725
2203800;Flores do Piauí (PI);0;4414;0.4618;27831602.31;2206.2152469415496;1293.5681875849568;93.99999999999999;0.5294525294525294;0.6394849785407726
2203859;Floresta do Piauí (PI);0;2333;0.4549;24352750.93;1741.5089155593655;2425.0649764252034;96.86999999999999;0.47285353535353536;0.9814814814814815
2203909;Floriano (PI);3;62036;0.6018;273031086.22;1000.5234541234122;1457.6428789734994;27.14;0.44595949001235347;0.5307624609968797
2204006;Francinópolis (PI);0;4505;0.5428;29157378.52;2559.452601553829;1152.7713340732519;6.57;0.5539841324594688;0.7844444444444445
2204105;Francisco Ayres (PI);0;4412;0.5123;25458059.08;1702.6808658204898;1408.0015707162283;76.21000000000001;0.6067006554989075;0.7573839662447257
2204154;Francisco Macedo (PI);0;2929;0.5078;23816121.14;2531.918805052919;2047.9297200409696;99.61;0.44641975308641973;0.5559380378657487
2204204;Francisco Santos (PI);0;8237;0.4201;36788353.94;1352.127229573874;935.3784945975476;94.2;0.44711876317638793;0.6087231352718079
2204303;Fronteiras (PI);0;10259;0.5248;45503052.71;1223.202411541086;1424.7935734477044;44.2;0.4406684454430557;0.6498422712933754
2204352;Geminiano (PI);0;5445;0.3208;26890365.37;1631.2903801652892;1108.6499761248851;98.5;0.45822174611676486;0.5442238267148014
2204402;Gilbués (PI);0;10892;0.39;62591714.23;2318.0551028277637;1318.4004957767168;98.57999999999998;0.551345962113659;0.40253623188405796
2204501;Guadalupe (PI);3;10270;0.4659;70310487.6;2178.9514099318403;1340.135264849075;27.19;0.4990512333965844;0.5108263367211666
2204550;Guaribas (PI);0;4276;0.3831;28435854.16;2557.229141721235;1263.1360313376988;97.49000000000001;0.46790250600755234;0.3388998035363458
2204600;Hugo Napoleão (PI);0;3518;0.5013;22537804.3;1724.109070494599;1334.210577032405;67.99000000000001;0.49957374254049447;0.6143250688705234
2204659;Ilha Grande (PI);0;9274;0.3539;38609987.15;1731.9354906189346;1005.6172342031487;38.48;0.46116275405703483;0.4432938856015779
2204709;Inhuma (PI);0;14958;0.4127;54548621.15;1443.4409386281588;1026.0109667067788;95.79;0.4712304514606078;0.6911401341334275
2204808;Ipiranga do Piauí (PI);0;9420;0.4751;33647640.24;1317.5561295116772;867.8872303609342;48.92;0.45662594711612803;0.6314917127071823
2204907;Isaías Coelho (PI);0;7774;0.4582;34007103.16;1825.462068433239;1192.183237715462;72.21;0.5330309603628476;0.5075292805354155
2205003;Itainópolis (PI);0;10790;0.4402;43789040.24;1292.7260963855422;1104.445593141798;69.27000000000001;0.46942666485087836;0.8652597402597403
2205102;Itaueira (PI);0;10323;0.3612;43853274.09;1680.6135580742034;1258.2048348348349;70.93;0.4846828707032935;0.7176350662589195
2205151;Jacobina do Piauí (PI);0;5613;0.4864;40406725.96;2977.2943114199184;1216.4378834847676;99.75;0.45867983367983367;0.5943992773261066
2205201;Jaicós (PI);0;17527;0.3491;68923786.73;1415.9743675472128;1242.2014092542934;67.21000000000001;0.4897577560560986;0.5535184685899164
2205250;Jardim do Mulato (PI);0;4180;0.384;24468684.03;1974.4802870813398;1505.2022631578948;87.07;0.518343625136215;0.6289954337899544
2205276;Jatobá do Piauí (PI);0;4494;0.478;27643414.15;2534.044339118825;1125.9627725856699;98.44;0.4851288830138797;0.989159891598916
2205300;Jerumenha (PI);0;4497;0.4751;24637005.3;1743.5474672003559;1168.9944607516122;65.83;0.4900596421471173;0.6617977528089888
2205359;João Costa (PI);0;2970;0.429;29371113.63;2407.43664983165;2108.471047138047;88.73;0.4608952287260207;0.5235772357723577
2205409;Joaquim Pires (PI);0;13886;0.4081;61744361.13;1553.2142870517068;995.1264561428776;60.379999999999995;0.4714421956130126;0.4310067545834674
2205458;Joca Marques (PI);0;5394;0.4273;29487355.62;2128.7003188728218;1205.4665368928438;73.78999999999999;0.5016703786191536;0.4335719968178202
2205508;José de Freitas (PI);0;42559;0.4267;133154936.22;1214.0486280222751;856.6841034798751;41.07;0.4786672225696616;0.473948860596983
2205516;Juazeiro do Piauí (PI);0;5214;0.544;27121511.64;1754.3796183352513;1203.3826812428078;99.71;0.44793113024159953;0.6732365145228216
2205524;Júlio Borges (PI);0;5388;0.3874;35434277.36;2510.8866091314035;1344.251510764662;100.0;0.5272108843537415;0.4820717131474104
2205532;Jurema (PI);0;4425;0.3988;30030189.95;2290.3498237288136;1345.0438463276835;99.66999999999999;0.49090296495956875;0.49743062692702983
2205540;Lagoinha do Piauí (PI);0;2939;0.4414;21211611.91;1917.2792854712486;1543.944130656686;84.46000000000001;0.5188630490956072;0.5736677115987461
2205557;Lagoa Alegre (PI);0;8256;0.4428;41057005.59;2180.858382994186;948.9425496608528;66.21;0.4703472840605521;0.507420091324201
2205565;Lagoa do Barro do Piauí (PI);0;4995;0.5166;40794966.33;2257.933171171171;1653.620956956957;73.67999999999999;0.46566901408450706;0.5
2205573;Lagoa de São Francisco (PI);0;6331;0.4301;34427776.61;2177.1885657873954;1175.5007076291265;80.71;0.4864991782108476;0.5102040816326531
2205581;Lagoa do Piauí (PI);0;4810;0.3752;27828163.72;1842.1051143451143;1222.8861372141373;39.790000000000006;0.5187874960530471;0.47751798561151076
2205599;Lagoa do Sítio (PI);0;4520;0.3398;25510970.78;1850.382453539823;1407.5391349557522;83.62;0.5127175368139224;0.6965669988925803
2205607;Landri Sales (PI);0;5213;0.4881;37037778.54;2334.7443391521197;1744.044018799156;73.25000000000001;0.5242690058479532;0.7076190476190476
2205706;Luís Correia (PI);0;30641;0.4262;118329276.69;1388.3442870663491;806.6633654254103;76.24;0.448062381852552;0.4382584951456311
2205805;Luzilândia (PI);0;25375;0.4229;105002096.64;2083.6977067980297;847.4026072906404;62.449999999999996;0.49537391714302553;0.5080731969860065
2205854;Madeiro (PI);0;8032;0.4782;42494355.65;2885.3598655378487;907.2621787848606;75.77000000000001;0.48878591288229845;0.34953940634595704
2205904;Manoel Emídio (PI);0;5209;0.5387;26603380.34;1672.024263774237;1654.9647705893647;99.02;0.47105337475289466;0.6433497536945813
2205953;Marcolândia (PI);0;8533;0.4915;46401120.86;2144.0603691550455;1123.1730962146958;99.65;0.4827106863596872;0.3190883190883191
2206001;Marcos Parente (PI);0;4724;0.5026;23890734.67;1816.034765029636;1435.714733276884;71.46;0.5377604166666666;0.5658767772511848
2206050;Massapê do Piauí (PI);0;5218;0.4045;29749279.77;2189.654195093906;1278.764267918743;85.71;0.4518642181413467;0.7924944812362031
2206100;Matias Olímpio (PI);0;10641;0.4095;45044340.81;1785.7590536603702;903.8805450615545;96.97999999999999;0.5498106612292456;0.42024078254326563
2206209;Miguel Alves (PI);0;32150;0.3242;136544490.49;2265.2265800933124;955.5442659409019;83.11;0.5594683740783857;0.3965371110303911
2206308;Miguel Leão (PI);0;1318;0.5359;18765632.83;2998.9456676783007;2983.390204855842;7.630000000000001;0.4660734149054505;0.4753521126760563
2206357;Milton Brandão (PI);0;6542;0.3015;29358989.39;1857.5376429226535;1047.5766738000611;99.81;0.4658301590858167;0.5980015372790162
2206407;Monsenhor Gil (PI);0;10255;0.432;47653921.53;1679.5901843003412;1163.909604095563;5.24;0.523321449792038;0.6696682464454976
2206506;Monsenhor Hipólito (PI);0;7577;0.4237;26342679.6;1779.2406942061502;1098.522874488584;69.14000000000001;0.44104222137694943;0.6481876332622601
2206605;Monte Alegre do Piauí (PI);0;10660;0.4056;56261492.04;2096.309558161351;1333.3518001876173;97.7;0.5389057311967663;0.3624087591240876
2206654;Morro Cabeça no Tempo (PI);0;4377;0.4327;27056930.89;1786.8988508110579;1551.178441855152;99.78999999999999;0.5477369165487977;0.42240587695133147
2206670;Morro do Chapéu do Piauí (PI);0;6425;0.4612;34799217.94;2511.368560311284;1104.9148357976653;85.11999999999999;0.4914113277623027;0.4701388888888889
2206696;Murici dos Portelas (PI);0;9797;0.4092;41041172.8;1577.2367622741656;787.1622588547515;40.75;0.4866464339908953;0.40288713910761154
2206704;Nazaré do Piauí (PI);0;6665;0.4844;28897631.65;1893.8520750187547;1038.9052258064517;97.55000000000001;0.5403281719436099;0.7028404952658412
2206720;Nazária (PI);0;10262;;39107790.99;1996.3745985188073;630.9487283180667;80.9;0.5669567872957704;0.45722135007849296
2206753;Nossa Senhora de Nazaré (PI);0;5228;0.4432;42837041.18;4308.073538638102;1637.6251109410864;54.160000000000004;0.4894586894586895;0.7548518896833504
2206803;Nossa Senhora dos Remédios (PI);0;8525;0.37;52031474.29;3935.365358357771;892.4693970674488;96.17;0.5147476901208244;0.3948001925854598
2206902;Novo Oriente do Piauí (PI);0;6097;0.3668;27833591.75;1072.2717402000983;1458.8996326062;99.78000000000002;0.4773443179064696;0.8056828597616865
2206951;Novo Santo Antônio (PI);0;2827;0.4288;24311910.46;2348.958510788822;2975.9704846126638;95.62;0.5239892183288409;0.8066914498141264
2207009;Oeiras (PI);0;38161;0.5737;148184865.29;1574.6682107387123;1027.2218332852913;53.56;0.45242445002664233;0.5593598320871048
2207108;Olho D'Água do Piauí (PI);0;2637;0.525;21263265.55;;;97.65;0.5181347150259067;0.5490533562822719
2207207;Padre Marcos (PI);0;6382;0.4989;35303687.14;2138.1033704167976;1216.3301692259479;93.96;0.46510560146923785;0.6273092369477912
2207306;Paes Landim (PI);0;4088;0.3879;26584133.98;2189.2428228962817;1340.9088136007829;84.33000000000001;0.47315315315315315;0.5161662817551963
2207355;Pajeú do Piauí (PI);0;3000;0.6432;23622646.36;1908.77498;1912.0979966666666;98.17;0.46986771190592846;0.918
2207405;Palmeira do Piauí (PI);0;4952;0.3017;28000965.34;1754.1106522617126;1329.2629281098546;99.12;0.5092959463578177;0.48401420959147423
2207504;Palmeirais (PI);0;13264;0.3886;64964913.76;2112.6292619119417;1086.5403075995175;59.519999999999996;0.5502571294997662;0.47771500313873194
2207553;Paquetá (PI);0;3813;0.3854;35264301.61;3861.0688224495148;1560.6390506163127;20.29;0.43886792452830187;0.7027818448023426
2207603;Parnaguá (PI);0;10103;0.3131;46427069.46;1628.7508621201623;1184.7915015341978;72.32;0.5347106182591523;0.38801261829652994
2207702;Parnaíba (PI);3;162159;0.4946;590612862.83;904.4683748666431;972.0145780376051;25.37;0.43157681000768056;0.48269691547117166
2207751;Passagem Franca do Piauí (PI);0;4135;0.4347;27320184.69;2375.6055719467954;1287.3802829504232;60.010000000000005;0.4725783475783476;0.4793756967670011
2207777;Patos do Piauí (PI);0;5425;0.3891;28578123.15;1802.532871889401;1237.0186193548386;68.28999999999999;0.4509227066060444;0.9312714776632303
2207793;Pau D'Arco do Piauí (PI);0;3880;0.419;24228521.81;1956.4188608247423;1269.6111469072166;70.01;0.5038759689922481;0.6624040920716112
2207801;Paulistana (PI);0;21055;0.4185;91610693.01;1611.0059952505342;1129.0537292804559;83.72999999999999;0.4814945116802702;0.4706640876853643
2207850;Pavussu (PI);0;3628;0.3564;22207210.67;1467.298362734289;1490.9816207276738;96.37;0.48384458077709613;0.7070707070707071
2207900;Pedro II (PI);0;37894;0.4348;130083233.48;1336.4846155064126;739.6877922626273;81.53;0.49171357713655867;0.6194736159730325
2207934;Pedro Laurentino (PI);0;2458;0.4047;2360023.58;142.16772579332792;150.08154597233522;99.76;0.49878048780487805;0.5036764705882353
2207959;Nova Santa Rita (PI);0;4076;0.3744;24499814.47;1822.4022546614328;1455.113137880275;99.85;0.44950213371266;0.48009367681498827
2208007;Picos (PI);3;83090;0.5729;301086310.06;849.2720398363222;1276.882906847996;24.650000000000002;0.4013458587017017;0.5030000631592244
2208106;Pimenteiras (PI);0;11341;0.3505;48572795.79;1127.5876086764836;984.784481086324;97.33999999999999;0.4953850210970464;0.664599025254763
2208205;Pio IX (PI);0;17613;0.4602;66599149.84;1351.5502475444273;1092.1413495713393;66.83;0.47032306536438767;0.5173713977915432
2208304;Piracuruca (PI);0;28846;0.5383;97197455.38;1457.7647698121057;1067.2857682174306;66.32;0.46033513896623296;0.519298245614035
2208403;Piripiri (PI);0;65538;0.5848;235154361.1;1322.2985574781044;845.4592349476638;48.13;0.4691324815063887;0.56658432517404
2208502;Porto (PI);0;12052;0.4567;59806367.99;2696.8765051443743;1041.4687064387654;55.56999999999999;0.5605334714489189;0.29301075268817206
2208551;Porto Alegre do Piauí (PI);0;2364;0.3969;21631216.32;2262.5328214890014;2281.1244162436547;62.11000000000001;0.5271317829457365;0.4755877034358047
2208601;Prata do Piauí (PI);0;3042;0.5117;23331361.13;2342.401314924392;1933.2898849441158;8.16;0.5394736842105263;0.6630265210608425
2208650;Queimada Nova (PI);0;8738;0.4919;38122138.5;1618.9406775005723;1282.512514305333;99.41000000000001;0.415748541801685;0.5849289684990735
2208700;Redenção do Gurguéia (PI);0;8394;0.3737;43310186.13;2204.304898737193;969.4691660710031;87.45000000000002;0.5365183964854475;0.39837786259541985
2208809;Regeneração (PI);0;17133;0.4508;71923459.05;1507.0848041790696;1041.1436006537092;80.9;0.5426796326310103;0.5097695390781564
2208858;Riacho Frio (PI);0;4165;0.3254;29184542.53;2182.5819855942377;1478.6471164465786;97.92;0.5323767476085357;0.39134615384615384
2208874;Ribeira do Piauí (PI);0;4055;0.4776;31535279.69;2764.4175930949446;1382.912954377312;95.7;0.4919058130978661;0.5474537037037037
2208908;Ribeiro Gonçalves (PI);0;6164;0.5442;53241342.34;2490.869998377677;2089.3997031148606;19.61;0.48781076514602945;0.38995873452544705
2209005;Rio Grande do Piauí (PI);0;5801;0.4207;27773132.33;1400.5590243061542;1245.1163540768832;99.67000000000002;0.5197799318836783;0.8235294117647058
2209104;Santa Cruz do Piauí (PI);3;5831;0.467;31709357.08;1532.0657314354312;1783.7912913736923;8.26;0.46507537688442213;0.7695984703632888
2209153;Santa Cruz dos Milagres (PI);0;3435;0.553;23622598.31;1777.3446375545852;1541.5207918486171;98.56;0.5112186537615486;0.6576319543509273
2209203;Santa Filomena (PI);0;6087;0.5721;42119969.8;2334.2873944471826;1508.746354526039;85.96;0.4919117647058823;0.3221343873517787
2209302;Santa Luz (PI);0;5336;0.4877;27110532.14;1731.4185532233885;1233.7627286356822;97.74000000000001;0.5129004819960307;0.5163453478625314
2209351;Santana do Piauí (PI);0;4125;0.4083;25768246.28;2063.2383781818185;1082.0646060606061;91.63999999999999;0.4632848527846754;0.7696476964769647
2209377;Santa Rosa do Piauí (PI);0;4650;0.491;23489202.69;1565.5072193548385;1095.7268903225806;78.43999999999998;0.4985497905252981;0.7304250559284117
2209401;Santo Antônio de Lisboa (PI);0;5839;0.3851;26988821.46;1208.4121887309473;1635.7727470457266;63.28999999999999;0.48537267870770795;0.7251356238698011
2209450;Santo Antônio dos Milagres (PI);0;2138;0.5047;20761293.85;3187.065851262863;1972.7726099158092;71.78999999999999;0.5470332850940666;0.4372623574144487
2209500;Santo Inácio do Piauí (PI);0;3646;0.4668;25865220.3;1427.7104909489854;2366.6270652770163;70.29;0.46897663174858983;0.8046511627906977
2209559;São Braz do Piauí (PI);0;4358;0.4701;26139335.96;1510.4886576411197;1261.4899196879303;56.42;0.47329276538201487;0.5855039637599094
2209609;São Félix do Piauí (PI);0;2842;0.5203;21042034.46;2345.784947220267;2362.385140745954;98.35000000000001;0.5581140350877193;1.0649087221095335
2209658;São Francisco de Assis do Piauí (PI);0;5572;0.3649;26527566.44;1774.0655114860012;1180.9702243359654;92.27000000000001;0.4453955901426719;0.414332784184514
2209708;São Francisco do Piauí (PI);0;5392;0.4243;32387512.42;1770.334949925816;1277.9563928041543;53.839999999999996;0.524455753463387;0.8186274509803921
2209757;São Gonçalo do Gurguéia (PI);0;2947;0.3828;34209306.93;3070.6151068883614;2101.817102137767;98.07;0.4989827060020346;0.4363103953147877
2209807;São Gonçalo do Piauí (PI);0;4837;0.4772;26148328.13;2340.235437254497;1220.7012549100682;98.21;0.5297280202403543;0.4452113891285591
2209856;São João da Canabrava (PI);0;4242;0.438;33663079.93;3370.9967656765675;1333.7700471475719;94.5;0.49261083743842365;0.8205461638491548
2209872;São João da Fronteira (PI);0;5522;0.5195;29107033.0;3320.9911209706625;1328.003326693227;82.3;0.5083310570882272;0.45618153364632236
2209906;São João da Serra (PI);0;6114;0.5204;28624844.9;1688.0338060189727;1273.9849918220477;96.75999999999998;0.5494171312721744;0.8545765611633875
2209955;São João da Varjota (PI);0;4383;0.4498;25327353.24;1783.3267989961212;1109.7762057951177;86.32;0.5155601659751037;0.5811240721102863
2209971;São João do Arraial (PI);0;8186;0.4489;46804856.64;2996.18185805033;836.3993598827266;73.96;0.5198663200891199;0.4256619144602851
2210003;São João do Piauí (PI);0;21421;0.4907;88083220.71;1316.6093352317819;1003.0269081742215;79.01;0.46860002742355683;0.44016013485040034
2210052;São José do Divino (PI);0;4841;0.5061;29002433.55;1975.4652406527578;1384.8550361495559;84.05999999999999;0.39630804730314395;0.5403587443946188
2210102;São José do Peixe (PI);0;3297;0.5621;23435924.78;1954.9342584167425;2136.2361480133454;33.050000000000004;0.4791386271870794;0.7006369426751592
2210201;São José do Piauí (PI);0;6597;0.3407;26823776.17;1225.0674594512657;949.0160300136425;78.00999999999999;0.48014359434597265;0.6653696498054474
2210300;São Julião (PI);0;6025;0.4637;28566893.97;1478.4756066390041;986.431244813278;97.95;0.46665043816942553;0.6860158311345647
2210359;São Lourenço do Piauí (PI);0;4410;0.4239;26415195.95;2532.9222040816326;1378.3824512471654;85.07000000000001;0.4853486022229707;0.8910761154855643
2210375;São Luis do Piauí (PI);0;2309;0.3373;21574463.0;2185.63567778259;2472.443798181031;98.06999999999998;0.49256625727213965;0.7557603686635944
2210383;São Miguel da Baixa Grande (PI);0;2269;0.4713;19179022.66;2177.1145526663727;2239.228792419568;39.519999999999996;0.5167112299465241;0.8317535545023697
2210391;São Miguel do Fidalgo (PI);0;2829;0.4401;22252010.61;2531.8109614704845;2015.5599363732767;9.34;0.5031880977683315;0.5678807947019867
2210409;São Miguel do Tapuio (PI);0;17554;0.4558;72557897.04;1596.985493904523;781.6174085678477;84.22999999999999;0.5016253207869974;0.6481169196177627
2210508;São Pedro do Piauí (PI);0;13755;0.491;63173737.85;1908.2850250817885;1105.7511348600508;88.85;0.5439443259625099;0.47788960048795365
2210607;São Raimundo Nonato (PI);0;38934;0.5514;138115555.49;1394.18321980788;871.0977436174037;35.89;0.4511908755451191;0.40674026728646134
2210623;Sebastião Barros (PI);0;3202;0.3697;26093172.77;2757.2942941911306;1794.4665521549034;96.84;0.5416466056812711;0.42947903430749684
2210631;Sebastião Leal (PI);0;4446;0.5917;36643607.19;2231.8103958614483;1506.800391363023;98.07000000000001;0.48844994978239037;0.4619238476953908
2210656;Sigefredo Pacheco (PI);0;9460;0.3858;36281814.32;1234.9758710359406;939.9024989429176;93.14;0.4876552917125334;0.754951895868704
2210706;Simões (PI);0;14350;0.4366;76774390.42;2152.3261658536585;1437.6228898954703;58.47;0.5026178010471204;0.43155383238890543
2210805;Simplício Mendes (PI);0;13870;0.5386;61539630.58;1752.3441759192501;1307.0673943763518;78.21000000000001;0.47915111442892183;0.5292716133424098
2210904;Socorro do Piauí (PI);0;4141;0.4849;24621116.89;1865.5734460275298;1469.219012315866;97.66000000000001;0.5157393850658858;0.7459727385377943
2210938;Sussuapara (PI);0;6220;0.4064;26524178.74;1330.5632025723473;1253.188546623794;16.58;0.4532710280373832;0.6825672159583694
2210953;Tamboril do Piauí (PI);0;2949;0.4418;22395179.19;2060.378965751102;1428.9865513733469;99.7;0.4693572496263079;0.43597560975609756
2210979;Tanque do Piauí (PI);0;2316;0.4547;20990920.42;2494.1431131260797;2044.8435880829015;85.63;0.4751592356687898;0.7552941176470588
2211001;Teresina (PI);3;866300;0.6865;4203711663.19;882.2126518296202;1649.19260010389;20.820000000000004;0.4083522457552722;0.47636316615433444
2211100;União (PI);0;46119;0.4608;171412974.69;1434.192557731087;816.2550543160086;30.68;0.5148797792668506;0.4707262150497279
2211209;Uruçuí (PI);0;25203;0.4704;177196159.37;1857.2618319247706;1275.0869610760624;56.809999999999995;0.4940423261604126;0.3437600773943889
2211308;Valença do Piauí (PI);0;22279;0.4635;76276150.99;944.1433219623862;900.0843830513039;88.7;0.4695910290237467;0.7141825186612087
2211357;Várzea Branca (PI);0;5055;0.3107;26417974.24;1851.0608150346193;1356.941034619189;76.69999999999999;0.47462077012835474;0.44365572315882873
2211407;Várzea Grande (PI);0;4417;0.4337;25161376.2;1582.2446660629387;1722.788972153045;83.97000000000001;0.5147462277091907;0.7372685185185185
2211506;Vera Mendes (PI);0;3185;0.4324;25388891.31;1970.6073406593407;1819.1031397174254;54.309999999999995;0.47045244690674054;0.8099467140319716
2211605;Vila Nova do Piauí (PI);0;2935;0.5404;24468451.86;1854.6673219761499;1686.0912947189097;81.43;0.4408443789887089;0.7436893203883496
2211704;Wall Ferraz (PI);0;4059;0.4592;28053588.65;2376.131929046563;1284.4706676521312;89.77999999999999;0.4172486033519553;0.7445255474452555
2300101;Abaiara (CE);0;10038;0.5684;52553440.93;1899.2207521418609;1116.0876598924087;95.92;0.5038202247191012;0.5094254937163375
2300150;Acarape (CE);3;14027;0.5579;67326524.49;1534.8726727026446;1017.102013973052;54.71;0.4465298545942044;0.3443030114871158
2300200;Acaraú (CE);0;65264;0.5868;263229496.63;1604.2844759745037;1016.1225245158126;64.99;0.47369371810504446;0.3932390250381882
2300309;Acopiara (CE);0;44962;0.4958;178331672.15;1426.5374674169298;908.3749964414394;55.22999999999999;0.5119375882708992;0.7476753530019515
2300408;Aiuaba (CE);0;14076;0.4837;80726367.76;1845.0502564649048;1046.3040146348394;66.99;0.5115979381443299;0.6427586206896552
2300507;Alcântaras (CE);0;11369;0.576;60575339.35;1793.7119122174333;1202.333506025156;76.96;0.4690528492053237;0.5539383561643836
2300606;Altaneira (CE);0;6782;0.5322;48017558.91;2660.817056915364;1426.3234429371867;67.41;0.5403134226663638;0.6463667820069204
2300705;Alto Santo (CE);0;14155;0.5379;80571164.23;1949.1393973860825;1306.4745121865064;23.84;0.4734048089934423;0.5846689895470383
2300754;Amontada (CE);0;42156;0.525;190479242.76;1861.0671133409244;877.4401942783946;78.49000000000001;0.5419166057059254;0.3686836027713626
2300804;Antonina do Norte (CE);0;7245;0.5855;45489862.68;1865.404215320911;1390.6995624568667;42.43;0.5265486725663717;0.7046384720327421
2300903;Apuiarés (CE);0;12928;0.5518;61128529.67;1806.3665594059407;1202.7638250309406;75.92;0.47714808043875684;0.6036866359447005
2301000;Aquiraz (CE);3;80645;0.6792;444417518.21;1708.3968823857645;1250.3320045880093;44.400000000000006;0.4167384009978392;0.48717948717948717
2301109;Aracati (CE);3;75113;0.6215;340843418.65;1354.7896886025055;968.687207407506;48.27;0.43402890471372113;0.5233181452693648
2301208;Aracoiaba (CE);0;25553;0.6095;143147302.29;1830.652104645247;1428.3579458380623;79.55;0.4818487589886337;0.5559925093632959
2301257;Ararendá (CE);0;11096;0.5653;69235541.77;2850.5905335255948;1136.6773846431147;99.19;0.5164684980183135;0.6473408892763731
2301307;Araripe (CE);0;19783;0.515;98005551.67;1898.16143001567;1178.0164135874236;66.94;0.5290616787756995;0.4666809513606171
2301406;Aratuba (CE);0;11224;0.5371;60648500.02;2152.961243763364;1292.5507483962936;47.85;0.4727726020207322;0.5056414542415378
2301505;Arneiroz (CE);0;7429;0.5361;54444986.96;1868.4415372190065;1112.7777345537756;32.160000000000004;0.544811811187357;0.7259552042160737
2301604;Assaré (CE);0;21697;0.5483;106102625.16;1532.8493888556022;1104.7115057381204;75.74;0.5160005589714924;0.6953627180899908
2301703;Aurora (CE);0;23714;0.4498;90871528.82;1227.824924095471;1031.1408847094544;67.81;0.4906028034445911;0.6705907534246576
2301802;Baixio (CE);0;5704;0.5268;34480723.4;1720.2108117110802;1465.8779207573632;72.75;0.4750452547194207;0.7428842504743833
2301851;Banabuiú (CE);0;17195;0.5652;92943397.21;2002.9782163419602;1157.6982797324804;66.49000000000001;0.49586776859504134;0.474010861132661
2301901;Barbalha (CE);3;75033;0.6333;386237087.67;1312.6003758346328;2547.6222741993524;39.230000000000004;0.46789654902574535;0.3867339247405346
2301950;Barreira (CE);0;22392;0.532;92652467.91;2078.5221914076456;960.2875861914969;80.55;0.4642950562385561;0.4573070607553366
2302008;Barro (CE);0;19381;0.4832;73857356.76;1371.5997869047005;993.9921830658893;53.10000000000001;0.49429452582883576;0.7998315553060079
2302057;Barroquinha (CE);0;14567;0.539;71874721.23;2144.337415390952;1188.8999210544382;58.559999999999995;0.46475615887380595;0.5016244314489928
2302107;Baturité (CE);3;35218;0.5742;153880395.79;1714.7127051507753;1460.36655659038;40.99;0.4543277172117608;0.48055443412730453
2302206;Beberibe (CE);0;53114;0.5625;224411723.59;1542.608927966261;804.7252022065745;58.63;0.46723756906077346;0.6073363109379455
2302305;Bela Cruz (CE);0;32775;0.5848;103375701.96;1381.1978498855835;842.127192372235;56.00000000000001;0.47052225412778176;0.48142392993360644
2302404;Boa Viagem (CE);0;50411;0.5479;205922061.69;1534.0909607030212;822.3395933427229;47.459999999999994;0.5195936576837282;0.6485271614384086
2302503;Brejo Santo (CE);0;51090;0.662;266615548.73;2538.436965550988;1650.0868970444312;26.139999999999997;0.42729431484844255;0.5351801666164809
2302602;Camocim (CE);0;62326;0.5707;229478215.24;1397.456293521163;1130.6444350672273;29.029999999999998;0.4426646914494699;0.4158584437698971
2302701;Campos Sales (CE);0;25135;0.5432;99549629.36;1413.1659976128904;889.2482132484583;61.0;0.49639816633922723;0.6281976176528021
2302800;Canindé (CE);0;74174;0.6031;318335306.08;1646.9391444441449;1103.2478070482916;59.86;0.49447936814958093;0.5119517003449975
2302909;Capistrano (CE);0;17254;0.5055;83713257.14;1556.3209887562305;1282.416916657007;78.14;0.4895968229301563;0.499867759851891
2303006;Caridade (CE);0;16377;0.5299;108397985.0;2445.065464370764;1437.223358979056;76.41999999999999;0.5203304864463424;0.47422409258285114
2303105;Cariré (CE);0;17632;0.5978;87324169.59;1763.1728051270416;1187.935166175136;52.339999999999996;0.5004680452727427;0.6556869369369369
2303204;Caririaçu (CE);0;26320;0.5316;124884465.17;1642.0806607142856;967.1005433130699;92.94000000000001;0.5227956491552881;0.5240344071512902
2303303;Cariús (CE);0;17015;0.5538;88199291.35;1770.7372412577138;873.5060011754334;69.63;0.5183830091022666;0.8136122385263815
2303402;Carnaubal (CE);0;17210;0.5465;81860958.6;1883.0780412550841;1271.4354230098781;83.02;0.5134992524843901;0.4891609283346085
2303501;Cascavel (CE);0;72720;0.6419;299660467.91;1535.5527541254125;1005.3707890539054;71.04;0.43931596864856304;0.5277032142611329
2303600;Catarina (CE);0;10243;0.5114;64258785.55;1708.1103602460219;1825.731133456995;54.589999999999996;0.5503254124413501;0.7330791229742613
2303659;Catunda (CE);0;10444;0.5563;64771087.56;2772.578986020682;1484.3383521639219;67.63;0.4900841774860893;0.6388358778625954
2303709;Caucaia (CE);3;355679;0.5829;1243186771.93;1534.4900727341228;749.4506960489655;27.07;0.41157024137411;0.33081384903626515
2303808;Cedro (CE);0;22344;0.4797;95254175.39;1485.4172319190836;1204.3796401718582;81.52999999999999;0.5103420305529268;0.8325242718446602
2303907;Chaval (CE);0;12462;0.5177;56568986.3;1790.893600545659;1228.8282683357406;99.55999999999999;0.49639769452449567;0.4711743772241993
2303931;Choró (CE);0;12113;0.4683;69040492.37;1892.3849096012548;1289.126597870057;86.33;0.5290330724564504;0.5173787110789283
2303956;Chorozinho (CE);0;20163;0.5356;113927534.64;1912.18138620245;915.6808709021476;72.55999999999999;0.4372371516145128;0.4484061393152302
2304004;Coreaú (CE);0;20953;0.5604;96777431.35;1778.621391208896;1053.9382756645825;69.47;0.4788961038961039;0.4654427645788337
2304103;Crateús (CE);0;76390;0.5975;291023350.89;1404.7132751669067;1027.1195826678884;32.39;0.4778487134842329;0.6465568962069196
2304202;Crato (CE);3;131050;0.6038;500355726.37;1147.5246468523465;1132.2984785959559;29.34;0.461029911814219;0.4963994933960557
2304236;Croatá (CE);0;17481;0.5019;93251987.42;2220.848763228648;1428.8421200160176;65.66000000000001;0.5040006882904585;0.5832432432432433
2304251;Cruz (CE);0;29761;0.6275;143885114.45;1734.3359806458116;1139.443544907765;78.49999999999999;0.45994603875398576;0.4158864391422531
2304269;Deputado Irapuan Pinheiro (CE);0;8932;0.5794;46458100.25;1483.6794648454993;1436.8808240035826;93.83999999999999;0.49689961454667336;0.8167892156862745
2304277;Ereré (CE);0;6474;0.5229;44615536.89;1941.6453861600248;1777.132675316651;97.78;0.5;0.6664092664092665
2304285;Eusébio (CE);3;74170;0.8074;542927460.23;2145.732051503303;1926.56037144398;19.080000000000002;0.3882234034588605;0.25572103160188886
2304301;Farias Brito (CE);0;18217;0.5418;87686628.76;1950.9227567656585;1289.6886737662624;74.43;0.5222695746636584;0.6988312041315575
2304350;Forquilha (CE);3;24173;0.6314;103511766.93;1474.4322856079098;890.8147644065693;23.66;0.44333651779316935;0.4708795562599049
2304400;Fortaleza (CE);3;2428708;0.7173;10266582998.32;981.8886063742533;1124.2843486660397;11.430000000000001;0.4050689226066265;0.5603133217453313
2304459;Fortim (CE);3;17294;0.553;92840388.03;1389.0314571527697;1108.9104111252457;57.22;0.429728835978836;0.5595559555955596
2304509;Frecheirinha (CE);0;15657;0.6702;79895169.78;1946.6647129079645;1104.6968550807946;34.71999999999999;0.47346132128740825;0.39440133037694014
2304608;General Sampaio (CE);0;6734;0.5341;49930096.63;2494.3323715473716;1477.3330531630531;74.64;0.5273304604218644;0.475253807106599
2304657;Graça (CE);0;13801;0.5162;80468557.17;2512.516508948627;961.4432171581769;52.97;0.5149286498353458;0.5668002672010688
2304707;Granja (CE);0;53344;0.5793;231487717.86;1785.4439569586082;945.6185677864427;75.94;0.47616016824860946;0.4314116961983196
2304806;Granjeiro (CE);0;4841;0.5235;40242293.16;2314.5916814707707;1658.4776678372236;63.82000000000001;0.4932140653917335;0.5738188976377953
2304905;Groaíras (CE);0;10910;0.6461;57135326.48;2000.814954170486;1148.7512181484876;50.24;0.45505468124833287;0.6483091787439613
2304954;Guaiúba (CE);0;24325;0.5587;103697157.31;1676.3845434737923;1047.2479416238439;69.41999999999999;0.45111256934916183;0.3975235631121789
2305001;Guaraciaba do Norte (CE);0;42053;0.5795;164674048.09;1864.2440068485007;688.0212762466412;68.22000000000001;0.5154780352445133;0.4945146797617804
2305100;Guaramiranga (CE);3;5654;0.6182;45191657.55;2216.034586133711;1757.4068535550052;20.41;0.42454018644494834;0.5762394761459307
2305209;Hidrolândia (CE);0;17855;0.5538;80131315.78;1511.7709386726408;1197.134476617194;90.07;0.5320919855843487;0.6682808716707022
2305233;Horizonte (CE);3;74755;0.6669;364383732.91;1498.732516219651;1208.9918246271152;44.96000000000001;0.4239590079622081;0.31643697876619153
2305266;Ibaretama (CE);0;11956;0.4594;60626305.98;1841.070961860154;1166.1697340247574;91.53999999999999;0.5232513696012231;0.5545041635124905
2305308;Ibiapina (CE);0;23965;0.535;110272108.34;1734.6420012518256;1405.0791253911952;35.7;0.5303320561941252;0.5037117508600398
2305332;Ibicuitinga (CE);0;11611;0.558;79958084.43;2422.961867194901;1533.0622547584187;75.25;0.45702095620529554;0.5869281045751634
2305357;Icapuí (CE);3;21433;0.5943;140904750.71;1754.8414701628328;1454.1621102972051;84.94999999999999;0.4365281501340483;0.4958658704639412
2305407;Icó (CE);0;62642;0.5189;248620126.28;1583.71929121037;1167.7515647648543;55.589999999999996;0.48244036349867475;0.6053232537995118
2305506;Iguatu (CE);3;98064;0.6161;365803362.64;1192.8951129874367;1424.5290291034428;44.309999999999995;0.46591724467830664;0.6136681335749418
2305605;Independência (CE);0;24024;0.4994;97834797.56;1584.2698451548451;966.4912987012988;51.53000000000001;0.4929157345264728;0.8076572470373746
2305654;Ipaporanga (CE);0;11575;0.4652;59928263.55;1638.0720172786177;1123.3492483801297;89.25999999999999;0.53067971436128;0.7267641996557659
2305704;Ipaumirim (CE);0;12083;0.4429;56690419.89;1643.9397765455599;1174.145469668129;50.62;0.5366908304718301;0.6106870229007634
2305803;Ipu (CE);0;41081;0.5532;174767876.87;1516.2274343370414;1291.0065777366665;48.79999999999999;0.5148419926988458;0.5820963172804533
2305902;Ipueiras (CE);0;36798;0.4854;154932311.42;1668.5643621935976;1048.6369386923202;79.01;0.527014690015769;0.6489223578291353
2306009;Iracema (CE);0;14001;0.5655;76085558.9;1615.6930783515463;1450.8975751732019;50.790000000000006;0.5054838709677419;0.7088331515812432
2306108;Irauçuba (CE);0;23915;0.5329;125718374.56;2052.262773991219;1136.3296617185867;39.45;0.48901064690866075;0.36496350364963503
2306207;Itaiçaba (CE);0;7536;0.5896;46596782.95;1816.2418670382165;1467.3361571125265;97.22999999999999;0.47446683623557034;0.7089499647639183
2306256;Itaitinga (CE);3;64650;0.6224;236966429.5;1263.6958428460944;689.0086522815158;51.230000000000004;0.32114028813732504;0.2704122877930477
2306306;Itapajé (CE);0;46426;0.5685;185072146.17;1475.7332449489509;917.1374316115969;51.07000000000001;0.4500421650997907;0.4259277585353785
2306405;Itapipoca (CE);0;131123;0.619;532311358.94;1513.9712355574538;1026.0194370934162;46.69;0.4753476754129349;0.38423984272608125
2306504;Itapiúna (CE);0;17841;0.4732;83669719.07;1808.5167019785886;1059.7173235805167;90.13;0.49785912182016623;0.5240298123875611
2306553;Itarema (CE);0;42957;0.5517;193317739.11;1547.824663966292;947.8813730009078;88.24000000000001;0.4701735172319381;0.3270865533230294
2306603;Itatira (CE);0;20424;0.4801;136561023.42;3026.29651782217;1264.2737739913825;69.68;0.5081967213114754;0.5121951219512195
2306702;Jaguaretama (CE);0;17232;0.5635;87770392.3;1531.0994428969361;1388.7149187558032;79.16999999999999;0.5023539668700959;0.6833187262635115
2306801;Jaguaribara (CE);0;10356;0.5856;67002963.28;2692.4906711085364;1828.2821465816917;19.689999999999998;0.5039209991286668;0.6102088167053364
2306900;Jaguaribe (CE);0;33726;0.6228;187910539.33;2194.0935942596216;1770.4163067069917;24.970000000000002;0.4836354038360021;0.6906043364600953
2307007;Jaguaruana (CE);0;31701;0.582;137030001.46;1358.2760584839598;906.4242020756443;81.73;0.4283590159502568;0.5685530440521366
2307106;Jardim (CE);0;27411;0.4751;110391455.93;1773.5307858159133;968.2299620590273;52.36;0.5296316964285714;0.5224574911774141
2307205;Jati (CE);0;7861;0.5083;43347783.46;2085.4126408853836;1583.193865920366;41.17999999999999;0.5317614964925955;0.578368999421631
2307254;Jijoca de Jericoacoara (CE);0;25555;0.7246;148228928.06;2056.4303498336917;1758.2105130111527;63.93000000000001;0.41917032265230186;0.27284991568296796
2307304;Juazeiro do Norte (CE);3;286120;0.632;912623644.39;1046.201829057738;721.8240274709913;25.680000000000003;0.4363165398285175;0.419314804533133
2307403;Jucás (CE);0;23922;0.5783;112758470.76;1841.3509890477385;1168.5774914304825;36.06999999999999;0.5444509006391632;0.6292503863987635
2307502;Lavras da Mangabeira (CE);0;30802;0.4457;119369373.93;1262.530150639569;985.5514427634569;56.93;0.49837038478377194;0.7299898682877406
2307601;Limoeiro do Norte (CE);3;59560;0.6096;225220973.81;1266.8812672934855;1278.2337953324377;40.949999999999996;0.4314898935275314;0.581762114537445
2307635;Madalena (CE);0;16896;0.5427;87501670.01;2129.157601799242;1233.290225497159;68.95999999999998;0.4924476636339546;0.5332783278327833
2307650;Maracanaú (CE);3;234509;0.6929;1235299648.69;1415.6349372945174;1332.1202740193341;19.29;0.4141274655828454;0.3621866074262139
2307700;Maranguape (CE);3;105093;0.608;363118933.12;1213.2723515362584;972.3859532033532;40.96000000000001;0.42304098793516676;0.45244072524407253
2307809;Marco (CE);0;25799;0.6218;134990071.34;2276.7804100934145;1256.5934144734292;70.78;0.4154276622592857;0.31709862584797355
2307908;Martinópole (CE);0;10846;0.5252;60093257.26;1685.2611644846027;1273.23739166513;94.89;0.46686502569651067;0.43773427738442316
2308005;Massapê (CE);0;37697;0.5801;148037009.94;1866.0067204286813;712.3810475634666;61.11999999999999;0.45767758400680564;0.40419978645153637
2308104;Mauriti (CE);0;45561;0.5381;161228005.73;1537.728390289941;944.7198893790743;73.56;0.49189560889354594;0.4846807669499901
2308203;Meruoca (CE);0;15157;0.5923;77031646.07;1862.296813353566;1230.685367157089;62.940000000000005;0.49388921742558645;0.5171056615198305
2308302;Milagres (CE);0;25900;0.5463;127610012.65;1693.377901930502;1263.2269428571428;34.31;0.47822612864562525;0.6188176197836167
2308351;Milhã (CE);0;14123;0.5655;69667640.96;1603.8709537633647;1204.4010295263045;55.3;0.46488953428067625;0.7345201238390093
2308377;Miraíma (CE);0;14196;0.5372;61566166.12;1597.3308643279797;992.2973048746125;73.47;0.4929014617730571;0.40835336538461536
2308401;Missão Velha (CE);0;36822;0.4948;132477659.6;1619.5415675411439;869.0015922546304;71.87;0.5129427233133371;0.45704948646125115
2308500;Mombaça (CE);0;37735;0.5224;150882855.49;1639.560574267921;968.7056724526301;40.84;0.516558154489189;0.7137333333333333
2308609;Monsenhor Tabosa (CE);0;17149;0.4982;92599359.17;2296.2954527960815;1081.2004799113652;38.31;0.507339368902171;0.6662817551963048
2308708;Morada Nova (CE);0;61443;0.6267;258325253.93;1419.1544504662857;1054.752005598685;71.87999999999998;0.4488198259803344;0.6965861484980836
2308807;Moraújo (CE);0;8254;0.4995;52960047.76;2018.1222098376545;1216.545415556094;52.86999999999999;0.46217891939769706;0.46903153153153154
2308906;Morrinhos (CE);0;22753;0.5456;95109921.01;1609.6984621808112;835.2176420691777;68.01;0.5090197638944157;0.3831320958731303
2309003;Mucambo (CE);0;13666;0.5762;82549815.71;2038.650250987853;1366.4616976437874;60.06999999999999;0.5276101050748938;0.6827094474153298
2309102;Mulungu (CE);0;10569;0.5022;59908992.14;1679.396111268805;1508.3013236824675;39.64;0.501278409090909;0.5042625745950554
2309201;Nova Olinda (CE);0;15399;0.5679;80913233.99;1628.4344106760177;1020.372037794662;33.089999999999996;0.5195381882770871;0.4122854077253219
2309300;Nova Russas (CE);0;30699;0.5822;170998495.19;1924.7658324375388;1275.9710870060915;47.87;0.5087727920577972;0.692056227525335
2309409;Novo Oriente (CE);0;27545;0.5406;159465517.57;2199.317623525141;1326.60103321837;50.9;0.48410560344827586;0.6428963247394405
2309458;Ocara (CE);0;24493;0.4623;102021677.4;1407.7541211774792;1168.655127995754;92.61;0.46419177427068387;0.6160249739854319
2309508;Orós (CE);0;19675;0.5213;96858028.43;1687.846603303685;1260.7919080050826;50.300000000000004;0.5096294022865034;0.7787895018746652
2309607;Pacajus (CE);0;70983;0.6128;243401340.3;1400.5476328134905;727.6663027767212;76.21000000000001;0.4154137587238285;0.3922079657845496
2309706;Pacatuba (CE);3;81524;0.5737;290428150.71;1189.1614983317795;775.2931981993032;23.779999999999998;0.4243483122510308;0.2961203906291691
2309805;Pacoti (CE);0;11186;0.5641;66685069.13;2088.5918693009116;1082.869291972108;55.28;0.4902744471089795;0.4838709677419355
2309904;Pacujá (CE);0;6175;0.5727;46177675.57;2689.4998720647773;1486.9211222672063;62.88;0.5038967364831953;0.6355731225296443
2310001;Palhano (CE);0;9346;0.5292;47647393.58;1612.5256002567944;1322.7975476139525;53.78;0.4787974683544304;0.6952380952380952
2310100;Palmácia (CE);0;10242;0.5244;57371171.93;1704.0810886545594;1249.0486926381568;68.73;0.48048568950563747;0.5813510941960038
2310209;Paracuru (CE);0;38980;0.5816;160075889.33;1842.52612006157;1103.2365646485378;63.09;0.4670129088103572;0.4513450292397661
2310258;Paraipaba (CE);0;32216;0.5952;154118890.03;1675.9925304196672;972.7532657685622;54.56;0.465896164171634;0.4324286513710129
2310308;Parambu (CE);0;31445;0.4634;133740121.6;1390.227070758467;619.513358244554;37.160000000000004;0.5077918964277152;0.6653561880798867
2310407;Paramoti (CE);0;10384;0.4892;56907813.34;1909.7214984591678;1305.618847265023;82.80000000000001;0.4806787394838158;0.624578313253012
2310506;Pedra Branca (CE);0;40187;0.5494;179653960.69;1441.5145268370368;1410.550936870132;53.629999999999995;0.4971686163475151;0.7091444672131147
2310605;Penaforte (CE);3;8972;0.4948;45032877.7;2067.8378466339723;1294.859052608114;15.11;0.5003344481605351;0.4220532319391635
2310704;Pentecoste (CE);0;37813;0.5755;158965751.46;1807.2367400100493;1166.9997807632296;62.53;0.4699502410200591;0.4696085582300024
2310803;Pereiro (CE);0;15274;0.649;89180991.48;2562.6873235563703;1197.0527366767055;50.699999999999996;0.5073522155334057;0.66645056726094
2310852;Pindoretama (CE);0;23391;0.584;106712018.53;1898.7706780385618;1044.6037937668334;60.48;0.45611304780876494;0.48711183275827075
2310902;Piquet Carneiro (CE);0;16616;0.5533;80676364.07;1515.1547989889264;1142.9170004814637;92.05000000000001;0.4748801704242855;0.8184908225696805
2310951;Pires Ferreira (CE);0;10606;0.5553;54135762.94;1748.5535253630019;1174.986709409768;84.78999999999999;0.4667404231779837;0.6288610038610039
2311009;Poranga (CE);0;12065;0.5341;58723485.82;2252.388849564857;1138.1212631578946;72.6;0.5210539586485123;0.5908391070053888
2311108;Porteiras (CE);0;17050;0.536;85128045.89;2186.241024633431;924.163282111437;70.78;0.5155555555555555;0.5450186467767715
2311207;Potengi (CE);0;8833;0.5143;45226901.77;1768.6946699875466;1217.479817728971;72.67999999999999;0.5305839542540287;0.5718685831622177
2311231;Potiretama (CE);3;5974;0.4784;44637110.0;2313.9924907934383;1622.6121576832945;14.73;0.45565302144249514;0.6106804478897502
2311264;Quiterianópolis (CE);0;20213;0.5059;121847797.9;1895.8992920397761;1026.2412303962794;71.05999999999999;0.483958593348506;0.6333002973240832
2311306;Quixadá (CE);0;84168;0.5564;308240618.5;1153.6468937125749;1127.332370972341;44.24;0.483136563876652;0.47060716584423945
2311355;Quixelô (CE);0;15910;0.4728;80216330.56;2070.8230408548084;1179.3333199245756;69.42999999999999;0.5079139418064639;0.8234093228989452
2311405;Quixeramobim (CE);0;82177;0.6392;341085526.06;1612.9753726711854;1162.0257412658043;31.87;0.47170385758802247;0.5225735591652697
2311504;Quixeré (CE);0;20874;0.6352;102697211.43;1426.2189082111718;1518.1760937050876;73.36999999999999;0.4420725388601036;0.5232087598190907
2311603;Redenção (CE);0;27214;0.571;136786966.91;1548.9539013008014;1202.9656816344527;74.78;0.48621047457812244;0.5257926306769495
2311702;Reriutaba (CE);0;18606;0.5684;81196440.47;1645.516625819628;1247.10019241105;95.31;0.5283390832922622;0.6088044022011005
2311801;Russas (CE);3;72928;0.6185;299795623.55;1562.8142454201404;986.6371070096533;34.49;0.42688319311289374;0.5348575448469927
2311900;Saboeiro (CE);0;13854;0.5161;77005575.33;2070.2490125595496;1292.8767684423271;83.15;0.5475871313672922;0.6724667349027635
2311959;Salitre (CE);0;16633;0.5154;84332951.54;2310.0080598809595;1081.4258546263452;90.11000000000001;0.5165025528811087;0.3773401410162898
2312007;Santana do Acaraú (CE);0;30628;0.4962;110316560.83;1569.64537384093;823.9152670758783;58.21;0.46566492798009285;0.47216338880484116
2312106;Santana do Cariri (CE);0;16954;0.4813;80614194.84;1535.5998153828004;595.8930641736463;77.49;0.5227231902281301;0.49230769230769234
2312205;Santa Quitéria (CE);0;40183;0.6135;164901385.0;1639.7340927755517;1146.016240698803;65.97;0.4852337830345592;0.6243504083147736
2312304;São Benedito (CE);0;47640;0.5815;196073927.29;1984.950098656591;987.0499225440807;48.239999999999995;0.5189873417721519;0.44171833480956596
2312403;São Gonçalo do Amarante (CE);3;54143;0.7138;485067247.95;2612.251383188963;2349.713687826681;42.71;0.44508500814049695;0.35379119987010876
2312502;São João do Jaguaribe (CE);0;5855;0.5172;36722175.64;1717.1222322801025;1811.0731733561058;58.040000000000006;0.4940035723398826;1.2749706227967097
2312601;São Luís do Curu (CE);0;10822;0.4359;50985248.36;1516.2589909443725;1250.6882378488265;47.07999999999999;0.48940269749518306;0.5596491228070175
2312700;Senador Pompeu (CE);0;24266;0.598;108463266.6;1286.1018874144895;1468.3903173164097;48.239999999999995;0.4952245979419558;0.7224603514787827
2312809;Senador Sá (CE);0;7262;0.5711;45217657.95;2376.326036904434;1260.3233764803083;57.29;0.4920895829052805;0.4480048367593712
2312908;Sobral (CE);3;203023;0.7557;1132588867.45;1520.2181161740298;2062.8039374849154;17.34;0.4052952170000692;0.4035091924542774
2313005;Solonópole (CE);0;18179;0.6212;112651315.42;1868.6976830408714;1300.0145679080256;50.47;0.4658119658119658;0.7775384615384615
2313104;Tabuleiro do Norte (CE);0;30652;0.5086;111768790.7;1103.4402704554352;1045.6678833355083;53.150000000000006;0.43946651638959333;0.6530648295354178
2313203;Tamboril (CE);0;24815;0.4751;116679365.51;1934.8935502720128;1304.778364698771;69.05;0.5049426890654376;0.6967597309965355
2313252;Tarrafas (CE);0;7529;0.4525;40753590.42;2066.417050073051;1353.5679917651746;23.57;0.5207028883053928;0.7407157326130993
2313302;Tauá (CE);0;61227;0.5776;344906240.61;2047.0303470691035;1317.9732181880543;54.93000000000001;0.4917042270678524;0.6878815756460651
2313351;Tejuçuoca (CE);0;17154;0.5524;106326937.35;2294.322903695931;1350.3566975632505;51.69999999999999;0.5077788520699658;0.42430966469428005
2313401;Tianguá (CE);0;81506;0.6156;318648964.25;1786.917682992663;1192.782935980173;37.57;0.462463216823369;0.3369644153957879
2313500;Trairi (CE);0;58415;0.5628;235460653.52;1705.642132500214;947.3031568946333;82.90999999999998;0.5044555475430103;0.40047190047190045
2313559;Tururu (CE);0;15412;0.4417;67281143.17;2119.039207111342;1058.6328458344146;84.49;0.4915319849027388;0.4490727532097004
2313609;Ubajara (CE);0;32767;0.6203;150210258.55;2071.173825800348;1175.3784319589831;63.18;0.5043154898540079;0.43127035830618893
2313708;Umari (CE);0;6871;0.4642;39237407.31;1716.8858710522486;1355.3093610828116;68.71;0.48851819757365683;0.7896825396825397
2313757;Umirim (CE);0;17470;0.4927;74677239.38;1781.934699484831;1172.7126748712078;45.18;0.50642407519186;0.40200525185008357
2313807;Uruburetama (CE);0;20189;0.5709;92356082.69;1799.4330947545693;1097.043484570806;65.94999999999999;0.4746183624278723;0.3671365453397854
2313906;Uruoca (CE);0;13746;0.6481;79296535.63;2709.498914593336;1055.0718550851157;77.60000000000001;0.46545842217484007;0.4342969776609724
2313955;Varjota (CE);0;18105;0.6098;100246180.13;2400.191668599834;1539.6805214029273;72.39999999999999;0.5091272818204551;0.5258556082937796
2314003;Várzea Alegre (CE);0;38984;0.5382;154670769.2;1414.6203829776318;1046.237140365278;58.0;0.4883365784751651;0.7308525033829499
2314102;Viçosa do Ceará (CE);0;59712;0.539;241864657.19;1765.7856472735798;563.8529749464095;76.98999999999998;0.49605391727006237;0.3954750493374683
2400109;Acari (RN);3;10597;0.6346;48098181.48;1203.9058120222705;983.828695857318;12.07;0.458235860740333;0.8448753462603878
2400208;Açu (RN);3;56496;0.5439;215206038.84;1083.1435363565563;1099.4320628009064;72.18;0.41569148269727113;0.4775986461209584
2400307;Afonso Bezerra (RN);0;10839;0.4394;56160557.18;1572.6127207306947;1254.1945345511579;47.18;0.45529001074113856;0.5118145341061079
2400406;Água Nova (RN);0;2946;0.5;25556238.67;2002.2914663951121;1887.4273659198911;86.98;0.4707938092860709;0.5875420875420876
2400505;Alexandria (RN);3;13640;0.4449;75870246.23;732.0504897360705;1648.5926275659824;19.38;0.4819643633202955;0.782241864202491
2400604;Almino Afonso (RN);0;4687;0.4224;34768115.38;1313.4482718156603;2551.6832046084915;55.05;0.4430418719211823;0.7358262967430639
2400703;Alto do Rodrigues (RN);2;12484;0.6727;133378740.66;2856.2754886254406;2551.2682713873755;89.57;0.42138221564385747;0.4218209757971571
2400802;Angicos (RN);3;11632;0.4739;52627943.9;1378.617853335626;1429.1091317056396;64.82000000000001;0.44246031746031744;0.644997694790226
2400901;Antônio Martins (RN);0;6577;0.3204;29859358.98;999.6270427246466;1562.74027976281;58.72999999999999;0.45766843971631205;0.7972149695387293
2401008;Apodi (RN);0;36093;0.509;121340231.9;818.0103396780539;995.3964527747763;66.2;0.40297753245743606;0.614797507788162
2401107;Areia Branca (RN);3;24093;0.5503;151326323.94;1526.223305109368;1273.100951728718;24.849999999999998;0.4312956692211727;0.5446808510638298
2401206;Arês (RN);0;13251;0.5244;67825554.46;2048.335329409101;1228.9996664402686;55.84;0.46064814814814814;0.3985943775100402
2401305;Campo Grande (RN);0;9730;0.4332;36318091.5;1290.4121593011305;958.943730729702;80.95;0.41260162601626016;0.6668621700879765
2401404;Baía Formosa (RN);0;8825;0.5944;43763938.49;1565.8536090651558;1338.6874424929179;83.66999999999999;0.43589326391148714;0.43262032085561497
2401453;Baraúna (RN);0;26913;0.503;119618390.6;1434.6465165533384;1175.8516824582914;86.67;0.4199862818551153;0.3505259586019681
2401503;Barcelona (RN);0;3986;0.5052;28429212.04;2351.2373958855997;1771.2017661816358;94.53;0.46436443791329907;0.7458563535911602
2401602;Bento Fernandes (RN);0;4807;0.4135;30366410.24;1985.3099292698148;1240.4818389848137;82.23;0.4731841863315967;0.5548841893252769
2401651;Bodó (RN);2;2306;0.4172;32698817.89;4037.1683607979185;3320.2793191673895;89.67000000000002;0.4322981366459627;0.6453900709219859
2401701;Bom Jesus (RN);0;9952;0.4781;51453992.97;1649.5564057475883;988.0820448151126;79.65;0.4708838309193024;0.5391304347826087
2401800;Brejinho (RN);0;12202;0.4609;45905009.62;1126.1561875102443;892.7712211112932;54.46;0.48442822384428225;0.5066212637154749
2401859;Caiçara do Norte (RN);3;6293;0.4925;27852348.53;1124.7786588272684;1160.713974257111;69.02999999999999;0.48175182481751827;0.3871186440677966
2401909;Caiçara do Rio do Vento (RN);0;3268;0.472;31035771.01;2064.8008537331702;2164.059182986536;54.2;0.5032198712051518;0.5430183356840621
2402006;Caicó (RN);3;61146;0.6594;211810269.48;891.1372936905112;1355.313236025251;11.44;0.41165877871407136;0.7130367950811798
2402105;Campo Redondo (RN);0;10215;0.5103;51397550.42;1617.9755163974548;1304.5189779735683;28.44;0.47807842569816233;0.6544817225838758
2402204;Canguaretama (RN);0;29668;0.4545;126366131.67;1605.559510583794;1164.922945260887;86.54999999999998;0.48154806491885144;0.34378483835005574
2402303;Caraúbas (RN);0;19727;0.5093;86824228.78;1629.279144826887;1002.1719110863284;52.84;0.43982191080942995;0.7371000288267512
2402402;Carnaúba dos Dantas (RN);3;7992;0.6366;33559334.4;1229.5205643143145;1246.32138013013;22.64;0.4589266155531216;0.5811320754716981
2402501;Carnaubais (RN);0;9714;0.4405;62773651.86;1809.2188984970146;1481.9601060325303;46.29;0.4241313590382642;0.4589006555723651
2402600;Ceará-Mirim (RN);3;79115;0.4345;269634280.77;1102.451094482715;652.853989635341;39.2;0.4581259906373254;0.39411104879416714
2402709;Cerro Corá (RN);0;11000;0.5392;48491269.65;1633.523091818182;1187.5647045454546;62.85999999999999;0.4771048744460857;0.6135331516802907
2402808;Coronel Ezequiel (RN);0;5117;0.4433;27986606.2;1442.3713504006255;1551.8909829978504;51.89;0.4905330614622779;0.6907630522088354
2402907;Coronel João Pessoa (RN);0;4237;0.3962;30529777.58;1747.4147533632286;1613.928303044607;92.28;0.4635578583765112;0.6506765067650676
2403004;Cruzeta (RN);3;8005;0.5549;45331102.0;1154.7224522173642;1134.3512417239224;18.59;0.45096972992568424;0.7963898916967509
2403103;Currais Novos (RN);3;41313;0.6098;146404302.16;1133.4998898651754;914.052856485852;16.699999999999996;0.4506987850270384;0.7396313364055299
2403202;Doutor Severiano (RN);0;7044;0.5045;43756219.91;1901.0532453151618;1194.8688060760933;65.26;0.49363867684478374;0.690631808278867
2403251;Parnamirim (RN);3;252716;0.6243;789666979.62;869.2709332214818;1083.881370589911;31.340000000000003;0.37811515012705993;0.43423311614437893
2403301;Encanto (RN);0;6016;0.4914;30881816.91;1440.1688846409575;1305.2217686170213;53.59;0.48506541594667985;0.5821256038647343
2403400;Equador (RN);3;5360;0.6024;33352188.16;2016.9829757462687;1653.5781567164179;33.57000000000001;0.46208401527550463;0.6335583413693346
2403509;Espírito Santo (RN);0;10620;0.5282;46129018.11;1147.8153719397365;1263.6589359698683;78.69000000000001;0.49661781285231116;0.5308427454387489
2403608;Extremoz (RN);3;61635;0.4972;151269212.34;858.2500139531111;706.0775046645575;14.149999999999999;0.4224884026864225;0.24717263932415862
2403707;Felipe Guerra (RN);0;5944;0.456;46828844.75;1538.044288358008;1865.2935531628534;76.89000000000001;0.4226902824317855;0.8262668045501551
2403756;Fernando Pedroza (RN);0;2938;0.5139;26860536.97;2139.3569366916267;2517.5062389380532;59.73;0.4631474103585657;0.5577889447236181
2403806;Florânia (RN);3;10196;0.5648;33451667.45;904.0397263632798;1011.9291153393488;17.98;0.4513879003558719;0.6912
2403905;Francisco Dantas (RN);0;2700;0.4598;23242545.25;2267.2799185185186;2439.4668740740744;75.67999999999998;0.4634146341463415;0.8114406779661016
2404002;Frutuoso Gomes (RN);3;4122;0.4291;26857711.09;1291.1750097040272;2291.748685104318;47.16;0.49401957230880755;0.7363057324840764
2404101;Galinhos (RN);2;2104;0.6075;43055247.03;3584.7431511406844;5393.722889733841;82.85;0.43912448700410395;0.3155737704918033
2404200;Goianinha (RN);3;26741;0.5289;140310188.94;1922.2272244867431;1085.0611798362067;33.75;0.46389664422182075;0.3185000777967948
2404309;Governador Dix-Sept Rosado (RN);0;11938;0.4663;68370229.53;1672.7382811191153;1262.2618126989446;75.75;0.4414392658778073;0.5902566333188343
2404408;Grossos (RN);3;9924;0.4409;56689618.08;1527.3709290608624;1193.076209189843;96.22000000000001;0.3981403212172443;0.526742301458671
2404507;Guamaré (RN);2;15295;0.5002;311873041.16;4842.733435763321;5893.781314154953;41.5;0.45113851992409865;0.29989065062875886
2404606;Ielmo Marinho (RN);0;11615;0.448;63574416.52;2299.0527395609124;1346.95404563065;77.75;0.46913736402732104;0.4556514913657771
2404705;Ipanguaçu (RN);0;14131;0.4751;59544866.34;1446.6497133960797;1155.4972535560116;88.64;0.43476495075642196;0.43787777031564806
2404804;Ipueira (RN);2;2035;0.624;22377620.19;2728.674737100737;2576.679955773956;22.91;0.5051775147928994;0.9970760233918129
2404853;Itajá (RN);0;7292;0.5112;41224830.18;1663.3962959407572;1581.0618869994514;84.24;0.4197819314641745;0.4146981627296588
2404903;Itaú (RN);3;5320;0.5217;33206278.05;1470.1665639097744;1337.8644605263157;64.42;0.44329896907216493;0.6622583926754833
2405009;Jaçanã (RN);0;7834;0.485;32651563.63;1220.441983660965;1275.2099093694153;24.06;0.4797884397431054;0.6710526315789473
2405108;Jandaíra (RN);0;6562;0.5423;55545842.83;2172.500140201158;2123.5803977445903;65.58;0.45628051486906346;0.40341296928327647
2405207;Janduís (RN);0;4746;0.4496;29170622.6;1842.7182005899706;1863.4018689422671;68.53;0.4990524320909665;0.7081081081081081
2405306;Januário Cicco (RN);0;9051;0.3848;45710007.41;1773.6659330460723;953.6821942326814;64.91000000000001;0.484257133486389;0.5159137577002053
2405405;Japi (RN);0;5117;0.4546;27056743.86;1634.4191068985735;1468.0687707641196;39.47;0.5072164948453608;0.5361284567350579
2405504;Jardim de Angicos (RN);2;2437;0.4003;26394454.63;2906.0890398030365;2569.3503364792778;68.42999999999999;0.5174346201743462;0.5649717514124294
2405603;Jardim de Piranhas (RN);0;13977;0.5182;57235179.96;1186.3973298991198;1138.65155970523;63.41;0.42914110429447855;0.5284049526584123
2405702;Jardim do Seridó (RN);3;11655;0.6019;46443851.79;826.7737897897897;965.4501235521235;15.81;0.4526984918359716;1.2159853569249541
2405801;João Câmara (RN);0;33290;0.5253;143874642.02;1844.5581492940823;980.3574797236407;47.78000000000001;0.4658740642888595;0.3968840771058886
2405900;João Dias (RN);2;2076;0.4262;23272590.69;2087.696604046243;2752.5054768786126;3.99;0.4609429978888107;0.5375586854460094
2406007;José da Penha (RN);0;5803;0.4777;31643930.72;2154.467642598656;1325.3099379631226;90.95;0.4960041247744264;0.904950495049505
2406106;Jucurutu (RN);0;17793;0.4844;78098832.71;1214.1975748890013;1166.5700719384026;52.660000000000004;0.44388541751196947;0.6940229173118613
2406155;Jundiá (RN);0;3739;0.4431;25713047.36;1925.9301711687617;1796.2585744851563;98.78999999999999;0.4950019992003199;0.5475
2406205;Lagoa d'Anta (RN);0;6654;0.4776;32151820.08;1604.479785091674;1373.069042681094;87.07;0.464026402640264;0.4041278295605859
2406304;Lagoa de Pedras (RN);0;7338;0.4791;34537055.31;1413.120066775688;1406.4082406650314;99.64999999999999;0.4729024488157367;0.5288773523685918
2406403;Lagoa de Velhos (RN);0;2567;0.4633;27110183.06;3003.926014803272;2249.8472224386446;97.59;0.47274813539873783;0.5344506517690876
2406502;Lagoa Nova (RN);0;15573;0.5156;69736985.4;1745.4482989790022;1099.9857400629294;61.910000000000004;0.47723392145702903;0.4946524064171123
2406601;Lagoa Salgada (RN);0;8319;0.368;37267158.07;1899.6637624714508;1144.7206587330209;76.94999999999999;0.48447537473233404;0.44261424017003187
2406700;Lajes (RN);3;9866;0.5562;74285642.46;1940.6645864585444;2084.7320575714575;24.38;0.4674996281421984;0.6594508975712777
2406809;Lajes Pintadas (RN);0;4787;0.468;33859813.34;2055.874831836223;1593.100361395446;63.87999999999999;0.4720172201722017;0.675764192139738
2406908;Lucrécia (RN);3;3490;0.4314;26812875.36;1636.1697994269343;2127.8866790830944;2.16;0.4427449359239355;0.6892744479495269
2407005;Luís Gomes (RN);0;9070;0.465;44502868.83;1783.043928335171;1203.613474090408;83.05000000000001;0.521556785774199;0.6009268795056643
2407104;Macaíba (RN);3;82249;0.5291;283367694.98;935.2099840727548;1049.9492448540407;55.51;0.444460055144799;0.3748370273794003
2407203;Macau (RN);3;27369;0.5229;155458825.24;1276.348921042055;1472.599862252914;8.59;0.4161751009003415;0.5455418908531898
2407252;Major Sales (RN);0;3924;0.5174;30099491.77;2311.440254841998;2368.5099719673804;46.019999999999996;0.535812133072407;0.6474127557160048
2407302;Marcelino Vieira (RN);0;7896;0.4473;31046352.08;1258.8254343971632;1027.5521580547113;41.14;0.47754491017964074;0.7575757575757576
2407401;Martins (RN);3;8179;0.5086;37919922.85;1374.5785695072748;993.5525748869055;64.2;0.4963410171972192;0.874913614374568
2407500;Maxaranguape (RN);0;10255;0.4042;46712301.4;1553.1823373963919;942.5362428083862;90.09;0.4700401376146789;0.4200952793417064
2407609;Messias Targino (RN);3;4274;0.4909;30582154.6;1030.8855615348618;1572.8669957884886;47.839999999999996;0.43808882907133245;0.5878048780487805
2407708;Montanhas (RN);0;11444;0.4309;47779918.76;1667.8981754631247;989.25961726669;83.69999999999999;0.518376011675733;0.49293083683607186
2407807;Monte Alegre (RN);0;23031;0.498;113011007.73;1739.2270409448133;994.2327258911902;76.56;0.4648899631090192;0.4410488958990536
2407906;Monte das Gameleiras (RN);2;2276;0.4709;28264470.07;2803.401405975396;2725.833167838313;25.759999999999998;0.4496815286624204;0.5182795698924731
2408003;Mossoró (RN);3;264577;0.6769;1012351577.74;826.0608227472532;1329.1667442748235;18.13;0.3993230199656221;0.4823788113796556
2408102;Natal (RN);3;751300;0.6561;3323830442.56;829.4411763343537;1508.637687861041;24.349999999999998;0.42689196606454727;0.6555521183194862
2408201;Nísia Floresta (RN);3;31942;0.509;123535146.23;1602.1331788867321;769.2644662200238;72.28;0.4148653437278526;0.38755555555555554
2408300;Nova Cruz (RN);0;34269;0.4863;123223330.5;1311.1305783652863;903.821655432023;34.599999999999994;0.4626120358514725;0.5296359017781541
2408409;Olho d'Água do Borges (RN);0;3905;0.5057;28030651.22;1333.9197208706785;1727.3118591549294;70.33;0.4641919760029996;1.0737018425460636
2408508;Ouro Branco (RN);3;4913;0.5173;30991207.87;1365.3589822918786;1423.3766822715245;20.96;0.5158901573588399;0.8786516853932584
2408607;Paraná (RN);0;3934;0.4579;27799924.54;1848.4303584138283;2041.4701474326384;96.21;0.5032479938861292;0.6670886075949367
2408706;Paraú (RN);0;3579;0.4208;27498273.44;2324.21146130204;1758.1798602961721;68.38000000000001;0.4379268782643632;0.847457627118644
2408805;Parazinho (RN);0;4801;0.4665;55912541.34;2640.340822745261;2275.993934596959;11.450000000000001;0.4933125972006221;0.4444444444444444
2408904;Parelhas (RN);3;21499;0.622;76661911.53;907.9418089213453;1161.6192506628215;19.970000000000002;0.47414975315414154;0.596628954052182
2408953;Rio do Fogo (RN);0;10351;0.425;55021976.78;1828.6531649116027;1557.6866727852382;72.69999999999999;0.48486587290202265;0.39209225700164746
2409100;Passa e Fica (RN);0;10896;0.5335;56105415.55;1598.574376835536;1278.4435792951542;33.370000000000005;0.4770231801545344;0.5407180385288967
2409209;Passagem (RN);2;3115;0.4795;28125291.09;2422.2294735152486;1783.3487800963082;80.41000000000001;0.48121730860675227;0.6535947712418301
2409308;Patu (RN);3;11007;0.466;50238264.49;830.5521940583266;1309.568614518034;54.98;0.4584603153570955;0.6763565891472868
2409332;Santa Maria (RN);0;4847;0.4297;27884288.05;1987.3051970290899;1313.5497813080256;86.44000000000001;0.4696785930867192;0.5068093385214008
2409407;Pau dos Ferros (RN);3;30479;0.6304;120298692.53;949.0469962925292;1598.9797959250632;38.12000000000001;0.40761095460213365;0.5590885002649708
2409506;Pedra Grande (RN);2;3618;0.3962;48976567.69;3244.4514953012713;2553.197896627971;36.59000000000001;0.47613219094247244;0.4197080291970803
2409605;Pedra Preta (RN);2;2441;0.4739;27219081.81;2488.7645227365833;3129.483768947153;96.55;0.4793939393939394;0.6142857142857143
2409704;Pedro Avelino (RN);0;6242;0.4474;41612156.64;2045.0300688881769;1688.2898814482537;46.79999999999999;0.503009872381411;0.5898021308980214
2409803;Pedro Velho (RN);0;13824;0.4828;68151532.37;1581.4745457175927;1123.870728443287;46.0;0.5231379462318202;0.48375
2409902;Pendências (RN);3;12278;0.4991;74219390.34;1664.7423261117447;1585.1472340772111;25.330000000000002;0.42983579829975543;0.5183052241875771
2410009;Pilões (RN);3;2965;0.4362;24629241.07;1820.048897133221;2099.7693929173693;22.97;0.470734126984127;0.8942115768463074
2410108;Poço Branco (RN);0;12390;0.4152;51751983.87;1261.2627191283293;1130.519591606134;71.92999999999999;0.4590202543570419;0.4810030395136778
2410207;Portalegre (RN);0;7601;0.466;40419708.71;2040.6021905012499;1539.2482370740693;74.3;0.5051485148514852;0.7460643394934976
2410256;Porto do Mangue (RN);0;5228;0.4449;49645540.25;2051.9805700076513;2225.467278117827;96.78;0.44619640387275245;0.3953287197231834
2410306;Serra Caiada (RN);0;10125;0.4979;57158321.43;2138.743072592593;1072.2520138271605;51.190000000000005;0.4902855460700618;0.4407439446366782
2410405;Pureza (RN);0;9362;0.4035;40489483.22;1834.2774001281778;1005.4947297585986;90.4;0.4948107935494172;0.39594594594594595
2410504;Rafael Fernandes (RN);0;5432;0.4275;17699880.47;;;95.15;0.4692994319718691;0.7127344521224087
2410603;Rafael Godeiro (RN);2;2934;0.5472;27329984.38;2086.0569802317655;2884.795739604635;82.24000000000001;0.47141424272818455;0.776937618147448
2410702;Riacho da Cruz (RN);0;2701;0.5008;27596770.42;2336.1481044057755;3384.491747500926;44.0;0.46316359696641385;0.6041275797373359
2410801;Riacho de Santana (RN);0;4127;0.451;26957850.97;1475.4081027380664;1737.9191228495274;92.09;0.4974600870827286;0.8328877005347594
2410900;Riachuelo (RN);3;7389;0.5656;37942178.2;1595.8363608066043;1399.581702530789;14.459999999999999;0.43782837127845886;0.4950166112956811
2411007;Rodolfo Fernandes (RN);3;4242;0.49;27540881.3;1881.754441301273;1720.371256482791;28.330000000000002;0.44285714285714284;0.7086614173228346
2411056;Tibau (RN);3;5382;0.5786;64839703.79;1648.1930694908956;2935.6198978075063;96.36;0.39177657098525986;0.5134865134865135
2411106;Ruy Barbosa (RN);0;3206;0.5686;28255141.05;2003.7050499064255;2080.1627479725516;94.96;0.46593507087334246;0.6435483870967742
2411205;Santa Cruz (RN);3;37313;0.5657;133159028.88;1037.2423104548013;979.521386380082;14.430000000000001;0.46543869295420626;0.49238131217730763
2411403;Santana do Matos (RN);0;12456;0.4531;48789341.93;1267.2126597623635;1045.2404463712267;51.519999999999996;0.4837403216200119;0.8325812274368231
2411429;Santana do Seridó (RN);2;2696;0.6354;24720722.59;2217.440578635015;2371.267559347181;30.189999999999998;0.4684095860566449;0.6862745098039216
2411502;Santo Antônio (RN);0;22177;0.5192;82421986.53;1096.2216499075619;1040.5923695720792;62.67;0.4501405871967567;0.5501013285296105
2411601;São Bento do Norte (RN);2;3304;0.5354;41141168.33;3054.0824122276026;2681.9454600484264;97.42;0.48694869486948694;0.48626373626373626
2411700;São Bento do Trairí (RN);0;3792;0.4748;25126497.59;1488.4108676160338;1939.9012684599156;22.71;0.4709076803723817;0.5705045278137129
2411809;São Fernando (RN);0;3492;0.556;25421749.3;1948.961302978236;1678.559739404353;27.049999999999997;0.4574290484140234;0.8961937716262975
2411908;São Francisco do Oeste (RN);0;4161;0.55;29090729.71;2345.762593126652;1157.0155851958664;82.71;0.45540398740818466;0.7064220183486238
2412005;São Gonçalo do Amarante (RN);3;115838;0.4743;473153983.56;985.8933504549458;1023.8308527426233;9.69;0.4078683503688669;0.3263378389060153
2412104;São João do Sabugi (RN);3;5956;0.5243;30181182.2;1515.33309435863;1224.6208579583613;52.58;0.4886278430392402;0.933728981206726
2412203;São José de Mipibu (RN);0;47286;0.5158;173734794.6;1440.7594808188471;934.4657378505267;61.67;0.46937634007644263;0.3829884636513459
2412302;São José do Campestre (RN);0;11121;0.4984;56628267.16;2078.8536192788415;1225.163215538171;69.73;0.4671503957783641;0.6295444086516336
2412401;São José do Seridó (RN);3;4558;0.6201;32058072.09;1406.5639512944274;1475.640144800351;24.32;0.4288401253918495;0.6363636363636364
2412500;São Miguel (RN);0;23537;0.4665;97412168.8;1510.7431172196966;1090.8369057229045;88.50999999999999;0.46292497979986325;0.5813163481953291
2412559;São Miguel do Gostoso (RN);0;10221;0.5398;66773604.66;2014.5553125917231;1490.7261745426083;54.02;0.4547395388556789;0.35841836734693877
2412609;São Paulo do Potengi (RN);3;16786;0.5171;74833368.37;1516.524617538425;1278.102262004051;32.56;0.4544666839961875;0.5698892547141574
2412708;São Pedro (RN);0;5776;0.4292;28065473.74;1485.2496450831025;1373.1268836565096;90.34;0.5006495193556768;0.6512425021422451
2412807;São Rafael (RN);3;7711;0.3762;33850880.13;1002.5817338866555;1423.0295746336403;28.68;0.4431967059704286;0.8528951486697965
2412906;São Tomé (RN);0;9972;0.5233;63509077.1;2158.741724829523;1203.1865974729242;21.189999999999998;0.4977470711925503;0.8218801539307312
2413003;São Vicente (RN);3;6310;0.5111;36658566.05;1117.4189508716324;1616.7020776545166;22.88;0.4465841357175607;0.6983435047951178
2413102;Senador Elói de Souza (RN);0;5965;0.4145;31168273.31;1553.9667342833195;1558.9845129924558;89.17;0.49274274274274277;0.5491738788355626
2413201;Senador Georgino Avelino (RN);0;4065;0.3901;29602371.45;2184.466536285363;1491.892836408364;90.89;0.5027726432532348;0.3518886679920477
2413300;Serra de São Bento (RN);0;5703;0.4371;31335521.76;1131.7130036822725;1161.7286919165351;92.59;0.49020120198588973;0.5804549283909014
2413359;Serra do Mel (RN);0;13091;0.457;96928623.65;2196.9017462378733;1817.5417217935985;70.47000000000001;0.46431767337807606;0.3308752805386342
2413409;Serra Negra do Norte (RN);3;7597;0.5176;50273807.42;1381.49710017112;1622.8998933789653;27.66;0.4168220813129429;0.7325581395348837
2413508;Serrinha (RN);0;6436;0.4502;35171404.9;1871.1927703542574;1574.012282473586;95.58;0.4640582347588717;0.6088328075709779
2413557;Serrinha dos Pintos (RN);0;4659;0.449;26840132.71;1618.7817814981756;1715.5818330113757;97.62;0.4809281627463446;0.8054892601431981
2413607;Severiano Melo (RN);0;5487;0.4824;30854033.31;1594.784045926736;1645.909323856388;64.08999999999999;0.4300234558248632;0.789587852494577
2413706;Sítio Novo (RN);0;4654;0.5003;29858106.08;2063.7064933390634;1691.2892135797163;52.9;0.4907110826393338;0.5842812823164426
2413805;Taboleiro Grande (RN);2;2338;0.4996;24374790.73;2431.2560479041913;2447.1319503849445;35.55;0.4512725015518312;0.5873362445414847
2413904;Taipu (RN);0;11422;0.42;44529597.42;1245.517904920329;1139.6955200490281;69.13999999999999;0.47723745473357476;0.4981729598051157
2414001;Tangará (RN);0;13281;0.4528;57756955.67;1404.412324373165;1154.9763782847676;23.63;0.47632281013783906;0.4780958951362539
2414100;Tenente Ananias (RN);0;10262;0.3889;53823222.72;1259.7137858117326;1656.7568125121809;64.9;0.4857391052555379;0.5648320895522388
2414159;Tenente Laurentino Cruz (RN);0;5891;0.5025;33919563.09;1896.8074588355119;1419.1885656085553;92.15;0.48612512613521697;0.40862573099415206
2414209;Tibau do Sul (RN);3;16929;0.5703;82961129.7;1470.3150487329433;1412.4103750959891;54.27;0.4072319201995013;0.3134048257372654
2414308;Timbaúba dos Batistas (RN);2;2348;0.527;23378012.4;2184.735817717206;2256.022461669506;11.97;0.42735562310030395;1.002849002849003
2414407;Touros (RN);0;33035;0.4892;131344697.86;1651.8692656273652;1030.3458946571818;57.6;0.45888535594417945;0.3893568658911619
2414456;Triunfo Potiguar (RN);0;3376;0.4306;26276411.1;2281.636048578199;2076.2193690758295;80.33000000000001;0.4633723450368444;0.5515239477503628
2414506;Umarizal (RN);3;10078;0.4967;39270991.98;1058.851648144473;1095.7667037110539;54.339999999999996;0.43316268486916953;0.8427102238354507
2414605;Upanema (RN);0;13577;0.5004;71117153.18;1507.669952124917;1303.6868616041838;61.010000000000005;0.4434403572187965;0.4864575908766928
2414704;Várzea (RN);0;5233;0.481;27787352.91;1306.0310414676094;1147.8767609401873;86.3;0.5159327925840093;0.672300469483568
2414753;Venha-Ver (RN);0;3014;0.4675;28801556.63;2862.9718579960186;2383.2769243530192;91.25000000000001;0.4581519109820997;0.5730897009966778
2414803;Vera Cruz (RN);0;10735;0.4955;62548919.54;1994.8494280391244;1332.881924545878;83.65;0.4659292639628568;0.48606271777003485
2414902;Viçosa (RN);3;1822;0.4862;23602265.37;1635.5471899012075;3557.428265642152;3.14;0.4741100323624595;0.6187845303867403
2415008;Vila Flor (RN);0;3174;0.4277;24638298.9;2095.9436357908003;1977.709013862634;84.2;0.46537396121883656;0.32806324110671936
2500106;Água Branca (PB);0;9335;0.516;52020488.63;1794.7232726298876;1143.1779882163898;37.18;0.4904997604981638;0.5390781563126252
2500205;Aguiar (PB);0;5003;0.5261;33252688.61;1774.4380871477115;1657.1685488706776;51.63000000000001;0.4988016776512882;0.769394261424017
2500304;Alagoa Grande (PB);0;26062;0.4547;99438110.91;1278.2914780139668;860.8653054255237;40.10000000000001;0.5272194550249047;0.5850951374207188
2500403;Alagoa Nova (PB);0;21013;0.489;94120352.37;1326.4912558892113;847.8729505544188;36.86;0.5159800880167376;0.46587415453986475
2500502;Alagoinha (PB);0;13725;0.4711;64342743.79;1501.2222018214936;1070.7373734061932;72.4;0.5062554872695347;0.46770601336302897
2500536;Alcantil (PB);0;5578;0.4944;35235655.4;2127.038418788096;1803.365770885622;73.53000000000002;0.5039094095443516;0.4647335423197492
2500577;Algodão de Jandaíra (PB);0;2953;0.4694;29103424.44;2036.765485946495;1476.1459972908906;84.50000000000001;0.5300518134715025;0.4168975069252078
2500601;Alhandra (PB);0;21730;0.5551;169055590.74;1981.776186378279;2034.015713299586;77.05999999999997;0.469732837335137;0.29643457158857567
2500700;São João do Rio do Peixe (PB);0;17964;0.5093;93840126.91;1995.234569694945;1252.7911272545089;44.74;0.4680068644275558;0.8492089118501776
2500734;Amparo (PB);0;2234;0.5073;26406677.44;2942.9603581020588;2413.366150402865;44.58;0.5145762711864407;0.5059523809523809
2500775;Aparecida (PB);0;7960;0.4819;35939922.46;1600.9702927135677;1141.7140515075375;55.93000000000001;0.5104364326375711;0.6770573566084788
2500809;Araçagi (PB);0;16646;0.4541;72448331.55;1691.2650192238377;988.0675303376186;89.46000000000001;0.5224071702944942;0.6264236902050114
2500908;Arara (PB);0;12212;0.4627;53831544.54;1245.4657066819523;961.5730371765476;29.589999999999996;0.5674496213579772;0.8443888193575303
2501005;Araruna (PB);0;17189;0.535;82914860.0;1896.1214049682935;986.3468642736634;44.2;0.5084686265906099;0.528356634133474
2501104;Areia (PB);0;22633;0.4865;86580337.16;1460.4102487518226;898.6424795652365;45.32999999999999;0.5050538635456843;0.5114427860696518
2501153;Areia de Baraúnas (PB);0;2005;0.4876;26551325.21;3318.9507830423936;3252.857586034913;58.989999999999995;0.500748502994012;0.5853080568720379
2501203;Areial (PB);0;7128;0.4999;36239885.85;2134.153340347924;937.8636840628507;38.28999999999999;0.5485552900282424;0.6011414077362079
2501302;Aroeiras (PB);0;18705;0.4889;77855591.51;1828.8455429029673;1038.1475952953756;68.54;0.5227124715076522;0.5776412776412776
2501351;Assunção (PB);0;4152;0.4706;33433653.17;2521.3279118497107;1507.4973073217727;37.49;0.5469448584202683;0.4477317554240631
2501401;Baía da Traição (PB);0;9224;0.4799;47450995.5;2368.359513226366;822.6513280572419;84.77999999999999;0.5196046128500824;0.28420195439739415
2501500;Bananeiras (PB);0;23134;0.4983;94008030.39;1317.0690351863059;832.3667225728366;81.32000000000001;0.4793451848062412;0.5659076665970336
2501534;Baraúna (PB);0;4762;0.5134;32272112.42;1877.9781667366656;1269.659892902142;42.57;0.5117460317460317;0.6774193548387096
2501575;Barra de Santana (PB);0;8059;0.4601;40009035.97;1931.9940513711379;1148.803796997146;84.67999999999999;0.516274694261524;0.7011779293242405
2501609;Barra de Santa Rosa (PB);0;12904;0.4207;68612428.69;1580.0349589274642;895.8275387476751;36.15;0.5027366950040759;0.7421307506053268
2501708;Barra de São Miguel (PB);0;5906;0.4734;38242672.48;2839.398874026414;1222.6525787334913;79.38;0.5050968399592253;0.5932475884244373
2501807;Bayeux (PB);3;82742;0.4852;293787406.76;792.3492533417128;905.0260746658287;52.12000000000001;0.43631850295970975;0.4446232542100121
2501906;Belém (PB);0;16401;0.4965;72641110.07;1726.7039631729772;972.5747442229133;19.12;0.4995885526195483;0.6750459840588596
2502003;Belém do Brejo do Cruz (PB);0;6268;0.4556;45184103.93;1950.2906238034461;1742.9514486279515;19.36;0.4675719971903535;0.6476897689768977
2502052;Bernardino Batista (PB);0;3504;0.5431;38642578.39;4671.164925799087;1658.9592636986301;6.130000000000001;0.5261324041811847;0.47317073170731705
2502102;Boa Ventura (PB);0;5207;0.4947;30958892.03;1932.5662108699826;1509.368682542731;42.599999999999994;0.5455624814485011;0.5954861111111112
2502151;Boa Vista (PB);0;6377;0.5634;49744224.93;2350.1539360200723;1549.9680053316608;28.060000000000002;0.4916959064327485;0.5828313253012049
2502201;Bom Jesus (PB);2;2286;0.526;32477801.81;4303.181093613299;2100.127283464567;90.42999999999999;0.48152948801036943;0.7041284403669725
2502300;Bom Sucesso (PB);0;4661;0.4847;39570334.72;1949.8807316026603;1789.4729864835872;29.51;0.5187357445421962;1.1311914323962518
2502409;Bonito de Santa Fé (PB);0;10252;0.4142;52926110.29;1383.9124824424505;1221.8946225126804;31.800000000000004;0.5185898385424381;0.4759696458684654
2502508;Boqueirão (PB);3;17598;0.4486;73416944.88;1134.5249676099556;1406.0405023298104;26.950000000000003;0.48933649289099523;0.49560269011898606
2502607;Igaracy (PB);0;5648;0.5189;30165850.11;1553.8388969546743;1330.8241483711047;47.09000000000001;0.5142091152815014;0.7109723461195361
2502706;Borborema (PB);0;4214;0.4412;27777309.35;2089.188725676317;1389.9727693402942;33.239999999999995;0.53125;0.5788336933045356
2502805;Brejo do Cruz (PB);0;13613;0.5411;75806384.03;1771.2014882832586;1201.9784654374494;17.990000000000002;0.44037667971643213;0.5256598240469208
2502904;Brejo dos Santos (PB);3;5742;0.4857;33357189.58;1560.988732149077;1199.163350748868;7.309999999999999;0.4894941634241245;0.7264409881061299
2503001;Caaporã (PB);0;21193;0.4787;105101005.3;1369.296131269759;945.1304402397019;61.269999999999996;0.4902608817945292;0.2868217054263566
2503100;Cabaceiras (PB);0;5335;0.5628;40242456.15;1790.4814751640113;1385.9010402999063;42.52;0.5212432278300542;0.6724611161939615
2503209;Cabedelo (PB);3;66519;0.6478;503344056.1;1313.6784626948693;1278.2577236579023;34.9;0.4445578526754691;0.4373683471422553
2503308;Cachoeira dos Índios (PB);0;9151;0.3772;49217354.12;1452.553437875642;1094.8295519615342;75.28;0.5160702451954937;0.6368891224382554
2503407;Cacimba de Areia (PB);0;3291;0.4421;28278185.93;2653.607298693406;2081.1776967487085;39.45;0.48644986449864497;0.5341880341880342
2503506;Cacimba de Dentro (PB);0;16064;0.4302;71666490.49;1525.94905938745;1075.1376774153387;64.63;0.5256909488080539;0.618421052631579
2503555;Cacimbas (PB);0;7223;0.4314;50068314.49;2274.882680326734;1291.9163560847294;44.6;0.6047544990002222;0.3200775945683802
2503605;Caiçara (PB);0;6602;0.4876;37648931.55;2690.8093456528327;1362.640368070282;36.99000000000001;0.49943220531455823;0.5529661016949152
2503704;Cajazeiras (PB);3;63239;0.5997;220719484.1;1034.5606883410555;892.8737739369693;23.3;0.4514677867290964;0.6108426828269593
2503753;Cajazeirinhas (PB);0;2740;0.4758;28371685.73;3564.0358211678836;2073.984594890511;53.68000000000001;0.49318801089918257;0.5766550522648084
2503803;Caldas Brandão (PB);0;5753;0.4553;48376532.24;2082.330043455588;1347.6672675126022;91.71000000000001;0.498567335243553;0.5118483412322274
2503902;Camalaú (PB);0;6085;0.4671;34092054.72;1916.203115858669;1133.0750221857024;63.269999999999996;0.5163219536506355;0.6655948553054662
2504009;Campina Grande (PB);3;419379;0.656;1363532291.17;820.2932597483423;1149.6369348489077;8.11;0.4376917618262411;0.5231255592007158
2504033;Capim (PB);0;6970;0.4452;35834251.9;1816.779655667145;809.5459469153515;94.08000000000001;0.5148880678113453;0.32198660714285715
2504074;Caraúbas (PB);0;3944;0.4359;30756222.21;2702.7571146044625;1483.1967444219067;49.62;0.48493975903614456;0.7405405405405405
2504108;Carrapateira (PB);0;2312;0.5336;26747027.13;2916.7945588235293;2608.9179238754327;73.47;0.4029126213592233;0.5514018691588785
2504157;Casserengue (PB);0;6889;0.3942;34175178.5;1931.0020220641604;1073.1624851212077;48.67;0.512071992976295;0.6452750352609309
2504207;Catingueira (PB);0;4491;0.5538;35323642.34;2311.062355822756;1640.7421977287909;60.61;0.5187690226580994;0.5510616784630941
2504306;Catolé do Rocha (PB);3;30661;0.566;106122169.94;1053.458713675353;964.7583904634553;24.290000000000003;0.4495555975794251;0.6226962457337883
2504355;Caturité (PB);0;5254;0.4612;35094254.34;2491.6734944803957;1220.9283612485726;74.42;0.4909194097616345;0.5082824760244115
2504405;Conceição (PB);0;18260;0.4473;75052400.93;1323.4685761226724;1304.5907792990142;44.46;0.48130120872880666;0.588487282463186
2504504;Condado (PB);3;6451;0.5541;37980904.36;1649.710210820028;1203.740669663618;38.07;0.492596020360944;0.7393790849673203
2504603;Conde (PB);0;27605;0.5795;166781560.44;1994.4118612570187;1198.0875562398116;64.06;0.47992280062188386;0.3143444428130965
2504702;Congo (PB);0;4933;0.49;34927801.24;1980.4534259071559;1604.5693553618487;29.37;0.46206283343212806;0.6655982905982906
2504801;Coremas (PB);0;14683;0.4732;58127698.51;971.1616992440236;1103.9369297827418;20.98;0.49704323001631323;0.5874308042982742
2504850;Coxixola (PB);2;1824;0.5707;24598316.25;2248.3564364035087;2379.867033991228;59.41;0.46153846153846156;1.013986013986014
2504900;Cruz do Espírito Santo (PB);0;17095;0.4246;72463201.95;1813.5443942673298;981.3875928634104;53.65;0.44823788546255505;0.3622554067971164
2505006;Cubati (PB);0;7580;0.5381;36944761.17;1906.2770013192612;1268.9241437994724;33.04;0.4822057098161909;0.5509433962264151
2505105;Cuité (PB);0;19719;0.5514;81132163.9;1044.1294568690096;1136.9000603478878;74.89999999999999;0.4898005439709882;0.7260383386581469
2505204;Cuitegi (PB);0;6730;0.4394;37494811.46;1430.208280832095;901.5999257057949;58.230000000000004;0.5188445046264951;0.4541429475015813
2505238;Cuité de Mamanguape (PB);0;6251;0.4599;37108878.64;2377.5257110862262;1344.9888609822426;98.44000000000001;0.5309821209894685;0.5698769007965243
2505279;Curral de Cima (PB);0;5254;0.4756;35267746.41;2154.915344499429;1338.8649257708414;99.42999999999999;0.5149942329873126;0.6032315978456014
2505303;Curral Velho (PB);0;2292;0.5162;24888895.51;2427.7829232111694;1792.9426483420593;56.709999999999994;0.444234404536862;0.5460526315789473
2505352;Damião (PB);0;4982;0.5068;22450072.28;2902.7660658370132;1196.561045764753;86.69;0.5078692493946732;0.6026743075453678
2505402;Desterro (PB);0;8067;0.5054;43089784.31;1636.8194731622661;1028.3948729391348;57.09999999999999;0.510108573567952;0.5509391007398976
2505501;Vista Serrana (PB);0;3641;0.4559;27540434.59;1987.6836116451525;1694.775690744301;51.29999999999999;0.43969948596283115;0.5465924895688457
2505600;Diamante (PB);0;6299;0.4227;31455346.79;1023.1175234164153;964.50560088903;56.22;0.49726646066080343;0.5658682634730539
2505709;Dona Inês (PB);0;10380;0.5451;56810904.11;2123.329850674374;1084.7045539499036;79.28000000000002;0.5224405984159578;0.5446660884648742
2505808;Duas Estradas (PB);2;3327;0.4797;28713013.63;3119.659954914337;1841.143378418996;47.0;0.4972997299729973;0.7131782945736435
2505907;Emas (PB);0;3011;0.4814;27842444.38;2452.624410494852;2084.213729657921;28.13;0.4745347698334966;0.5188087774294671
2506004;Esperança (PB);0;31231;0.5555;143417518.94;1483.6483788543433;1047.49943741795;28.720000000000002;0.5061972510248373;0.5158867706528019
2506103;Fagundes (PB);0;11049;0.4391;47030571.28;1704.7032464476422;1068.9429215313603;83.21;0.5557589411433399;0.5756487025948104
2506202;Frei Martinho (PB);2;2846;0.5125;25984965.94;1708.410252986648;1921.636300070274;31.89;0.48383733055265904;0.9829059829059829
2506251;Gado Bravo (PB);0;8179;0.4656;41844329.75;2321.795408974202;1105.656448221054;97.82;0.5365395453691527;0.5479674796747968
2506301;Guarabira (PB);3;57484;0.5997;205581831.83;887.3563854289889;785.4361801544778;21.480000000000004;0.45709867937441384;0.48823966328299084
2506400;Gurinhém (PB);0;13766;0.5181;67080397.97;1868.756466656981;1218.3240011622838;42.35;0.49338251247559123;0.5190380761523046
2506509;Gurjão (PB);0;3242;0.5876;28228899.99;2533.8698827884023;2328.553852560148;38.42;0.5170800187178287;0.6346153846153846
2506608;Ibiara (PB);0;5631;0.4393;31997559.36;1544.1232250044397;1360.2495151838039;71.55;0.5251895991332611;0.7128975265017667
2506707;Imaculada (PB);0;10392;0.4402;45984546.91;1511.6283987682834;1252.1967003464204;48.38;0.4943917169974116;0.4536997885835095
2506806;Ingá (PB);0;17692;0.4709;90428041.96;1762.491319805562;1239.0284738865025;78.87999999999998;0.5136892539356606;0.6074966532797859
2506905;Itabaiana (PB);0;23182;0.5495;87575814.94;1095.5454645845916;922.241338107152;61.93;0.4802375327246025;0.630745880312229
2507002;Itaporanga (PB);3;23940;0.5669;81685507.92;861.534036758563;822.7577251461989;19.59;0.4537284430410493;0.4944
2507101;Itapororoca (PB);0;18382;0.5078;81165222.87;2294.9603606789246;734.7027673811336;83.95;0.5026567481402763;0.49356327422880736
2507200;Itatuba (PB);0;10499;0.4699;48822744.58;1453.9074130869606;1086.1975778645585;73.94;0.5338203067932797;0.5193347193347193
2507309;Jacaraú (PB);0;14477;0.4703;86366331.61;1937.5473779097879;1311.3271596325205;71.32000000000001;0.5187788501888376;0.567850348763475
2507408;Jericó (PB);0;7516;0.4429;41509416.1;1772.7085803618945;1568.5172924427889;42.970000000000006;0.48449535848311276;0.784
2507507;João Pessoa (PB);3;833932;0.6497;3443097019.54;853.7921487963048;1151.931437479315;10.230000000000002;0.4199832108199965;0.5218764847071309
2507606;Juarez Távora (PB);0;7796;0.4218;35067359.38;1700.7381221139044;1166.0676141611082;86.37999999999998;0.47511825922421946;0.5172205438066465
2507705;Juazeirinho (PB);0;17007;0.4775;80260658.67;1872.82162756512;907.8259610748515;41.54999999999999;0.5377034358047016;0.3924139545773824
2507804;Junco do Seridó (PB);0;6793;0.5007;41216988.15;2124.0730575592524;1417.13468423377;34.75999999999999;0.5028761061946903;0.5686680469289165
2507903;Juripiranga (PB);0;10012;0.5634;50551691.95;2126.5125419496603;1210.8673012385138;73.14;0.5130723893002871;0.4793028322440087
2508000;Juru (PB);0;9234;0.4694;41073906.45;1387.8947931557288;1115.352880658436;47.970000000000006;0.4924842411508001;0.5927861996863565
2508109;Lagoa (PB);0;4415;0.4659;31023768.27;2159.650027180068;1406.3322378255946;57.870000000000005;0.5083703450632047;0.7526501766784452
2508208;Lagoa de Dentro (PB);0;7819;0.4478;41103971.77;2354.3515692543806;995.6991328814426;78.1;0.5473975855927172;0.6062717770034843
2508307;Lagoa Seca (PB);0;27730;0.4901;106983494.38;1188.576936530833;951.1012491886045;50.25;0.4868632707774799;0.48027388327355724
2508406;Lastro (PB);0;3162;0.4483;27760071.28;2173.580702087286;2147.3798039215685;47.78999999999999;0.5297532656023222;0.7244094488188977
2508505;Livramento (PB);0;6877;0.4694;37957791.18;1850.2479671368328;1081.8240759051912;44.89000000000001;0.5388230029089282;0.5800524934383202
2508554;Logradouro (PB);0;4797;0.5404;31854018.55;1949.6525370022928;1462.9124015009381;35.519999999999996;0.4814700432365658;0.44888475836431224
2508604;Lucena (PB);0;12560;0.4642;69129128.67;1729.0168765923565;1082.0567117834396;41.23;0.48938693228981384;0.3526712553261226
2508703;Mãe d'Água (PB);0;3583;0.4995;30857790.21;1998.995604242255;1571.7053084007814;37.03;0.5246808510638298;0.633112582781457
2508802;Malta (PB);0;6046;0.4869;34199841.56;1798.8729788289777;1106.6619351637446;13.260000000000002;0.509236145781328;0.6385542168674698
2508901;Mamanguape (PB);0;44599;0.4998;155378178.6;1061.6426027489406;851.1687842776744;57.91;0.49615887819115034;0.3891236968160045
2509008;Manaíra (PB);0;10434;0.4184;46128549.63;1597.8156737588652;961.7829125934445;69.13;0.5221006564551423;0.48383084577114427
2509057;Marcação (PB);0;8999;0.4074;40623220.77;2217.6239215468386;800.6458184242694;37.88;0.5320054477357848;0.2812628126281263
2509107;Mari (PB);0;21512;0.4855;75005149.63;1138.4143854592785;777.7700571773894;88.82;0.5067591230650696;0.6013722886232846
2509156;Marizópolis (PB);0;6705;0.5247;40988577.0;2682.374362416107;1002.9168143176734;56.08;0.4857079547972524;0.5953420669577875
2509206;Massaranduba (PB);0;14139;0.407;57186184.35;1539.5255392884926;1125.6142577268547;75.7;0.49082665541965415;0.5347840422024398
2509305;Mataraca (PB);0;8244;0.518;61962901.37;2665.6592491508977;1473.0921712760794;51.23;0.5261014439096631;0.31270207852193993
2509339;Matinhas (PB);0;4571;0.4685;29927694.78;2068.2145941807044;1047.7858980529425;20.5;0.5297858099062919;0.4364791288566243
2509370;Mato Grosso (PB);0;2543;0.4777;26263330.38;2776.577341722375;2233.273511600472;46.86;0.482798833819242;0.6761133603238867
2509396;Maturéia (PB);0;6433;0.461;34276587.15;1847.6318513912636;1150.532538473496;44.12;0.48946515397082657;0.4235690235690236
2509404;Mogeiro (PB);0;13899;0.4898;56573566.58;1728.3485214763652;962.276283905317;72.53999999999999;0.5053612043756093;0.49791332263242377
2509503;Montadas (PB);0;5812;0.4859;34543806.93;1777.6081056434964;1187.6543599449415;44.85;0.5327004219409283;0.5153788447111778
2509602;Monte Horebe (PB);0;4338;0.444;41260326.99;3880.075424158598;1694.6317588750578;18.88;0.5057271780631725;0.6170921198668147
2509701;Monteiro (PB);0;32277;0.5428;137067147.04;1440.9903658952196;1368.3874077516498;27.06;0.49078564500484967;0.6109763493026077
2509800;Mulungu (PB);0;8791;0.4282;38560966.37;1548.0197736321238;984.6174508019565;76.25;0.48798239675016924;0.5441885377611141
2509909;Natuba (PB);0;8945;0.5418;49995142.59;1976.3008999441029;1304.1243297931806;78.78;0.5125126817720663;0.5631768953068592
2510006;Nazarezinho (PB);0;7203;0.4073;41596314.46;1258.767283076496;971.2641121754825;54.05000000000001;0.4962609056917324;0.7489019033674963
2510105;Nova Floresta (PB);0;9724;0.4325;42999893.66;1504.3059265734266;916.8465086384203;97.79;0.5111111111111111;0.630639563708478
2510204;Nova Olinda (PB);0;5787;0.5299;34635458.49;2457.560029376188;1378.930732676689;79.8;0.513336820083682;0.526438569206843
2510303;Nova Palmeira (PB);0;4259;0.5846;30428955.64;1501.71352195351;1241.6019558581827;37.38;0.4640770024063252;0.7578125
2510402;Olho d'Água (PB);0;6060;0.4411;33170210.33;1494.4955016501651;1351.2077277227722;46.45;0.5074626865671642;0.5740740740740741
2510501;Olivedos (PB);0;3580;0.4189;28709745.93;2688.082502793296;1823.0557877094973;41.99;0.4738575545491972;0.7465857359635811
2510600;Ouro Velho (PB);2;2918;0.591;32275422.97;2545.169239204935;2550.0112988348183;25.36;0.5018013381369018;0.6868512110726643
2510659;Parari (PB);2;1720;0.5354;23601887.27;2653.6320755813954;2327.9245058139536;46.9;0.519434628975265;0.8607594936708861
2510709;Passagem (PB);0;2463;0.5571;24644994.67;2841.7871701177423;2363.296358099878;39.989999999999995;0.5018292682926829;0.5440900562851783
2510808;Patos (PB);3;103165;0.6148;346553701.23;871.8159176077158;856.2399130519071;7.7299999999999995;0.4462248016373679;0.5064363464268812
2510907;Paulista (PB);0;11834;0.486;60978016.06;1871.3944929863105;1073.2719874936622;34.4;0.4566715903495815;0.6719242902208202
2511004;Pedra Branca (PB);0;3739;0.4763;32282178.73;2177.988558438085;1898.5329794062582;52.489999999999995;0.48904818797291916;0.5989583333333334
2511103;Pedra Lavrada (PB);0;6859;0.6114;42894403.07;2092.645500801866;1578.8324493366379;58.010000000000005;0.4959651035986914;0.7519260400616333
2511202;Pedras de Fogo (PB);0;29662;0.535;153328868.65;1793.5970730227227;1076.0875858000134;64.38;0.4693614702531332;0.4269578313253012
2511301;Piancó (PB);3;16441;0.4932;76089608.93;984.8847454534397;2293.778582203029;42.400000000000006;0.44548971338139615;0.6744877726371448
2511400;Picuí (PB);0;18333;0.5703;87237620.2;1617.8206894670811;974.8145557191949;32.690000000000005;0.4848141248886369;0.6082751209027405
2511509;Pilar (PB);0;12311;0.5453;52592001.09;1504.0172244334335;1069.7740313540735;86.10000000000001;0.4996954562066025;0.45357902197023386
2511608;Pilões (PB);0;6815;0.4444;37825637.85;1573.7107747615553;812.7494614820249;89.25;0.531804899977523;0.4497549019607843
2511707;Pilõezinhos (PB);0;5329;0.4266;36377750.6;1379.2516250703698;1110.1288440607996;59.80999999999999;0.5282477774591339;0.4390625
2511806;Pirpirituba (PB);0;9340;0.4541;44130487.99;1385.573720556745;897.813381156317;33.1;0.5025740025740025;0.5358898721730581
2511905;Pitimbu (PB);0;16751;0.482;114719645.97;2055.133632021969;1216.143441585577;67.25999999999999;0.47924761568350405;0.3080260303687636
2512002;Pocinhos (PB);0;17469;0.4613;89965246.13;1603.6361497509877;1311.132025874406;38.910000000000004;0.526343381389253;0.5067533766883442
2512036;Poço Dantas (PB);0;3830;0.4313;3831178.2;3069.988817232376;1845.5588015665796;33.36;0.4696853415195702;0.5357590966122961
2512077;Poço de José de Moura (PB);0;4006;0.4661;40881389.37;3388.806477783325;1445.10441337993;36.42000000000001;0.5031894934333959;0.9075391180654339
2512101;Pombal (PB);3;32473;0.5925;131939389.23;1583.8626351122468;1135.7632824192406;20.200000000000003;0.47859939896184317;0.7030136098509397
2512200;Prata (PB);0;3915;0.5347;28204264.61;1810.7513307790548;1739.7957496807153;47.55;0.5281030444964872;0.6891385767790262
2512309;Princesa Isabel (PB);0;21114;0.6013;111020014.83;1537.1863375011842;2074.5472013829685;36.97;0.4842882249560633;0.5200794351279788
2512408;Puxinanã (PB);0;14277;0.5388;63087864.2;1862.2521804300623;804.3080661203334;73.2;0.49044785468211716;0.47088290544771444
2512507;Queimadas (PB);0;47658;0.5271;178328520.02;1314.4401166645684;711.5328631079777;37.230000000000004;0.4971726564463433;0.4697251114413076
2512606;Quixaba (PB);2;1743;0.5602;25941363.69;4372.127309236947;2942.6977395295467;46.35;0.462248322147651;0.5521126760563381
2512705;Remígio (PB);0;17885;0.5217;83962958.49;1619.414121330724;822.5174117975957;25.11;0.5252430496332935;0.5616125760649088
2512721;Pedro Régis (PB);0;5766;0.3871;31360966.52;1789.6844398196324;1306.616600763094;98.42;0.5491671144545943;0.5771604938271605
2512747;Riachão (PB);0;2927;0.546;29987962.84;2372.3211308507002;1928.8757738298598;75.28999999999999;0.5348715259570005;0.596244131455399
2512754;Riachão do Bacamarte (PB);0;4690;0.5421;35927420.76;2834.331545842217;1135.833417910448;38.51;0.44174608054103903;0.5585683297180043
2512762;Riachão do Poço (PB);0;4738;0.425;32486498.95;2259.5311671591394;1244.7428809624314;99.82;0.5012674271229405;0.5240847784200385
2512788;Riacho de Santo Antônio (PB);2;1955;0.5016;26386802.33;4030.7276368286443;2617.724148337596;40.18;0.44814814814814813;0.3972286374133949
2512804;Riacho dos Cavalos (PB);0;8493;0.4767;44335721.39;2213.4987825267867;1026.6460178970917;55.650000000000006;0.44734151329243355;0.5794223826714802
2512903;Rio Tinto (PB);0;24581;0.4924;89725490.28;1279.5634595826045;1065.627779585859;33.18;0.4954675427389426;0.5006449235304957
2513000;Salgadinho (PB);0;3355;0.4083;29872760.71;2194.583305514158;1938.687299552906;75.23;0.5004472271914132;0.5985714285714285
2513109;Salgado de São Félix (PB);0;11505;0.4964;52731127.57;1945.9326093003044;894.8395236853543;79.28999999999999;0.5327737809752199;0.7409664780148019
2513158;Santa Cecília (PB);0;7670;0.4293;36861501.59;1911.9182385919164;938.0947014341591;95.99000000000001;0.5009784735812133;0.46285714285714286
2513208;Santa Cruz (PB);0;5947;0.5126;33863602.96;1040.1350664200438;1456.052340675971;21.919999999999998;0.565411950513293;1.0225988700564972
2513307;Santa Helena (PB);0;5865;0.4858;35167157.75;1837.5274339300938;1251.1232634271098;39.7;0.5050038491147036;0.9032882011605415
2513356;Santa Inês (PB);0;3227;0.49;25165032.07;2199.76431670282;1653.3591726061356;84.28999999999999;0.4728434504792332;0.47368421052631576
2513406;Santa Luzia (PB);3;14959;0.6291;73015139.98;1127.8591831004746;1193.616991777525;8.459999999999999;0.48579658323400876;0.7041811846689896
2513505;Santana de Mangueira (PB);0;5010;0.5107;33227431.66;2151.509229540918;1439.3979141716566;71.35;0.45091225021720244;0.5775075987841946
2513604;Santana dos Garrotes (PB);0;6569;0.466;36133011.52;2411.8004003653523;1450.8687425787791;71.33;0.5227167362076959;0.796812749003984
2513653;Joca Claudino (PB);0;2539;0.4499;28857220.93;3749.8512760929502;1880.3944781410005;58.160000000000004;0.4908984145625367;0.7344398340248963
2513703;Santa Rita (PB);3;149910;0.4489;377183217.84;617.6925135081049;593.2165605363218;58.019999999999996;0.4506483452680472;0.35059888054290766
2513802;Santa Teresinha (PB);0;4402;0.6204;31483465.6;2148.325563380282;1654.971460699682;27.06;0.4561693681773073;0.7544529262086515
2513851;Santo André (PB);0;2622;0.5509;26747550.62;2423.151659038902;2578.600846681922;72.13;0.49146757679180886;0.8782608695652174
2513901;São Bento (PB);3;32235;0.4714;161674863.53;2153.89068434931;1187.485667752443;18.840000000000003;0.41177243463408225;0.46289092889372957
2513927;São Bentinho (PB);0;4327;0.5672;32210529.93;2027.4678530159465;1580.9504807025653;22.26;0.5182456140350877;0.6803185437997725
2513943;São Domingos do Cariri (PB);0;2585;0.5294;27648804.98;2929.558506769826;1782.8635319148939;43.47;0.5350356294536817;0.65625
2513968;São Domingos (PB);0;2595;0.551;25596557.62;2336.424998073218;2607.758951830443;76.12;0.5017361111111112;0.8725701943844493
2513984;São Francisco (PB);0;3137;0.5076;28911872.89;2185.7404016576347;2367.0302358941663;50.09;0.5257782101167315;1.0018518518518518
2514008;São João do Cariri (PB);0;4226;0.5752;32097582.82;2395.18414813062;1702.9940534784666;49.73;0.5361686659396583;0.7643540669856459
2514107;São João do Tigre (PB);0;4263;0.502;31532384.97;2444.7421979826413;1411.0790194698568;55.21;0.5214132762312634;0.625139043381535
2514206;São José da Lagoa Tapada (PB);0;7126;0.4009;42681476.72;2738.5157381420154;1099.1737145663767;74.17999999999999;0.5249304515300663;0.7609475951184493
2514305;São José de Caiana (PB);0;5034;0.4808;31578955.65;2050.1939491458083;1549.6492749304728;43.040000000000006;0.5263796240145543;0.5753176043557169
2514404;São José de Espinharas (PB);0;4083;0.4361;32891631.48;2004.9703722752877;1975.995442076904;31.389999999999997;0.49779897285399854;0.783180026281209
2514453;São José dos Ramos (PB);0;5891;0.4123;37523724.94;2198.218302495332;1091.6261517569174;97.96000000000001;0.4917700683717397;0.44925373134328356
2514503;São José de Piranhas (PB);0;19067;0.4205;90345952.75;2079.1995190643524;1014.8908606492893;28.590000000000003;0.4776038437693738;0.6158888306240168
2514552;São José de Princesa (PB);0;3416;0.4329;26831418.86;1571.4416656908663;1536.3559074941452;97.28;0.4982456140350877;0.6559766763848397
2514602;São José do Bonfim (PB);0;3242;0.4087;26946474.67;1870.0018568784699;1785.0903115360888;44.83;0.48239597622313674;0.5289855072463768
2514651;São José do Brejo do Cruz (PB);2;1699;0.5496;25930676.12;4370.932307239553;2976.6559152442615;12.92;0.46718480138169255;0.523943661971831
2514701;São José do Sabugi (PB);2;4138;0.5413;36655704.88;2692.956152730788;2832.936372643789;21.59;0.44080779944289694;0.7177747625508819
2514800;São José dos Cordeiros (PB);0;3411;0.5306;25737863.46;2286.8090911756085;1687.8613573732043;48.91;0.518699910952805;0.7950693374422187
2514909;São Mamede (PB);0;7470;0.5336;49252515.47;1790.2925930388221;1232.2814993306558;18.78;0.5617813088020072;0.8895921237693389
2515005;São Miguel de Taipu (PB);0;7066;0.4509;47214928.02;1888.0334022077554;1349.768434757996;47.7;0.4763894692854158;0.4330609679446889
2515104;São Sebastião de Lagoa de Roça (PB);0;11040;0.4595;46797289.27;1174.4003885869565;799.8226394927535;47.08;0.4953271028037383;0.5742574257425742
2515203;São Sebastião do Umbuzeiro (PB);2;3279;0.4798;26531839.71;2456.654998475145;1895.1586428789267;43.730000000000004;0.5408834586466166;0.6396011396011396
2515302;Sapé (PB);0;51306;0.4453;175405046.86;985.4500255330762;852.4316458114062;53.190000000000005;0.4851932262266609;0.4983908456999821
2515401;São Vicente do Seridó (PB);0;10291;0.4332;45740637.95;1644.520221552813;1255.76460985327;83.86;0.4986165720110674;0.4570212765957447
2515500;Serra Branca (PB);3;13614;0.4961;53230942.12;789.3363713824004;1134.9640583223152;56.07;0.5248655913978495;0.8283261802575107
2515609;Serra da Raiz (PB);0;3094;0.5401;28816316.93;2900.6862346477055;1593.8814802844215;85.5;0.5370094386487829;0.582723279648609
2515708;Serra Grande (PB);0;2942;0.5517;27133922.75;2043.1560978925897;2006.921033310673;21.029999999999998;0.5259336099585062;0.49557522123893805
2515807;Serra Redonda (PB);0;6828;0.403;31937641.27;1229.6955082015231;1089.4681795547745;65.91999999999999;0.5096175105018793;0.6849415204678363
2515906;Serraria (PB);0;4885;0.4483;28209523.0;1303.4241330603888;1421.1463172978506;82.63;0.5488268864933418;0.6027777777777777
2515930;Sertãozinho (PB);0;5054;0.5205;35344921.75;1874.2051424614165;1094.5305698456668;31.01;0.5375722543352601;0.6211009174311927
2515971;Sobrado (PB);0;8236;0.4227;38999077.63;1915.8782272948033;935.3103132588635;85.45;0.4985443959243086;0.5146489773355445
2516003;Solânea (PB);0;26774;0.4041;88231978.69;1120.2244774781504;780.4806883543736;47.690000000000005;0.49893628932930245;0.631636763090443
2516102;Soledade (PB);3;13968;0.5409;75004367.56;1816.9680612829327;1283.1942189289807;25.31;0.507283910650696;0.5443495400788436
2516151;Sossêgo (PB);0;3345;0.526;29280569.97;2375.8013841554557;1851.0262959641254;31.040000000000003;0.5115228197017623;0.5485636114911081
2516201;Sousa (PB);3;67259;0.5179;215011713.32;774.4790288288556;1078.759939338973;17.29;0.45945535423673645;0.5874943769680612
2516300;Sumé (PB);3;17166;0.5743;84233523.59;1211.4128201095186;1497.9367179307933;24.52;0.487006237006237;0.6887954340642836
2516409;Tacima (PB);0;8010;0.4571;43835271.69;1753.6556853932586;1248.4259338327092;67.45;0.501968873054566;0.6596404215747055
2516508;Taperoá (PB);0;14068;0.394;66251345.73;1218.5367685527438;1031.4018822860392;24.89;0.5572282488377241;0.5996186844613918
2516607;Tavares (PB);0;14101;0.387;63891620.28;1593.4087497340615;1252.4509878732003;67.07;0.5133075767332046;0.5605220228384992
2516706;Teixeira (PB);0;14631;0.5441;68685298.15;1785.6244521905542;1266.8915925090562;52.580000000000005;0.503854455750848;0.43333333333333335
2516755;Tenório (PB);0;2966;0.4195;28009882.84;2233.0312204989887;1909.6051719487523;76.31;0.48077883175237146;0.4815384615384615
2516805;Triunfo (PB);0;9892;0.5608;50226313.78;2073.933072179539;1085.3313414880713;38.02;0.477299880525687;0.6776902887139108
2516904;Uiraúna (PB);0;14930;0.4536;72394502.81;1715.8287173476222;1310.8075626255861;20.49;0.5059511801492839;0.7637130801687764
2517001;Umbuzeiro (PB);0;9124;0.5549;42396167.94;1951.6227181060942;1192.893787812363;58.449999999999996;0.5214273803568451;0.5541749502982107
2517100;Várzea (PB);2;2668;0.5546;25865255.3;2680.3906259370315;1856.1472901049474;25.33;0.500562429696288;0.9347826086956522
2517209;Vieirópolis (PB);0;4864;0.5057;32501235.9;1878.6494572368422;1934.3077282072366;56.4;0.5353535353535354;0.9976442873969376
2517407;Zabelê (PB);2;2228;0.5054;25236295.04;2559.9391921005385;2024.284793536804;36.4;0.5208191126279863;0.5539714867617108
2600054;Abreu e Lima (PE);3;98462;0.4808;266029454.85;746.0849033129532;425.6851795616583;49.74;0.427999593914519;0.4983245329000812
2600104;Afogados da Ingazeira (PE);3;40241;0.5674;165203948.87;1396.914596058746;770.1340667478443;23.42;0.48108207581891793;0.5361382066047714
2600203;Afrânio (PE);0;18674;0.5201;97475069.17;1380.054557673771;1157.5217735889473;52.02;0.46382378302108646;0.47851074462768617
2600302;Agrestina (PE);0;23779;0.5068;104073591.37;1236.5496656713908;910.9525463644392;26.13;0.46260302620248495;0.5102409638554217
2600401;Água Preta (PE);0;26461;0.4213;118710960.59;1246.1211499943313;1194.7978387060202;48.34;0.48066700240613286;0.39131843213475864
2600500;Águas Belas (PE);0;41548;0.4294;150424068.08;1241.2418811976509;665.2395017810725;42.79;0.5631889837841906;0.3950605778191985
2600609;Alagoinha (PE);3;13542;0.4361;64592479.45;1544.9383968394625;1182.045941515286;30.789999999999996;0.4991697110594487;0.5893549524145224
2600708;Aliança (PE);3;35741;0.5579;134155555.61;983.9869676282141;772.9383304887945;34.9;0.46925100715284057;0.49410994764397903
2600807;Altinho (PE);0;20674;0.4368;78221036.61;763.4448394118217;727.280955789881;37.85;0.4727169112409175;0.6732223903177005
2600906;Amaraji (PE);0;18205;0.4806;90591153.79;1246.945262839879;834.2551870365284;31.049999999999997;0.463542085376638;0.4268745360059391
2601003;Angelim (PE);0;10241;0.4655;53061466.67;1971.8076828434723;1156.2500165999413;27.399999999999995;0.5135973987584984;0.5562024182713838
2601052;Araçoiaba (PE);0;19243;0.4847;94223449.11;1517.8728425921113;1058.03401652549;86.83000000000001;0.4642367980520469;0.3157213715764503
2601102;Araripina (PE);0;85088;0.4951;275048363.6;1225.9426465541558;603.9690894133133;47.61999999999999;0.510044722084191;0.36447799458766555
2601201;Arcoverde (PE);3;77742;0.5884;247951324.61;860.6327607985388;628.9438380798024;7.9399999999999995;0.46558582335752663;0.44190798692199906
2601300;Barra de Guabiraba (PE);0;12263;0.5128;60773724.12;1105.7805789774118;1289.2188534616325;36.25;0.45330647072766056;0.3944586219467736
2601409;Barreiros (PE);3;40121;0.4838;171261552.66;1411.8328012761397;1134.117358739812;21.99;0.4918197367442552;0.3532842234499693
2601508;Belém de Maria (PE);0;10378;0.5226;51275897.02;1754.299720562729;1212.7503729042203;29.36;0.47792651666191965;0.5069600359227661
2601607;Belém do São Francisco (PE);0;18301;0.4795;83751931.92;1354.1207726353753;1044.86079886345;46.1;0.49579076420106255;0.42461249412869895
2601706;Belo Jardim (PE);3;79507;0.5191;264788585.37;1080.4424601607407;586.3525099676758;19.95;0.46112285215473675;0.45435576421491913
2601805;Betânia (PE);0;11232;0.4865;72396290.12;1975.8732398504274;1089.9030876068377;39.46;0.5507386442082011;0.5413446676970634
2601904;Bezerros (PE);3;61694;0.5971;179645884.65;758.22308603754;798.5500828281519;19.459999999999997;0.45841804170015604;0.6446442201679247
2602001;Bodocó (PE);0;34478;0.4324;132669967.72;1289.1900452462442;651.2580167063055;59.35;0.5044726622158223;0.4324123404782555
2602100;Bom Conselho (PE);0;44294;0.4652;153417053.11;1068.9820255565087;808.1985630107915;33.099999999999994;0.5189465381845616;0.5120903277378097
2602209;Bom Jardim (PE);0;37629;0.514;141839875.62;1290.2014470222434;705.2720529378936;75.54;0.4670175438596491;0.6083512352309345
2602308;Bonito (PE);0;37474;0.5443;133791357.41;1192.9477306932808;589.8886836206436;23.34;0.4870634920634921;0.4643283225960391
2602407;Brejão (PE);0;9079;0.5322;62712807.19;1732.5320332635754;1344.5905143738296;50.48;0.5004131548504379;0.4262835609985869
2602506;Brejinho (PE);0;7720;0.611;50336920.78;1738.2766062176165;1347.0347616580314;31.120000000000005;0.4792105767388389;0.5699937225360954
2602605;Brejo da Madre de Deus (PE);0;48648;0.472;171094081.71;1305.521392863016;853.0275392616347;29.430000000000003;0.4761052280243954;0.3801565661008004
2602704;Buenos Aires (PE);0;12808;0.492;61527697.39;1587.1470885384135;1025.4509330106184;77.78;0.47083141938447404;0.47375988497483823
2602803;Buíque (PE);0;52097;0.4337;167146906.66;1218.4621552104727;590.6728493003436;65.02000000000001;0.5389182642601837;0.398007662835249
2602902;Cabo de Santo Agostinho (PE);3;203440;0.6092;1212553048.48;1648.1562317636651;1079.9928292371214;21.12;0.41927292261111615;0.40846027654089523
2603009;Cabrobó (PE);3;30294;0.5353;120863365.4;1162.3989790057437;980.8029312735196;21.279999999999998;0.48013875995504957;0.37363712608331
2603108;Cachoeirinha (PE);3;19899;0.4942;78649271.08;928.2957741595055;825.2583200160813;19.59;0.4795895605621236;0.5230224321133412
2603207;Caetés (PE);0;28827;0.4677;108697889.1;1392.9843330905053;771.6594133971624;55.55000000000001;0.5357199936071599;0.3982202447163515
2603306;Calçado (PE);0;11093;0.4642;51418970.14;1407.959990985306;1177.0511628955198;57.82000000000001;0.47867235403892294;0.4875724937862469
2603405;Calumbi (PE);0;5228;0.5204;39492533.43;1894.652142310635;1459.2309181331293;53.14;0.5149232106635758;0.5519650655021834
2603454;Camaragibe (PE);3;147771;0.5158;486137532.71;650.4583642257277;895.8032848799832;40.78;0.4114157998796527;0.5242577585901836
2603504;Camocim de São Félix (PE);3;17419;0.4949;76741698.05;1273.4882720018372;1001.1625271255525;16.28;0.4626752875976152;0.5508021390374331
2603603;Camutanga (PE);0;7750;0.6527;45321808.27;1358.9218258064516;1364.0644296774194;74.08999999999999;0.48552808127276215;0.5635802469135802
2603702;Canhotinho (PE);0;24329;0.4906;103671291.9;1366.7120646142464;951.1162279584036;39.3;0.4793262799464916;0.49582542694497156
2603801;Capoeiras (PE);0;18338;0.4301;84564420.27;1358.1877778383684;1035.882156723743;54.42;0.5261318242343542;0.4857814336075206
2603900;Carnaíba (PE);0;18644;0.6134;85848925.88;1865.419419652435;1102.9566123149539;37.18;0.49450901803607217;0.555079405092009
2603926;Carnaubeira da Penha (PE);0;12239;0.3598;47606244.52;1407.0817713865513;1019.1866304436637;80.43;0.5630906768837803;0.3405290361812101
2604007;Carpina (PE);3;79293;0.5901;258842849.79;927.4568985913006;675.4047575448021;65.28999999999999;0.42787942087445074;0.5152732606338881
2604106;Caruaru (PE);3;378048;0.644;1308646967.57;1155.7756274071016;669.8507476299305;13.389999999999997;0.4156980227681246;0.4044712104151115
2604155;Casinhas (PE);0;12967;0.5463;68815658.3;1617.051633377034;1112.8505429166346;87.94999999999999;0.4868707717004931;0.5306416726748377
2604205;Catende (PE);0;32156;0.4056;115135960.23;1381.548204378654;976.5655871377037;34.660000000000004;0.4994637444625787;0.4398440650625084
2604304;Cedro (PE);0;10518;0.4347;54493110.21;1485.7776944285986;1478.1257758128922;36.14;0.5062294142918516;0.4254032258064516
2604403;Chã de Alegria (PE);0;12984;0.4279;60600619.98;1639.0426786814542;1017.6810020024647;29.950000000000003;0.48967416245984396;0.383916990920882
2604502;Chã Grande (PE);0;20546;0.485;100033485.06;1991.3542514358028;944.9255572860898;42.82999999999999;0.4532465695289291;0.4964969640354974
2604601;Condado (PE);0;24587;0.5277;93839763.68;1309.0225708707856;794.3287176149997;85.46000000000001;0.4831996139229052;0.45398438918133965
2604700;Correntes (PE);0;17131;0.4701;73793754.33;1243.6185622555602;1048.7538123869008;31.03;0.5174949065461955;0.4539571926331508
2604809;Cortês (PE);3;10198;0.5647;67245039.19;1637.4419847028828;1759.0336820945286;25.08;0.44529478458049887;0.414041404140414
2604908;Cumaru (PE);0;15920;0.5038;65925914.18;1413.9638561557788;887.6248128140703;61.64;0.48120580573129884;0.6748704663212435
2605004;Cupira (PE);3;23518;0.5367;99719569.17;1531.6577013351475;823.7583833659324;10.89;0.5022676461194506;0.5262034161490683
2605103;Custódia (PE);0;37699;0.5671;197555751.75;2416.9007676596193;901.5048250616727;37.06;0.5026107058870422;0.5145327888541917
2605152;Dormentes (PE);0;17188;0.5486;104783014.77;1575.0196945543403;1171.247778682802;54.19;0.4907198612315698;0.5051875498802874
2605202;Escada (PE);3;59891;0.5231;178217658.82;724.958187039789;654.9513469469535;57.99999999999999;0.43475552787293675;0.41317551783211337
2605301;Exu (PE);0;31843;0.4401;115906939.4;1156.2684618283454;758.073757811764;64.29;0.5110088260415678;0.49756640244750383
2605400;Feira Nova (PE);0;21427;0.4994;89184898.84;1095.402463247305;858.3601134083166;45.46000000000001;0.47629874603830785;0.5213468309859155
2605459;Fernando de Noronha (PE);3;3167;0.808;;;;8.09;0.24050137093615354;0.33769063180827885
2605509;Ferreiros (PE);3;15026;0.5181;53771983.27;819.7252542260082;792.6085345401304;34.72;0.4745829244357213;0.5701298701298702
2605608;Flores (PE);0;20347;0.4682;85062645.93;1165.8377446306583;754.6084385904556;57.150000000000006;0.518546160161206;0.6610088453263209
2605707;Floresta (PE);3;30137;0.4918;140454978.01;1778.9677784782825;1320.1872535421574;25.7;0.48898221343873516;0.36303539457375017
2605806;Frei Miguelinho (PE);0;13636;0.4236;57055332.84;1402.760618216486;1125.0499875330008;64.75999999999999;0.4950115118956255;0.8038353975229724
2605905;Gameleira (PE);0;18214;0.4403;86535981.47;1541.551349511365;1216.8307867574392;41.099999999999994;0.48819347985946565;0.3914764788076386
2606002;Garanhuns (PE);3;142506;0.6019;464114126.99;1077.8383973306388;561.8690509171544;19.490000000000002;0.46240995012622377;0.4535014999516145
2606101;Glória do Goitá (PE);0;29347;0.4925;118125856.26;1332.8215541622656;1030.018740586772;26.480000000000004;0.47613299129822445;0.45095033721643163
2606200;Goiana (PE);3;81055;0.6338;642233361.39;1505.7437939670594;1365.5734788723705;41.47;0.45567687942243457;0.424329179297182
2606309;Granito (PE);0;6967;0.4471;40844751.76;1870.2422376919767;1220.253052963973;39.42;0.4921824801884772;0.5068852459016393
2606408;Gravatá (PE);3;86516;0.537;287284268.98;877.9092737759488;785.6112324887882;31.96;0.44549889727995723;0.5480724570366929
2606507;Iati (PE);0;17165;0.4375;81971295.61;1653.1438788231867;1143.9354849985436;59.68;0.5360178970917227;0.4531780688985929
2606606;Ibimirim (PE);0;26593;0.4418;99321962.08;1232.4634900161698;884.5836690106419;35.8;0.5024293785310735;0.4011343942019852
2606705;Ibirajuba (PE);0;7140;0.4937;43089084.04;1891.0673837535016;1314.5097492997197;29.15;0.5377988369588628;0.644927536231884
2606804;Igarassu (PE);3;115196;0.5641;370893713.01;993.2577237924928;646.7960716517935;48.17;0.42682322631787556;0.4052114341638462
2606903;Iguaracy (PE);0;11081;0.476;56893123.66;1436.0878350329392;1195.3512598140962;50.84;0.5104961832061069;0.671875
2607000;Inajá (PE);0;25603;0.4202;94269004.74;1170.2965226731242;696.121415459126;63.39;0.531188326057054;0.227643400138217
2607109;Ingazeira (PE);2;4765;0.5153;38192043.22;1755.5451710388247;1567.9117733473242;35.52;0.49139280125195617;0.6004077471967381
2607208;Ipojuca (PE);2;98932;0.654;1261807326.05;3491.2336259248777;2246.2133203614603;37.13;0.42274505292222736;0.2575290896646133
2607307;Ipubi (PE);0;29009;0.4404;126151148.69;1812.1059743527871;994.1636250818711;58.74999999999999;0.5334073369277936;0.32219601677148846
2607406;Itacuruba (PE);3;4284;0.5629;43839178.04;2296.976995798319;1959.6244000933707;17.48;0.48440748440748443;0.34942084942084944
2607505;Itaíba (PE);0;32650;0.4573;109574220.16;1103.346527411945;711.1179050535987;59.31000000000001;0.45447255880256593;0.43710381743907595
2607604;Ilha de Itamaracá (PE);3;24540;0.4355;92028699.89;630.2840847595762;727.4900578647107;83.41;0.3945558902085583;0.44345114345114345
2607653;Itambé (PE);0;34935;0.5488;115546216.6;910.8685558895091;713.8067118935165;76.44;0.4875452416436023;0.43681766846530307
2607703;Itapetim (PE);0;13791;0.4995;71867477.27;1282.9452918570082;1319.788505547096;28.779999999999998;0.5223534606468705;0.7435519528371407
2607752;Itapissuma (PE);3;27749;0.5801;174940427.27;1744.4809203935279;1145.7684972431439;30.14;0.36318530163096874;0.36806069578090306
2607802;Itaquitinga (PE);0;16554;0.4654;67926812.84;1137.5550881962063;759.5317802343844;75.10000000000001;0.4281770339056164;0.38864017907106885
2607901;Jaboatão dos Guararapes (PE);3;644037;0.5555;2027234605.69;828.512707934482;551.7929642396322;37.23;0.41760012326249407;0.48841259630018985
2607950;Jaqueira (PE);0;10247;0.4397;59712918.65;2167.34221137894;1556.7799433980676;27.07;0.45885535307517084;0.39222462203023756
2608008;Jataúba (PE);0;15843;0.4595;82676464.98;1764.0768901091967;1456.7966085968567;52.400000000000006;0.4997160166603559;0.4778835386338186
2608057;Jatobá (PE);0;14020;0.4982;73418067.11;1312.8070007132667;1445.7722004279601;40.99;0.5211023109471629;0.44625112917795845
2608107;João Alfredo (PE);0;27725;0.5542;113855062.94;2039.59835852119;1130.1284782687105;54.489999999999995;0.4815903382675146;0.6439255746078074
2608206;Joaquim Nabuco (PE);0;13269;0.4637;62552251.9;1501.4611892380738;1037.0849626950032;40.47;0.4681345430404957;0.34745222929936304
2608255;Jucati (PE);0;11517;0.448;57320856.55;1651.164152122949;1009.4250429799428;40.42;0.5025440313111545;0.47304015296367113
2608305;Jupi (PE);0;15329;0.5451;80287421.1;1924.0002433296368;1013.3623504468654;29.82;0.5249701551929964;0.42660178426601786
2608404;Jurema (PE);0;13648;0.4398;63503739.16;1470.3766222157094;1027.6303319167644;23.169999999999995;0.5430186546071226;0.5286441756842776
2608453;Lagoa do Carro (PE);0;17981;0.502;86260446.73;1395.465604805072;934.2054273955841;72.03;0.44020824989987983;0.44138473642800946
2608503;Lagoa de Itaenga (PE);0;19003;0.6115;93738368.21;1483.0838909645845;1062.948843866758;67.88000000000001;0.47378625717387934;0.4462594696969697
2608602;Lagoa do Ouro (PE);0;11933;0.4925;65385392.86;1646.6831081873793;1318.6026145981732;47.2;0.49461422845691383;0.5449921752738655
2608701;Lagoa dos Gatos (PE);0;14076;0.4117;65546563.05;1598.8466638249504;977.0722023302075;49.650000000000006;0.5094906166219839;0.5261805332476711
2608750;Lagoa Grande (PE);0;24088;0.5593;116818923.08;1552.8784025240784;972.7549273497177;35.980000000000004;0.49875559980089595;0.2994002269411574
2608800;Lajedo (PE);0;39582;0.511;159302268.62;1785.8267144156432;780.9704845636907;37.74;0.5038182439876905;0.4752475247524752
2608909;Limoeiro (PE);3;56510;0.6204;205701649.28;1008.5524335515838;773.5708391435144;40.24;0.43915855956807415;0.6569616604208706
2609006;Macaparana (PE);0;23879;0.5608;105988297.81;1246.8353285313456;955.4607554755224;24.520000000000003;0.4915053091817614;0.5324245374878286
2609105;Machados (PE);0;11333;0.5555;70638788.42;1586.2052475072796;1390.9177190505602;63.96;0.5058463991496147;0.4704519119351101
2609154;Manari (PE);0;23763;0.4346;81138310.46;1102.449076715903;819.1061019231579;95.04;0.5114489250731459;0.2729143580813677
2609204;Maraial (PE);0;9359;0.43;47484931.31;1656.3759878192113;1179.0921262955444;56.910000000000004;0.5156275303643725;0.3855526544821584
2609303;Mirandiba (PE);0;14166;0.4323;61548190.04;1317.6987710009882;969.2410327544826;47.47999999999999;0.5342792158561681;0.3884041654939488
2609402;Moreno (PE);3;55292;0.5327;180358586.75;890.929795811329;658.4015644216162;30.359999999999996;0.42884461327751505;0.5086363636363637
2609501;Nazaré da Mata (PE);3;30648;0.5925;99474269.54;905.2227740798746;654.089401918559;19.120000000000005;0.4655700076511094;0.601579207106432
2609600;Olinda (PE);3;349976;0.5721;987961662.08;636.1569600772624;499.79245356824464;25.24;0.4362526828988029;0.6619711703824146
2609709;Orobó (PE);0;21808;0.5773;102992450.51;1603.4495070616288;1058.6413187820983;68.47000000000001;0.49114529914529914;0.6054984354045597
2609808;Orocó (PE);0;13613;0.4181;65356384.43;1468.3990127084405;1338.6449643722913;34.12;0.49955937431152236;0.30466052934407367
2609907;Ouricuri (PE);0;65245;0.4378;214433221.36;1188.2164339029812;665.8848379186145;35.239999999999995;0.508241059663885;0.4157115260785576
2610004;Palmares (PE);3;54584;0.5581;215086491.06;1158.5653325150226;1087.238824380771;25.7;0.4463935555673327;0.4556294824159682
2610103;Palmeirina (PE);0;7031;0.4314;46466579.78;1487.9255255297967;1274.2295619399802;57.97;0.5294757450511203;0.5542784163473818
2610202;Panelas (PE);0;22991;0.495;126307328.44;2456.9321377930496;993.2697364185987;35.959999999999994;0.563375492996056;0.5509172594533882
2610301;Paranatama (PE);0;12199;0.4594;67573873.66;1817.6339437658826;1141.2116509549965;79.55;0.5206930939915233;0.5244525547445256
2610400;Parnamirim (PE);0;18612;0.5145;88154366.01;1537.4389861379755;1175.5062088974855;52.73;0.5027856277755349;0.5277232580961727
2610509;Passira (PE);0;28340;0.5061;112185198.43;1208.0236990119972;835.9820444601271;73.84;0.45886955626479975;0.5597550306211724
2610608;Paudalho (PE);3;56665;0.5121;203423629.89;1245.1004614841613;848.0701424159533;47.76000000000001;0.46160592225747377;0.3854610203607649
2610707;Paulista (PE);3;342167;0.5233;775747531.6;498.4428993444721;401.1943061721323;24.659999999999997;0.4202102711609741;0.5456016610179841
2610806;Pedra (PE);0;22795;0.4092;89400933.32;1059.8990497916209;777.0193489800395;47.09;0.49593122457015354;0.452431289640592
2610905;Pesqueira (PE);0;62722;0.4992;217870865.34;1374.2479772647555;767.3667964988362;32.74;0.48849019887037826;0.5130843869450161
2611002;Petrolândia (PE);0;34161;0.5177;161146125.42;1750.393125201253;1277.0618365972894;39.59;0.4979609734707301;0.33348990136214185
2611101;Petrolina (PE);3;386791;0.6841;1310901234.94;1298.5118427522875;535.0886273206977;19.13;0.4321508310592905;0.27681872880428837
2611200;Poção (PE);0;10500;0.4945;53934913.46;1736.566322857143;1373.3691933333332;33.35;0.5004286939125464;0.5252613240418118
2611309;Pombos (PE);0;27552;0.5107;101778301.36;1197.3007709059234;773.8079210220674;41.55;0.45408486383787205;0.4791129448169159
2611408;Primavera (PE);0;13838;0.6125;54829734.24;1241.708746206099;872.2708975285445;65.42;0.4375649283191357;0.3800786369593709
2611507;Quipapá (PE);0;17928;0.4369;86347352.51;1444.7413057786703;1003.3275803212852;33.809999999999995;0.5064280312578775;0.4505415162454874
2611533;Quixaba (PE);0;6554;0.5386;48560253.71;2687.874351541044;1338.726115349405;54.10000000000001;0.5059742647058824;0.5238754325259516
2611606;Recife (PE);3;1488920;0.6905;7322241637.06;943.9651652875909;1079.9167527133761;22.169999999999998;0.42737857283233394;0.6904097434458492
2611705;Riacho das Almas (PE);0;20639;0.4723;86823638.16;1678.4053941566935;823.0793919279035;46.93;0.4594116815160515;0.5761766132945172
2611804;Ribeirão (PE);3;33507;0.505;135298527.98;1069.23033933208;750.726649655296;32.1;0.45530750521195273;0.4920296043267862
2611903;Rio Formoso (PE);0;20009;0.5835;106967851.92;2515.315366585037;1219.434252086561;46.74999999999999;0.4669354838709677;0.2827794561933535
2612000;Sairé (PE);0;10887;0.4941;49065485.84;1233.067515385322;1047.4707201249196;57.14;0.44485733244857334;0.7697993664202746
2612109;Salgadinho (PE);0;5727;0.5556;46201596.3;2260.392130260171;1582.2907368604856;87.76;0.5011795543905636;0.7703703703703704
2612208;Salgueiro (PE);3;62372;0.6;212493679.29;1212.452655037517;740.8341470531649;30.9;0.4760507383566831;0.38606766347412663
2612307;Saloá (PE);0;13836;0.5015;71325984.65;1393.6122954611158;979.8547997976293;43.529999999999994;0.5532105972159856;0.570927637870577
2612406;Sanharó (PE);0;18624;0.4945;88101527.46;1804.317774377148;1104.334653135739;40.4;0.4906355050424204;0.47960415158097996
2612455;Santa Cruz (PE);0;13841;0.4263;68302526.15;1465.8525821833682;1003.679917636009;60.26999999999999;0.4937405568745953;0.5311244979919679
2612471;Santa Cruz da Baixa Verde (PE);0;11567;0.492;59337445.09;1376.6760888735196;894.0472542578024;44.410000000000004;0.5271983100079218;0.474519940915805
2612505;Santa Cruz do Capibaribe (PE);3;98254;0.5677;335626627.4;961.3811843792618;642.2167942272071;9.43;0.40068712845880794;0.2668229143191959
2612554;Santa Filomena (PE);0;12106;0.4299;60978320.43;1675.7166429869485;1244.2127060961507;85.9;0.5200904068307384;0.5773038842345773
2612604;Santa Maria da Boa Vista (PE);0;40578;0.42;172361417.69;1503.9503391000048;652.5560641234167;58.550000000000004;0.5117916620096121;0.30555027561300135
2612703;Santa Maria do Cambucá (PE);0;14013;0.4324;59911619.36;1487.8018311567828;1037.9356333404696;76.84000000000002;0.48317104149026247;0.5031280869278894
2612802;Santa Terezinha (PE);0;10244;0.5315;55693100.35;1495.6710201093322;1402.518258492776;9.26;0.5098010316875461;0.5171052631578947
2612901;São Benedito do Sul (PE);0;13113;0.4666;62095972.08;1339.8532852894077;928.5942949744529;41.37;0.5094969494647174;0.41541413495362967
2613008;São Bento do Una (PE);0;49449;0.491;169556108.99;1352.769460656434;588.4976687091751;44.82000000000001;0.5147495788022668;0.42298247099669745
2613107;São Caitano (PE);0;37126;0.4729;131057456.85;1137.6458557345256;682.0574729300221;25.8;0.4663296338717959;0.4650701079538404
2613206;São João (PE);0;23837;0.4747;97222501.76;1313.158167554642;856.3550962788942;69.07;0.5025844679778114;0.4186832740213523
2613305;São Joaquim do Monte (PE);0;20037;0.4677;94696954.66;1557.1889150072368;1397.3512946049807;25.739999999999995;0.5026998650067497;0.5012318029115341
2613404;São José da Coroa Grande (PE);0;18825;0.4888;98028355.91;1832.1531543160693;971.6172504648075;74.67;0.49928321121376235;0.33382978723404255
2613503;São José do Belmonte (PE);0;34843;0.5295;138982744.1;1098.943559969004;915.3247039577534;39.46;0.5157038454846007;0.4998734817813765
2613602;São José do Egito (PE);3;31004;0.5898;120378672.29;1212.6765430267064;1004.9962469358793;28.73;0.5062184220753984;0.6592356687898089
2613701;São Lourenço da Mata (PE);3;111249;0.4809;319709908.52;853.4984672221773;655.0555284991325;48.32;0.41539968701891883;0.41907162726008346
2613800;São Vicente Férrer (PE);0;16677;0.5176;84783069.45;1254.4687911494873;1214.6075349283446;38.1;0.4576523031203566;0.4341276362640373
2613909;Serra Talhada (PE);3;92228;0.5606;320594845.31;1086.534557075942;752.6544795506788;20.76;0.4747749332395222;0.4357350096711799
2614006;Serrita (PE);0;18207;0.4657;86461452.09;1725.9299978030426;982.6085247432306;66.97999999999999;0.51725;0.48848920863309353
2614105;Sertânia (PE);0;32811;0.426;119580570.44;1144.7798335923926;915.671441284935;37.73;0.49883513772783333;0.5768953068592058
2614204;Sirinhaém (PE);0;37596;0.5383;156719543.41;1330.270027130546;848.591128843494;54.68000000000001;0.46761915915212554;0.28282287427714714
2614303;Moreilândia (PE);0;10540;0.4726;52082293.64;1182.0891470588238;1153.6737865275143;63.669999999999995;0.4980102330869812;0.5642857142857143
2614402;Solidão (PE);0;5210;0.4713;43096882.33;2148.9723512476007;1570.5578637236083;65.21;0.5533691115086464;0.505271695052717
2614501;Surubim (PE);0;64120;0.5435;185278139.72;918.2193329694323;982.7909976606363;46.169999999999995;0.45634596166076136;0.5643101837433822
2614600;Tabira (PE);0;27681;0.5469;102575585.1;1265.161214912756;929.3817763086594;25.660000000000004;0.519264544456641;0.5411304772764294
2614709;Tacaimbó (PE);0;13738;0.4274;49424932.12;1387.257421749891;849.1874195661668;41.84;0.4514527205493925;0.5315412186379929
2614808;Tacaratu (PE);0;23902;0.4122;96332003.61;1572.81639946448;1033.3462873399717;43.120000000000005;0.5395813204508857;0.39500416319733556
2614857;Tamandaré (PE);3;23561;0.5123;115355646.78;1579.4648750053054;1186.7328156699632;36.64;0.48219677906391545;0.29783271249576704
2615003;Taquaritinga do Norte (PE);3;24736;0.537;92680934.0;1359.7483893919791;761.8825181921086;31.330000000000002;0.4600401369377877;0.45927728889721026
2615102;Terezinha (PE);0;6513;0.5053;42080846.9;1483.427947182558;1353.4210916628283;53.93999999999999;0.5477661596958175;0.4909443725743855
2615201;Terra Nova (PE);3;8920;0.5164;50246471.12;1821.139807174888;1295.8323632286997;34.49;0.4396384764364106;0.5407239819004525
2615300;Timbaúba (PE);3;46147;0.654;203374057.08;1264.668266626216;1160.4624913862224;20.94;0.46806006235286635;0.5955970068322308
2615409;Toritama (PE);3;41137;0.4966;167292375.21;1590.6116987140529;761.0175391982887;19.540000000000003;0.42396760012461493;0.21664845534916063
2615508;Tracunhaém (PE);0;13867;0.5252;56548839.88;1113.6684538833201;780.9256486622917;70.22;0.4612223393045311;0.38776157260621436
2615607;Trindade (PE);0;30321;0.4472;120301309.31;1835.5715797632004;798.0374351109792;52.04;0.5136281948881789;0.31287482455021054
2615706;Triunfo (PE);0;14705;0.5697;71980252.0;1461.3101455287315;950.3320986059164;65.89;0.48971735386485665;0.7514492753623189
2615805;Tupanatinga (PE);0;26937;0.4307;100989236.27;1377.7942540000743;822.7288751531352;64.27;0.5111073712554696;0.36822345697552183
2615904;Tuparetama (PE);3;8005;0.5277;42514815.51;1562.7904572142413;1247.1531555277952;33.730000000000004;0.5282550591828943;0.6539151225343693
2616001;Venturosa (PE);0;17251;0.5122;81767538.58;1200.4365613587618;1416.1705611268912;32.05;0.4718027472058698;0.45411517223244807
2616100;Verdejante (PE);0;9169;0.4779;45382022.39;1553.8616457628968;947.7944443232632;55.06;0.5188007288388272;0.519650655021834
2616183;Vertente do Lério (PE);0;7558;0.5003;45357760.53;1885.2059050013231;1208.575707859222;88.32999999999998;0.5046784789966156;0.6743725231175693
2616209;Vertentes (PE);0;21959;0.4567;81801529.07;1536.997121909012;985.6360139350608;47.61999999999999;0.47060005357621215;0.46885451505016723
2616308;Vicência (PE);0;26359;0.5814;115316488.27;1371.6876311696194;958.1669900223833;45.379999999999995;0.43975311339305223;0.43332739896742034
2616407;Vitória de Santo Antão (PE);3;134084;0.5535;478473537.45;930.8457939798932;657.2559424689001;23.02;0.42672909129602044;0.4945775723922036
2616506;Xexéu (PE);0;11611;0.5337;67113178.71;2661.574442339161;1309.7763233140988;23.27;0.4926083044093071;0.3531073446327684
2700102;Água Branca (AL);0;19008;0.4496;135172140.45;2582.4176462542086;1235.580173085017;68.07000000000001;0.530804542159942;0.4438116100766703
2700201;Anadia (AL);0;13966;0.4959;98596055.23;1844.3586230846342;1315.6485214091365;49.04;0.49368983957219253;0.4948186528497409
2700300;Arapiraca (AL);3;234696;0.6657;980091876.62;666.4818849064322;941.5907525905853;56.900000000000006;0.4506391079684525;0.39163962588280204
2700409;Atalaia (AL);0;37512;0.5127;224954996.01;2251.42644993602;1190.2109756877799;73.41000000000001;0.5065665287762561;0.3520205809840283
2700508;Barra de Santo Antônio (AL);0;16365;0.4809;92569884.2;2534.8582780323864;1147.0094958753439;89.17;0.48502722323049;0.2851647030536187
2700607;Barra de São Miguel (AL);3;7944;0.6471;80364115.3;2503.4335460725074;1516.7383610271902;3.4400000000000004;0.44541484716157204;0.2716883116883117
2700706;Batalha (AL);0;16448;0.5543;105187164.12;2027.2454492947472;1534.3837773589494;48.120000000000005;0.5044361108570383;0.3671294000991572
2700805;Belém (AL);2;4722;0.6109;45890466.76;3521.5385175772976;1767.9401397712834;92.05999999999999;0.4910009472687086;0.5659617321248741
2700904;Belo Monte (AL);0;5936;0.5147;63541909.65;3145.3926128706194;1290.4812584231806;98.14999999999999;0.5024044545684637;0.38520586182833216
2701001;Boca da Mata (AL);0;21187;0.556;142375540.57;2619.1488299428897;1391.8122348609998;32.089999999999996;0.48816464142726695;0.5046546871617233
2701100;Branquinha (AL);0;9603;0.5268;99762600.75;3060.3569811517236;1514.111077788191;33.910000000000004;0.5359884836852208;0.3501208702659146
2701209;Cacimbinhas (AL);0;10482;0.5794;92298109.23;3000.1835546651405;1517.2857374546843;37.730000000000004;0.512335882268071;0.4547316673494469
2701308;Cajueiro (AL);0;16024;0.4317;105746798.33;2362.890272715926;1821.806529580629;55.190000000000005;0.5266768292682927;0.33558830635419185
2701357;Campestre (AL);0;6665;0.4465;48133969.88;2875.958829707427;1257.5705881470367;27.32;0.49071796018787744;0.34683855125844076
2701407;Campo Alegre (AL);0;32106;0.6471;223712726.83;2652.204901887498;1353.1583884632155;66.13;0.48042606169594687;0.36071568499412304
2701506;Campo Grande (AL);0;8143;0.4179;;;;82.49000000000001;0.4935803374908291;0.47129579004920724
2701605;Canapi (AL);0;15559;0.4685;127497650.68;4263.800267369368;1108.9659798187545;93.85999999999999;0.5706642438925903;0.3781082398829839
2701704;Capela (AL);0;15032;0.5326;110792825.43;2181.771248004258;1489.1228512506652;21.069999999999997;0.49067830226100756;0.3914510686164229
2701803;Carneiros (AL);0;8999;0.4626;74863701.13;2608.38968218691;1128.629277697522;87.70999999999998;0.5327882813830693;0.296849087893864
2701902;Chã Preta (AL);0;5910;0.5091;56369894.79;1639.8187766497463;1407.9810659898476;42.31;0.5291073738680466;0.4113181504485852
2702009;Coité do Nóia (AL);0;10810;0.4758;60071223.47;2281.848259019426;1139.3506604995375;98.81;0.4968152866242038;0.4662852472415202
2702108;Colônia Leopoldina (AL);0;15816;0.567;114511373.49;1929.8145106221548;1345.3101542741526;20.39;0.5137825421133231;0.3426713356678339
2702207;Coqueiro Seco (AL);3;5581;0.5118;51421510.57;2473.162313205519;1796.2374950725678;1.34;0.46023024594453166;0.4208400646203554
2702306;Coruripe (AL);0;50414;0.7671;331994192.33;2555.8699297814096;1622.6560427658985;45.989999999999995;0.4697102209783686;0.3179550102249489
2702355;Craíbas (AL);0;25397;0.4603;145668051.43;2004.0327074063866;931.6759483403551;84.75;0.5001181334908447;0.34098828001267023
2702405;Delmiro Gouveia (AL);3;51318;0.5377;337562390.76;1754.7357660080281;1036.6952706652637;25.139999999999997;0.4901994947295061;0.4018435475834579
2702504;Dois Riachos (AL);0;9805;0.3968;98178573.25;2992.2313054563997;1361.8846017338092;99.42;0.4885380294519508;0.4877484974572353
2702553;Estrela de Alagoas (AL);0;15429;0.4148;78748249.81;1882.9592935381422;966.7087562382527;97.85;0.5283803863298663;0.6637554585152838
2702603;Feira Grande (AL);0;22712;0.4423;134309500.23;1894.2640965128564;928.660181401902;95.72;0.49293367514625647;0.40483327088797305
2702702;Feliz Deserto (AL);2;3963;0.5809;50524152.33;3201.3106106484984;1880.4083068382538;63.68;0.511441647597254;0.37962962962962965
2702801;Flexeiras (AL);0;9618;;71667029.46;2411.0604553961325;1343.1308775213142;32.86;0.4840302422465669;0.349247311827957
2702900;Girau do Ponciano (AL);0;36102;0.4298;236226750.17;2898.3849950141266;745.3921652540025;90.98;0.4980082987551867;0.3766919018123423
2703007;Ibateguara (AL);0;13731;0.4121;89711682.97;2112.00779185784;1192.878437841381;30.73;0.5323066622028791;0.3683304647160069
2703106;Igaci (AL);0;23995;0.4761;158941104.1;2200.2442558866433;1056.6791206501355;91.80999999999999;0.5230085687083466;0.5205757519837608
2703205;Igreja Nova (AL);0;21372;0.5615;225493942.94;1897.3721972674527;1265.8532827999252;70.80999999999999;0.504222972972973;0.4305111821086262
2703304;Inhapi (AL);0;15167;0.4176;142829844.62;4500.037811696447;1158.7159286609085;71.72999999999999;0.587502616705045;0.3551424432641236
2703403;Jacaré dos Homens (AL);0;5083;0.4992;43781967.28;3520.2964548494983;1518.8131851268936;30.770000000000003;0.5051821143026355;0.36918138041733545
2703502;Jacuípe (AL);0;5352;0.5117;69644930.97;3255.2802615844544;1520.2297234678626;42.03;0.4663013698630137;0.37368845843422116
2703601;Japaratinga (AL);0;9219;0.4857;58946641.03;2221.711123766135;1021.6957359800413;76.34;0.49150622876557193;0.2616279069767442
2703700;Jaramataia (AL);0;4985;0.4551;53825753.89;2934.0046018054163;1723.735444332999;67.78;0.5324316015985244;0.36163522012578614
2703759;Jequiá da Praia (AL);3;9470;;86189092.16;1974.874882787751;1772.696939809926;23.819999999999997;0.4843260188087774;0.3353500432152118
2703809;Joaquim Gomes (AL);0;17150;0.4652;105016876.24;2022.3728647230323;1621.9473335276969;82.67;0.5499322187076366;0.3069158075601375
2703908;Jundiá (AL);2;4092;0.4848;60548986.78;3576.2207086999024;2150.2433748778103;72.14000000000001;0.49343065693430654;0.38524590163934425
2704005;Junqueiro (AL);0;23907;0.5855;160246562.93;2354.49294599908;1636.4543987116745;88.36000000000001;0.48352466645982006;0.46383618260379483
2704104;Lagoa da Canoa (AL);0;18457;0.4918;98756887.83;2839.776893319608;960.2393861407597;93.83999999999997;0.49874137231019083;0.4126034958601656
2704203;Limoeiro de Anadia (AL);0;24740;0.5502;146728485.1;3337.3152049312853;1278.8776612772838;98.66000000000001;0.48955385634294657;0.398280309544282
2704302;Maceió (AL);3;957916;0.6369;3631363415.01;831.3870291862753;1167.1467533165746;31.66;0.41107808159044507;0.4424566971462243
2704401;Major Isidoro (AL);0;17700;0.5172;117779296.06;2738.805547457627;1331.9231836158192;94.49000000000001;0.49379694488986414;0.4734323847897255
2704500;Maragogi (AL);0;32174;0.5536;219124501.57;2459.7088873003045;1225.485859078759;35.38;0.46886413440467495;0.24334140435835352
2704609;Maravilha (AL);0;9534;0.4517;79817324.9;3323.9726389762955;1145.539266834487;99.41000000000001;0.5198469631755142;0.4429203539823009
2704708;Marechal Deodoro (AL);3;60370;0.5815;378784880.39;2194.8288075202913;1114.618866324333;29.99;0.44088023294668005;0.33584032398032976
2704807;Maribondo (AL);3;13679;0.5403;76312920.16;1608.208617589005;1168.2938920973756;24.109999999999996;0.4949726775956284;0.48735632183908045
2704906;Mar Vermelho (AL);2;3155;0.5298;36254515.18;2278.743977812995;2431.768171156894;76.08999999999999;0.4566020313942752;0.6293245469522241
2705002;Mata Grande (AL);0;21844;0.4843;17051633.84;2276.112410272844;974.3476735030214;87.71000000000001;0.5568384291925024;0.4231329690346084
2705101;Matriz de Camaragibe (AL);0;23857;0.547;166188600.75;2224.4329697782623;1247.9274757932683;91.28999999999999;0.5069799759964626;0.3097258485639687
2705200;Messias (AL);0;15405;0.5124;94315901.09;2096.5412736124636;1341.007047711782;19.95;0.4950504658385093;0.3363898349489128
2705309;Minador do Negrão (AL);0;4845;0.5649;43619630.47;3613.015364293085;1899.0414014447883;91.60999999999999;0.5009293680297398;0.5760233918128655
2705408;Monteirópolis (AL);0;7184;0.4633;61559569.93;2371.3012736636974;1249.6962291202674;3.7600000000000002;0.5285106382978724;0.38926174496644295
2705507;Murici (AL);0;25187;0.5266;149329325.01;2395.7337463770996;1679.2312379402072;10.08;0.5292653309046752;0.2904515173945226
2705606;Novo Lino (AL);0;10020;0.4899;79515090.66;2771.982361277445;1220.5015279441118;36.28;0.47569955817378495;0.3140764849471115
2705705;Olho d'Água das Flores (AL);0;20695;0.5082;107782719.29;1802.848320850447;1039.0183865668037;93.44000000000001;0.5111354508944871;0.38367266258153787
2705804;Olho d'Água do Casado (AL);0;8349;0.4285;74384845.18;2502.2350053898667;1204.0937657204456;65.49000000000001;0.5260464266130507;0.32200275608635737
2705903;Olho d'Água Grande (AL);0;4330;0.4451;;;;99.49000000000001;0.5097629009762901;0.3937082936129647
2706000;Olivença (AL);0;10812;0.482;90088568.73;2564.852295597484;1072.6940390307066;90.24;0.5181128896377422;0.4057142857142857
2706109;Ouro Branco (AL);0;11446;0.5038;85850553.84;2529.733712213874;1060.2294434737028;93.04;0.5028886554621849;0.4044737807114045
2706208;Palestina (AL);2;4325;0.5167;47126535.97;2435.758853179191;1969.7457803468208;96.22;0.49240855762594893;0.39628180039138944
2706307;Palmeira dos Índios (AL);0;71574;0.5587;433363775.84;1480.6387059546762;1517.8214990080196;64.78;0.4892634207240949;0.5128353599691179
2706406;Pão de Açúcar (AL);0;23823;0.4872;170403081.0;2228.7990941527096;1213.4647202283509;83.72999999999999;0.5263326499231163;0.4025951852484207
2706422;Pariconha (AL);0;10573;0.3856;77485607.06;2063.1265894258963;1034.7172912134683;83.51;0.50741374394069;0.43450221684804513
2706448;Paripueira (AL);3;13835;0.4544;75111078.62;1980.0401250451753;1082.1221908203831;64.48;0.47290535505163417;0.3464686268566232
2706505;Passo de Camaragibe (AL);0;13804;0.4754;94370699.22;2359.648888003477;1100.35028687337;95.60999999999999;0.4727408513816281;0.3047703180212014
2706604;Paulo Jacinto (AL);0;6576;0.4544;49270408.65;1865.7099619829685;1825.5332116788322;50.63999999999999;0.4921715452688904;0.560431654676259
2706703;Penedo (AL);0;58650;0.568;419114577.44;1542.4688378516626;1582.598644160273;70.82;0.48477253740411635;0.4072903652531785
2706802;Piaçabuçu (AL);0;15908;0.4081;120364831.67;1951.3791042242897;1859.6281732461655;73.39999999999999;0.4975054127835828;0.35512820512820514
2706901;Pilar (AL);2;35370;0.5612;338549108.85;2358.2276335877864;2629.1496938083123;43.01;0.4882605402676092;0.3296665520797525
2707008;Pindoba (AL);2;2731;0.5603;35115534.97;2816.57035151959;2436.61172830465;99.17000000000002;0.44497354497354497;0.48849557522123893
2707107;Piranhas (AL);0;22609;0.5365;185778946.58;2015.2942805962227;1170.1245327082136;34.07;0.5100854929201175;0.29572446555819476
2707206;Poço das Trincheiras (AL);0;12518;0.3902;108624100.27;2983.952283112318;1223.8989159610162;92.00000000000001;0.5353857475775788;0.36705292828061387
2707305;Porto Calvo (AL);0;24071;0.602;154232855.64;2041.2158182044784;1352.2997121016992;77.63;0.47115267082263784;0.3289088088260645
2707404;Porto de Pedras (AL);2;9295;0.5697;92096730.68;3242.578651963421;1684.3266132329209;80.97;0.4772727272727273;0.2628259041211102
2707503;Porto Real do Colégio (AL);0;20082;0.4304;125800610.36;1446.6610631411213;1373.8576068120706;60.48;0.5081105437068189;0.3956270627062706
2707602;Quebrangulo (AL);0;11080;0.5082;111015757.01;2998.9914657039712;1436.626;43.57;0.5425309759153557;0.4114451285766027
2707701;Rio Largo (AL);3;93927;0.5676;348348582.2;1619.2839671234044;750.9215163903884;43.84;0.4520901614000371;0.29600248182946287
2707800;Roteiro (AL);0;6474;;51639229.49;2995.1166218721037;1402.648359592215;19.73;0.50313443231948;0.22915484968803176
2707909;Santa Luzia do Norte (AL);3;6919;0.5227;52775157.82;2012.8721780604133;1360.156716288481;57.5;0.4590889919865036;0.33886838868388686
2708006;Santana do Ipanema (AL);0;46220;0.5285;304307937.14;1443.7610750757249;2340.4031646473386;57.63999999999999;0.4933281638719266;0.360873440285205
2708105;Santana do Mundaú (AL);0;11323;0.51;79698072.94;2925.3043248255763;1178.3178389119491;54.47;0.4873243136739787;0.35253372220196866
2708204;São Brás (AL);0;6555;0.4622;61583328.4;2034.7830129672006;1494.6823859649123;73.97000000000001;0.5075896964121435;0.43778501628664496
2708303;São José da Laje (AL);0;20813;0.6309;116073423.43;1546.8505717580358;1454.7840767789362;26.69;0.5092820884699057;0.3602556653108658
2708402;São José da Tapera (AL);0;30604;0.5397;220162661.46;2192.5573549209253;1426.887593778591;77.05999999999999;0.5370398272311787;0.31122011036174124
2708501;São Luís do Quitunde (AL);0;30873;0.5766;164879246.57;4076.7901872186053;2469.238169921938;85.94999999999999;0.49847109644226567;0.2605867190376826
2708600;São Miguel dos Campos (AL);3;51990;0.6265;482124417.01;1880.5819451817656;2051.3687949605696;18.800000000000004;0.4442870239186599;0.35879354290569243
2708709;São Miguel dos Milagres (AL);0;8482;0.5622;66759339.56;2665.6663947182274;1690.7222930912521;83.24;0.4551381025904958;0.31466798810703667
2708808;São Sebastião (AL);0;31786;0.5569;156212495.89;2032.279526206506;988.374890832442;98.24;0.4924406047516199;0.3937541528239203
2708907;Satuba (AL);3;24278;0.4869;71827118.44;914.3043240794136;694.9117987478375;10.78;0.414966779344912;0.2608464671506995
2708956;Senador Rui Palmeira (AL);0;12303;0.4629;106348327.53;2605.1643550353574;1227.2999049012437;51.67999999999999;0.5269951594886434;0.32646048109965636
2709004;Tanque d'Arca (AL);0;5796;0.4762;55241605.4;3438.538022774327;1465.150495169082;99.27000000000001;0.5;0.550561797752809
2709103;Taquarana (AL);0;19032;0.5349;124044312.48;2621.608795187053;1082.368767339218;94.23;0.526100553283618;0.4787018255578093
2709152;Teotônio Vilela (AL);0;38053;0.6504;262249965.28;2941.2095096313037;1618.729310961028;47.86;0.47985533172590805;0.34896687438504426
2709202;Traipu (AL);0;23565;0.4899;159209360.89;2315.89023042648;899.4257415658817;92.99;0.5205187766163376;0.41130160951714484
2709301;União dos Palmares (AL);0;59280;0.5502;375616028.67;1975.5210015182186;1102.7134482118756;18.97;0.5060592972739514;0.3770480470100242
2709400;Viçosa (AL);0;24092;0.5493;121220921.75;1808.9262049643032;1409.3894242902206;75.63;0.4880790611488573;0.4266113016790034
2800100;Amparo do São Francisco (SE);2;2170;0.5115;27232590.86;3024.4531244239633;2015.6565069124424;47.230000000000004;0.49346180316586374;0.40588235294117647
2800209;Aquidabã (SE);0;20131;0.4399;83601764.43;1810.3930018379615;868.831161889623;55.32999999999999;0.4778299809132286;0.5642874309060322
2800308;Aracaju (SE);3;602757;0.6806;2675210490.07;609.7860065996745;960.4951845768693;5.379999999999999;0.4063195568890776;0.5515118578835772
2800407;Arauá (SE);0;10318;0.5009;55585923.55;2073.1861901531306;1007.2032952122504;96.36999999999999;0.46105919003115264;0.45292280232039267
2800506;Areia Branca (SE);0;18081;0.421;91781045.44;1813.9856617443725;954.6636270117802;97.53999999999999;0.424373719867654;0.3788072690043512
2800605;Barra dos Coqueiros (SE);3;41511;0.5338;195677753.97;1290.7796721350967;812.5359637204597;16.69;0.4080594281062379;0.2916040369336483
2800670;Boquim (SE);0;24636;0.5102;90439188.42;1465.2750807761001;747.0113005358012;83.16;0.4587873045949787;0.5489804078368653
2800704;Brejo Grande (SE);0;7841;0.4057;53440722.6;2315.9286047698;1140.8789465629382;50.83;0.528758042503412;0.2714486638537271
2801009;Campo do Brito (SE);0;18149;0.5296;73542932.54;1277.2946267011957;827.9118810953772;58.35;0.4636290322580645;0.5144889357218124
2801108;Canhoba (SE);0;3791;0.4402;30598450.5;2288.0093590081774;1388.8026589290425;84.22000000000001;0.5121659353809334;0.42035398230088494
2801207;Canindé de São Francisco (SE);0;26834;0.4611;215448665.41;2644.169875158381;1745.8168785868672;24.989999999999995;0.48813220940550134;0.24111675126903553
2801306;Capela (SE);0;31645;0.453;175679004.11;1985.3602705008689;962.6213837889081;45.88;0.49135209010792213;0.3880974570629743
2801405;Carira (SE);0;19939;0.4566;84914047.24;1588.7038542554794;586.6481819549626;76.69;0.4882071951037468;0.5467013478363679
2801504;Carmópolis (SE);3;13853;0.6022;97143770.51;2018.6292239948027;1473.9968144084314;14.8;0.4419693973144582;0.2521380123857269
2801603;Cedro de São João (SE);3;5391;0.5138;34103787.84;2104.222227787053;1353.5972862177705;30.93;0.45899864682002706;0.582089552238806
2801702;Cristinápolis (SE);0;17100;0.5394;90378415.94;2224.402981871345;962.4536602339181;96.0;0.47312198483804274;0.30575368521160246
2801900;Cumbe (SE);0;3824;0.5144;27225604.93;1647.3869822175734;1493.6481406903765;77.05;0.4562071591774562;0.5558441558441558
2802007;Divina Pastora (SE);2;4340;0.5079;48893597.25;4088.407635944701;1990.3163502304149;80.11999999999999;0.4960358497069976;0.3141552511415525
2802106;Estância (SE);3;65078;0.4722;297263759.95;1425.1341476382188;1085.882158333077;42.2;0.4567309844652371;0.41792911744266853
2802205;Feira Nova (SE);0;5975;0.3756;36430819.52;1573.618137238494;1191.0501322175733;39.900000000000006;0.47896039603960394;0.40522875816993464
2802304;Frei Paulo (SE);3;14530;0.5052;60912623.26;1315.2589800412939;837.2349091534757;34.96;0.4682700080840744;0.4646017699115044
2802403;Gararu (SE);0;11096;0.4083;50569356.52;1464.644332191781;872.0013599495313;80.07000000000002;0.4671426682533386;0.48445378151260504
2802502;General Maynard (SE);2;3037;0.581;37512401.46;2435.4301613434313;2055.530721106355;62.11;0.4636144578313253;0.4230769230769231
2802601;Graccho Cardoso (SE);0;5834;0.4487;32007007.91;1427.8661158724717;1102.014499485773;69.72999999999999;0.48523421588594706;0.5700164744645799
2802700;Ilha das Flores (SE);0;8321;0.3923;48985425.88;2164.7777094099265;978.6515538997717;48.29;0.535523159254475;0.3491399349139935
2802809;Indiaroba (SE);0;16549;0.4512;91465048.57;2205.0241289503897;929.3715801559007;84.03;0.5234281506029642;0.30893186003683243
2802908;Itabaiana (SE);3;103440;0.5348;311889590.94;997.599791473318;807.6729059358082;13.38;0.4122465697317223;0.4280646992054484
2803005;Itabaianinha (SE);0;40678;0.4833;155240272.93;1915.3646528836227;739.357550518708;37.46;0.46423814837478855;0.37921077959576516
2803104;Itabi (SE);0;4745;0.4262;30406184.34;1660.8019683877765;1093.5443772391993;39.42;0.48886099780357706;0.6898047722342733
2803203;Itaporanga d'Ajuda (SE);0;34411;0.5072;154539229.49;1601.9811327773095;885.1650576850426;68.71;0.471624684599923;0.3677291330770185
2803302;Japaratuba (SE);0;16209;0.6132;94221129.76;2005.6097427355173;1076.6251286322415;72.14;0.47892335766423355;0.4487993375655534
2803401;Japoatã (SE);0;13407;0.4655;71724392.63;2289.281818453047;893.9415626165437;81.94999999999999;0.4863636363636364;0.3730829420970266
2803500;Lagarto (SE);0;101579;0.5619;332943215.93;1351.4077651876864;815.9220827139467;49.089999999999996;0.43822563289347;0.4926215277777778
2803609;Laranjeiras (SE);3;23975;0.5856;176221278.96;2127.018993117831;1446.1637768508863;46.43000000000001;0.4441901090295765;0.30444012029011147
2803708;Macambira (SE);0;6838;0.4837;34259759.27;1630.3035127230185;1174.6499634396023;50.57;0.4508805431784426;0.5613519470977223
2803807;Malhada dos Bois (SE);0;3579;0.5121;29885482.33;2232.9216512992457;1431.8580134115675;33.58;0.4968632371392723;0.3333333333333333
2803906;Malhador (SE);0;11533;0.4309;52394857.79;1574.1639321945722;964.6625708835516;40.779999999999994;0.47953816549069916;0.45277885736494367
2804003;Maruim (SE);3;15719;0.4924;85162656.31;1735.9764119854951;1196.965789172339;28.450000000000003;0.47748848575993985;0.3277574490329326
2804102;Moita Bonita (SE);0;11050;0.4974;45978972.52;1359.4865891402715;875.3333873303167;40.339999999999996;0.44823066841415465;0.6847290640394089
2804201;Monte Alegre de Sergipe (SE);0;14336;0.444;59293202.72;1571.060066266741;787.3543924386161;44.88;0.4667485164722734;0.31469740634005766
2804300;Muribeca (SE);0;7822;0.4233;42035561.11;1822.8797366402453;963.1416095627717;94.31;0.4820007578628268;0.40397350993377484
2804409;Neópolis (SE);0;16426;0.5479;70371073.76;1403.3836813588214;841.9878351394132;70.51;0.5047636496885306;0.4367666232073012
2804458;Nossa Senhora Aparecida (SE);0;9232;0.4706;37949712.2;1279.248677426343;862.264941507799;33.0;0.44430538172715894;0.6072439162422184
2804508;Nossa Senhora da Glória (SE);0;41212;0.5612;163268597.59;1433.744963845482;627.0167955935165;22.68;0.4314692601597777;0.36490495549939567
2804607;Nossa Senhora das Dores (SE);0;24996;0.5364;102919809.75;1413.6426764282285;925.326250600096;76.08;0.4511465892597968;0.49874638379942143
2804706;Nossa Senhora de Lourdes (SE);0;6268;0.4589;30972407.91;1314.8206604977665;1100.4651882578175;77.81;0.4651706404862085;0.5167682926829268
2804805;Nossa Senhora do Socorro (SE);3;192330;0.4909;563684571.29;785.3715646025062;634.327436853325;21.22;0.4066614007372301;0.23321578281988156
2804904;Pacatuba (SE);0;12502;0.4773;82321996.09;2401.930113581827;971.4152527595585;11.46;0.5177856015539638;0.35957921581128466
2805000;Pedra Mole (SE);0;2778;0.4455;28444106.91;2739.1645932325414;1912.2288840892727;66.55;0.4713983050847458;0.5161839863713799
2805109;Pedrinhas (SE);0;7396;0.435;38572848.67;1789.9916062736613;1264.6109126554895;85.67999999999999;0.4311145510835913;0.5344352617079889
2805208;Pinhão (SE);0;5677;0.4385;33403363.55;1892.2635705478244;1041.6149216135284;50.38999999999999;0.47992700729927007;0.5575296108291032
2805307;Pirambu (SE);3;7913;0.442;48301193.86;2095.116151901934;1254.8178781751546;19.590000000000003;0.4741058122205663;0.38919213973799127
2805406;Poço Redondo (SE);0;33439;0.3754;120098802.02;1428.4763153802446;722.7708839977272;64.89;0.5169207040464525;0.2891729833691594
2805505;Poço Verde (SE);0;21794;0.5155;80439634.78;1051.835231256309;772.8400146829404;25.57;0.4596477128122698;0.6220751595367525
2805604;Porto da Folha (SE);0;26576;0.4446;102036778.05;1406.8052197471404;846.3621861830223;46.67000000000001;0.4872684537467122;0.398939588688946
2805703;Propriá (SE);3;26618;0.5458;92745141.28;875.7474817792471;951.554996994515;22.619999999999997;0.4596402719894714;0.41444481943975703
2805802;Riachão do Dantas (SE);0;18313;0.386;79011336.35;1774.2573248511985;748.9191033691912;83.20000000000002;0.4462960037908703;0.5452556740497676
2805901;Riachuelo (SE);0;8748;0.4713;58450764.43;2277.084162094193;1103.4715546410607;17.12;0.4759574827062595;0.29820524620340544
2806008;Ribeirópolis (SE);3;17033;0.567;72172033.51;1217.5329648329712;1038.3321845828686;25.32;0.43254835996635826;0.6617124394184168
2806107;Rosário do Catete (SE);0;9295;0.6037;99925042.74;2862.938259279182;1715.703607315761;17.959999999999997;0.46585712032802395;0.3169861792242532
2806206;Salgado (SE);0;20279;0.4286;76194905.6;1380.631066620642;711.8199694265003;85.98000000000002;0.45005362888809436;0.46542491268917346
2806305;Santa Luzia do Itanhy (SE);0;13616;0.4062;80339438.14;2761.03803393067;983.3584319917744;71.74;0.5015438906043229;0.3228621291448517
2806404;Santana do São Francisco (SE);0;7346;0.4984;49418074.34;1897.6961393955894;976.3860046283692;96.24;0.5087286917231464;0.301629006831319
2806503;Santa Rosa de Lima (SE);3;3937;0.4249;31268671.17;2388.859418338837;1433.6965049530097;7.410000000000001;0.49638920562523753;0.39828693790149894
2806602;Santo Amaro das Brotas (SE);0;11092;0.4947;59528673.65;1429.3879047962496;1078.5954949513164;80.69000000000001;0.4876609442060086;0.42924528301886794
2806701;São Cristóvão (SE);3;95612;0.5256;299088600.3;918.0526969418065;712.7476273898673;31.8;0.39787713091026056;0.3168489306106649
2806800;São Domingos (SE);0;10327;0.487;47163751.06;1609.269395758691;807.0455863271037;80.44999999999999;0.46669507172276664;0.5262424523920112
2806909;São Francisco (SE);3;3243;0.509;28625744.58;2254.5809867406724;1506.011504779525;56.75000000000001;0.4536082474226804;0.4415954415954416
2807006;São Miguel do Aleixo (SE);0;3434;0.4461;27093679.38;1964.6000611531742;1400.196776354106;38.25000000000001;0.4681487815305686;0.5938864628820961
2807105;Simão Dias (SE);0;42578;0.52;134315451.55;1215.317068204237;615.397313401287;46.27;0.4451836263661666;0.5185828412643279
2807204;Siriri (SE);0;7834;0.5183;53961874.82;2190.6268100587185;1539.681566249681;65.47;0.5082787832113977;0.3953488372093023
2807303;Telha (SE);0;3274;0.4853;27548868.14;1902.5124465485644;1491.1865821624924;68.22;0.4668458781362007;0.35324675324675325
2807402;Tobias Barreto (SE);3;50905;0.5225;164074120.11;1359.7295344268737;628.193094587958;21.05;0.42014227925791603;0.5290892476393543
2807501;Tomar do Geru (SE);0;12012;0.4486;54070562.61;1327.312088744589;726.9430328005328;53.38999999999999;0.4625593571167661;0.43466767371601206
2807600;Umbaúba (SE);0;23917;0.4906;96292657.93;1593.5802094744322;684.4752046661371;89.96;0.4574649603900061;0.3424535050071531
2900108;Abaíra (BA);0;7301;0.5189;33055784.91;1535.1882344884264;1368.3003985755377;70.13000000000002;0.5428994082840237;1.3699261992619927
2900207;Abaré (BA);0;17639;0.4524;79767430.51;1863.2108662622597;977.5121679233516;27.709999999999997;0.5117415152553993;0.3701239100504819
2900306;Acajutiba (BA);0;13795;0.4624;74742580.87;2046.7164922073214;1229.4573787604204;90.54;0.5020688153310104;0.5593506932702063
2900355;Adustina (BA);0;14201;0.4215;72572682.53;1800.4513273713117;1165.3165593972255;58.779999999999994;0.4383672642560519;0.6362948960302457
2900405;Água Fria (BA);0;14497;0.4263;73397340.01;1919.511133337932;1350.4875388011314;93.03000000000002;0.5005692992443846;0.6891372685993713
2900504;Érico Cardoso (BA);0;10604;0.4289;53109736.41;1725.648424179555;949.5297067144473;99.50999999999999;0.4478427089022392;0.8021978021978022
2900603;Aiquara (BA);0;4447;0.5139;39695253.46;3039.0604992129524;1545.397609624466;19.459999999999997;0.466688654353562;0.6706021251475797
2900702;Alagoinhas (BA);3;151055;0.5424;684369161.83;1385.593632517957;1535.2729270795405;24.759999999999998;0.42570622268784625;0.4974767596281541
2900801;Alcobaça (BA);0;24530;0.3885;119993865.03;2541.56764370159;902.8577602935181;51.81;0.5139171758316361;0.4629304286718201
2900900;Almadina (BA);3;5218;0.437;30088477.73;1678.3508451513987;1155.7430797240322;19.029999999999998;0.5396872233697256;0.8512145748987854
2901007;Amargosa (BA);0;36521;0.5535;159335417.02;1676.9867766490513;860.836482297856;60.5;0.4504547440327257;0.6081100241032185
2901106;Amélia Rodrigues (BA);3;24138;0.5575;100335400.57;1590.916171182368;897.1370478084349;70.01;0.44616859385297464;0.5760846560846561
2901155;América Dourada (BA);0;15137;0.5162;76881618.6;2250.4384798837286;901.2776369161656;19.529999999999998;0.5109802355759633;0.45591581342434584
2901205;Anagé (BA);0;25438;0.4119;76106083.74;1106.8433815551537;755.0361805173362;73.18;0.5022736668044646;0.874173644777435
2901304;Andaraí (BA);0;13080;0.4975;69508620.08;2238.0780611620794;902.1069304281345;68.06;0.4789687924016282;0.5
2901353;Andorinha (BA);0;15012;0.4814;92997709.64;2562.227925659473;1121.793090194511;51.970000000000006;0.45029465752101244;0.6133610245759779
2901403;Angical (BA);0;13732;0.4555;65304634.7;1870.9770091756482;1002.7176165161667;98.72999999999999;0.5115024766097964;0.5484838387204265
2901502;Anguera (BA);0;11031;0.5412;54817259.07;1648.893351464056;936.2619028193275;51.900000000000006;0.45182942879705185;0.6886374815543532
2901601;Antas (BA);3;14206;0.4364;76256057.31;2400.5712001970996;1014.188433760383;24.13;0.42802573381584236;0.8385146804835925
2901700;Antônio Cardoso (BA);0;11146;0.3903;51097093.94;2012.064855553562;844.938090794904;77.92;0.49390162176651925;0.503467972256222
2901809;Antônio Gonçalves (BA);0;10862;0.4016;47752162.85;1549.6120889338981;957.4722583317989;79.25999999999999;0.4790305010893246;0.5477342718873736
2901908;Aporá (BA);0;15922;0.4147;78675554.55;2146.40692814973;1099.3018785328477;95.49;0.48929005705733797;0.6245341614906832
2901957;Apuarema (BA);0;6913;0.395;40619998.07;2162.9880471575293;1116.2357485896139;56.21;0.5113686051595977;0.6345213137665968
2902005;Aracatu (BA);0;13936;0.498;64582766.39;1925.2173887772676;928.3805719001149;78.05000000000001;0.48618961288258505;0.7677394338891043
2902054;Araçás (BA);0;11557;0.4257;82471352.53;2652.8667552132906;899.5406143462837;84.86999999999999;0.4424613080379431;0.3766990291262136
2902104;Araci (BA);0;48294;0.4156;197713807.55;1967.2351604754215;874.4633204952996;53.989999999999995;0.4834587620949163;0.5023864070255822
2902203;Aramari (BA);0;9833;0.4597;52591722.88;1489.2645469337942;1028.291097325333;81.38000000000001;0.4522227145177965;0.548811330298432
2902252;Arataca (BA);0;10191;0.3887;55466927.1;1523.3255549013836;902.549174762045;56.85;0.47545967858694077;0.4900181488203267
2902302;Aratuípe (BA);0;8677;0.4131;43007504.72;2085.964336752334;934.8102477814914;62.43;0.4420807711484128;0.4401732539252842
2902401;Aurelino Leal (BA);0;11179;0.3825;70742838.84;2249.852977010466;1151.3929805886037;41.24;0.5280207763805358;0.4693799923925447
2902500;Baianópolis (BA);0;13614;0.4117;69008781.92;2048.5418179814897;1181.5969266931102;99.55;0.5046419098143236;0.5363391655450875
2902609;Baixa Grande (BA);0;18220;0.4436;83460752.24;1595.434027442371;1072.9790587266739;43.06;0.5034243749484281;0.7229596159277041
2902658;Banzaê (BA);0;11958;0.4634;67876951.25;2206.375264258237;970.658880247533;87.34;0.5350449293966624;0.5217232566630157
2902708;Barra (BA);0;51092;0.3491;201839099.17;2087.8661146559148;779.7489869255461;48.66;0.5336034819150532;0.3329084501762015
2902807;Barra da Estiva (BA);0;26026;0.4546;87667348.32;1395.2944005994007;657.6290728502267;45.03;0.44428412874583795;0.42303590472804836
2902906;Barra do Choça (BA);0;36539;0.4594;145472293.91;1889.8035408741343;841.8071055584444;67.49;0.4887141460234681;0.45059862135687506
2903003;Barra do Mendes (BA);0;13836;0.448;55855133.01;1788.2054076322636;1205.5557776814107;89.72;0.5176044751563014;0.7854710556186152
2903102;Barra do Rocha (BA);0;5775;0.4601;40725186.89;2916.698245887446;1274.3454025974027;30.819999999999997;0.4861039629439012;0.6008474576271187
2903201;Barreiras (BA);3;159734;0.6198;779291708.06;1433.1428441033217;1239.484939274043;9.75;0.40913581989484454;0.29334337265400595
2903235;Barro Alto (BA);0;13453;0.3639;57975035.53;1564.364202780049;971.2823072920539;98.02;0.4643518014585828;0.5846953937592868
2903276;Barrocas (BA);3;15203;0.5372;88121684.56;2087.6824916134974;1041.8286088272052;36.6;0.459861724601498;0.4605062519060689
2903300;Barro Preto (BA);0;5833;0.4587;45380209.23;3499.559393108178;1360.8263689353678;15.750000000000002;0.47596153846153844;0.6976534296028881
2903409;Belmonte (BA);0;20121;0.381;100428557.78;2130.6182386561304;944.8509288802743;30.310000000000006;0.5044863167339614;0.45944192083062946
2903508;Belo Campo (BA);0;18412;0.4479;77392163.53;2270.654269498153;1039.5539170106451;96.16999999999999;0.5006928029994294;0.7270171492831038
2903607;Biritinga (BA);0;15146;0.3687;71578040.86;2216.609740525551;860.6792268585765;78.1;0.4837382445141066;0.56513470681458
2903706;Boa Nova (BA);0;13690;0.4933;61545172.52;1967.6787523739956;827.067134404675;67.91000000000001;0.5349254400717569;0.7336482558139535
2903805;Boa Vista do Tupim (BA);0;16873;0.4237;79375820.61;1911.0849967403544;897.0641184140342;88.33000000000001;0.5203640295548747;0.5692934782608695
2903904;Bom Jesus da Lapa (BA);0;65550;0.517;311111010.48;2000.6582620900076;1423.2996578184593;39.13;0.47290131224159626;0.3670672296200065
2903953;Bom Jesus da Serra (BA);0;9730;0.4627;41289737.64;1838.7486217882836;1104.078865364851;99.21;0.48731274839498623;0.669109947643979
2904001;Boninal (BA);0;13622;0.3751;60813118.8;1617.158658787256;1027.8787167816768;98.54999999999998;0.5259325641312871;0.6537513208876365
2904050;Bonito (BA);0;15844;0.4318;84321795.31;1754.628425271396;1351.5027625599596;91.83;0.458528951486698;0.29646017699115046
2904100;Boquira (BA);0;19322;0.4286;78081075.38;1526.7156189835418;1010.2120432667425;85.04;0.5270686793645776;0.7476415094339622
2904209;Botuporã (BA);0;11024;0.4842;48710230.73;1680.4184887518145;1076.6269248911467;56.589999999999996;0.4657625315782476;0.7307312252964426
2904308;Brejões (BA);0;12943;0.4184;65119386.46;2103.8715838677276;866.8081202194236;58.33;0.4963005780346821;0.6588098918083463
2904407;Brejolândia (BA);0;9108;0.3605;45336061.75;1539.9933761528328;991.3996958717611;99.57000000000001;0.5157264103844234;0.7322526551145891
2904506;Brotas de Macaúbas (BA);0;11765;0.4445;49902587.31;1714.68354441139;;57.290000000000006;0.5533403749669923;0.8002577319587629
2904605;Brumado (BA);3;70510;0.647;299698502.09;1798.7930733229327;1325.2245353850517;33.13;0.43464637421665175;0.613322256627143
2904704;Buerarema (BA);3;14804;0.3989;66309266.95;1781.863109294785;439.1933207241286;27.07;0.5296548873734243;0.7288364249578415
2904753;Buritirama (BA);0;19589;0.3808;85328147.08;1768.170201133289;1006.2639292460054;90.82;0.49408893295705897;0.390427130285469
2904803;Caatiba (BA);0;6205;0.5272;27998294.59;;;30.44;0.46413402548371874;0.7059843885516045
2904852;Cabaceiras do Paraguaçu (BA);0;16559;0.4682;83005561.32;2217.015251524851;926.5232773718219;91.38000000000001;0.47967116432847823;0.43452699091394975
2904902;Cachoeira (BA);3;29250;0.4345;119502473.31;1761.4272673504274;821.0007835897435;33.35;0.4436602339469918;0.568760907504363
2905008;Caculé (BA);0;22462;0.5719;74501383.84;1607.9969219125635;1031.4185197221975;70.22;0.47659742308703656;0.745305729417429
2905107;Caém (BA);0;10384;0.3941;49192394.45;2180.8575491140214;1096.4500529661016;75.45000000000002;0.5152487961476726;0.5883940620782726
2905156;Caetanos (BA);0;11266;0.4693;58237531.37;1713.9543795490856;1150.4725696786793;74.75999999999999;0.47905999737429433;0.7392755004766445
2905206;Caetité (BA);0;52012;0.557;215422456.1;1544.2269059063292;942.8463195031916;44.05;0.45321449526417257;0.6312349155269509
2905305;Cafarnaum (BA);0;17466;0.4565;84649074.25;1725.615296576205;1067.4291394709724;72.61;0.4823050157005856;0.4221721721721722
2905404;Cairu (BA);3;17761;0.5352;143788481.82;2382.7727425257585;2177.4902055064467;47.86;0.420652695568709;0.2798734485276223
2905503;Caldeirão Grande (BA);0;13080;0.4089;69645797.25;2739.339037461774;955.0099709480122;63.559999999999995;0.5147654892877823;0.5119047619047619
2905602;Camacan (BA);3;22579;0.4586;114344112.66;1901.7950493821693;1100.5873497497676;26.17;0.5194481830417228;0.547514033680834
2905701;Camaçari (BA);3;300372;0.6065;1958507390.64;1457.5480031094773;1531.428861012345;17.960000000000004;0.39907030471275395;0.32043892365071047
2905800;Camamu (BA);0;30469;0.3432;131485595.47;2094.328051790344;648.0712281335127;61.410000000000004;0.5427341772151899;0.3635669762116779
2905909;Campo Alegre de Lourdes (BA);0;30671;0.3146;141027489.72;2074.218700727071;838.1784718463696;99.09;0.5450607022316256;0.45547484530535376
2906006;Campo Formoso (BA);0;71377;0.4126;341692964.42;1859.6262206312958;828.3438976140773;59.68;0.4721156622530215;0.4568191942977153
2906105;Canápolis (BA);0;10225;0.3709;42555221.61;1687.5841926650369;900.4502464547677;61.589999999999996;0.5222569599523597;0.5549645390070922
2906204;Canarana (BA);0;24206;0.4494;103795900.72;2146.057506403371;766.0830149549698;83.34999999999998;0.47831928667399537;0.47550866616428034
2906303;Canavieiras (BA);3;32683;0.398;123085418.58;1563.4770293424717;813.5500012238779;25.790000000000003;0.5039804887027748;0.5760541085048209
2906402;Candeal (BA);0;7772;0.3829;33857344.27;1478.59565877509;810.1381471950591;94.09000000000002;0.5138293728087261;0.8306731436502429
2906501;Candeias (BA);3;72382;0.5443;570478284.48;2297.8515006493326;1338.0641455057887;15.22;0.4174205929581326;0.4534297013500614
2906600;Candiba (BA);0;13016;0.5106;56475712.42;1433.9420789797173;847.7373063921328;98.7;0.49095074455899196;0.8466178371391642
2906709;Cândido Sales (BA);0;25247;0.4273;107137933.7;1867.241659999208;837.987077276508;91.32000000000001;0.4878307501915257;0.61364522417154
2906808;Cansanção (BA);0;37439;0.3691;198322107.09;3864.9508119875;886.8520900665081;51.85999999999999;0.46842641983056166;0.5127295756808107
2906824;Canudos (BA);0;16105;0.4132;87706571.04;2227.255028252096;1145.788416640795;64.86000000000001;0.5103629372596831;0.4688259109311741
2906857;Capela do Alto Alegre (BA);0;10744;0.4824;52185423.94;1183.710488644825;1159.3541036857782;53.68000000000001;0.5043405208625035;0.9597388465723613
2906873;Capim Grosso (BA);0;33235;0.5177;120592131.84;1541.0804964645704;788.9056654129682;79.10000000000001;0.4756682355030637;0.47704398180063423
2906899;Caraíbas (BA);0;9940;0.4715;42673197.15;1671.1008963782695;1012.3469708249496;92.84;0.5456383144145545;0.9570552147239264
2906907;Caravelas (BA);0;20580;0.5036;118298158.98;1858.280460155491;1232.1626588921283;34.8;0.5013131018383425;0.49684164670006536
2907004;Cardeal da Silva (BA);0;8365;0.4531;65817156.7;3046.8955720262998;1157.6857585176328;64.96000000000001;0.4729705934143335;0.32707509881422925
2907103;Carinhanha (BA);0;28869;0.3661;121645451.57;1758.234329557657;1058.9299535834286;56.71;0.5030457645650024;0.4045646169501381
2907202;Casa Nova (BA);0;72086;0.3991;246650902.41;1532.8069153511083;818.3738910468053;47.07000000000001;0.4910128860115416;0.3961653825795448
2907301;Castro Alves (BA);3;24712;0.5184;119122306.6;1725.5504908546457;1001.6295609420525;35.410000000000004;0.448959249486954;0.6072628043660789
2907400;Catolândia (BA);0;3434;0.4768;29517174.66;2253.8166919044843;1628.6460570762958;80.58999999999999;0.581759557807462;0.6213093709884467
2907509;Catu (BA);3;48148;0.5711;224410066.93;1496.5039789814737;1387.086060480186;23.880000000000003;0.4173682661171622;0.5588785046728972
2907558;Caturama (BA);0;8841;0.4292;42006295.53;2032.0471077932361;1025.2541929645968;69.32000000000001;0.4936644703497212;0.8365807668133249
2907608;Central (BA);0;16348;0.3824;69118548.92;1484.0449755321754;1024.2228352092;86.80999999999999;0.4959736456808199;0.6078315040047464
2907707;Chorrochó (BA);0;10579;0.4139;57873869.86;2158.910356366386;1194.9762917099915;56.45;0.5228156038577804;0.472233481961897
2907806;Cícero Dantas (BA);0;30907;0.4769;135048126.8;2053.32516064322;845.7021558223057;45.81;0.45028389094833654;0.7869646182495345
2907905;Cipó (BA);0;17230;0.3765;95896262.07;2226.542312826465;938.1493488102147;97.8;0.4862416975761235;0.43544690603514136
2908002;Coaraci (BA);3;17333;0.4685;79973200.96;1569.773119483067;1147.4373801419258;12.450000000000001;0.5390694370449298;0.8588487446417636
2908101;Cocos (BA);0;19151;0.464;106413676.51;1737.5079061145632;1248.9550963396168;95.81;0.4958212918847145;0.5997983870967742
2908200;Conceição da Feira (BA);0;20800;0.4666;89571548.71;1871.9600543269232;840.7249081730769;87.79;0.43815252713821473;0.5062990254338008
2908309;Conceição do Almeida (BA);3;15794;0.4421;73649483.1;1326.321552488287;1134.8870596429024;84.01999999999998;0.4177737881508079;0.7568893922234805
2908408;Conceição do Coité (BA);3;67825;0.4537;204143351.54;1322.2543537043862;715.266869738297;48.32;0.4764143755850149;0.5047095221725679
2908507;Conceição do Jacuípe (BA);3;35308;0.5519;157770765.54;1499.7526543559534;1207.96597739889;82.00000000000001;0.41566095986528206;0.4953122746285879
2908606;Conde (BA);0;23654;0.4127;105348665.39;2007.695290859897;1001.829078379978;75.39999999999999;0.4849645301023291;0.3757791629563669
2908705;Condeúba (BA);0;17053;0.4987;75321456.15;2072.637291972087;994.1761080161849;89.91;0.5056507151686386;0.90265780730897
2908804;Contendas do Sincorá (BA);0;4333;0.4723;27810577.47;2466.968072928687;1490.3454604200324;70.41999999999999;0.4946533287340462;0.7769516728624535
2908903;Coração de Maria (BA);0;26692;0.4271;113794245.31;1701.2806368949498;660.5287558069834;94.71;0.43536244353624437;0.5738724727838258
2909000;Cordeiros (BA);0;7546;0.5595;40321743.77;1662.6362032865093;1008.8992857142857;75.02;0.5122244488977956;0.9586206896551724
2909109;Coribe (BA);0;13990;0.4302;69718073.29;1472.5105589706932;1489.549997855611;99.12;0.5047864902656771;0.7310955367023239
2909208;Coronel João Sá (BA);0;17056;0.4469;116508320.49;2873.871031894934;915.0691633442777;54.790000000000006;0.44972375690607735;0.492524682651622
2909307;Correntina (BA);0;32457;0.5186;237306121.54;2470.965417937579;1788.0159068921957;56.459999999999994;0.4753181818181818;0.5335093122158674
2909406;Cotegipe (BA);0;13063;0.4242;65931188.67;1939.0798629717524;1025.7455592130445;99.47;0.4963344788087056;0.5024271844660194
2909505;Cravolândia (BA);0;4415;0.3419;34755706.33;2473.8139637599097;1399.5015016987543;37.059999999999995;0.46872920825016634;0.6773809523809524
2909604;Crisópolis (BA);0;19729;0.4296;87314371.12;1820.4766105732676;913.1447032287494;92.82000000000001;0.4991641337386018;0.5644201000238152
2909703;Cristópolis (BA);0;13993;0.4285;64571909.21;1503.28407489459;1237.8809940684628;99.21000000000001;0.46615674769488685;0.571529494878135
2909802;Cruz das Almas (BA);3;60348;0.5591;198138019.49;1265.8355239610262;847.4038248160668;27.77;0.40976943023337303;0.5633689839572192
2909901;Curaçá (BA);0;34180;0.4277;144568989.1;1985.9794201287302;1022.1408428905793;45.13;0.502813928948294;0.40319018404907975
2910008;Dário Meira (BA);0;10820;0.4574;65364362.08;3486.192262476895;1009.4114149722735;46.239999999999995;0.5319269432252584;0.5739421868454126
2910057;Dias d'Ávila (BA);3;71485;0.5572;303473209.93;1523.6632623627336;940.7635842484436;28.81;0.42408908898938186;0.3454683352294274
2910107;Dom Basílio (BA);0;11884;0.5076;57975466.08;1699.477438572871;1127.500064792999;78.46;0.4252818421683857;0.7007194244604317
2910206;Dom Macedo Costa (BA);0;4407;0.505;31574024.84;2208.05355570683;1226.0633287950986;92.55;0.4317738791423002;0.6695979899497487
2910305;Elísio Medrado (BA);0;7808;0.5023;41386234.48;2352.42021772541;1034.7814357069672;88.88;0.49435406698564593;0.858273381294964
2910404;Encruzilhada (BA);0;19107;0.4167;80445755.8;1774.6783121369135;1076.4770728005442;44.86;0.5002355527638191;0.5392606909881614
2910503;Entre Rios (BA);0;38098;0.4159;166559660.28;1559.3839815738359;1186.3291443120372;87.49;0.44245040133272756;0.43739237392373925
2910602;Esplanada (BA);0;32554;0.4066;165543071.61;1602.776711310438;1115.7623330466301;81.23;0.46093434456760757;0.39324470971242537
2910701;Euclides da Cunha (BA);0;61456;0.4412;230142181.06;1606.7831184912782;742.6758614293153;56.33;0.48491072075772584;0.6044931244003837
2910727;Eunápolis (BA);3;113710;0.5303;444859388.0;1512.3794793773634;1136.0088000175886;46.04;0.4550782499648099;0.39244322631166795
2910750;Fátima (BA);0;17895;0.4811;80652339.1;1843.511994411847;1017.2754937133278;48.4;0.4389675136699904;0.7086071987480438
2910776;Feira da Mata (BA);0;5631;0.5176;32237755.05;1624.2887657609658;1560.0116977446278;99.49999999999999;0.4980047885075818;0.6669634906500446
2910800;Feira de Santana (BA);3;616272;0.5146;1701012328.01;635.4429046752083;773.4651250421892;19.160000000000004;0.40959796155966305;0.4310887702586069
2910859;Filadélfia (BA);0;17897;0.4504;89034252.17;2143.810214561099;1050.124383416215;62.13000000000001;0.4708251150558843;0.5176158940397351
2910909;Firmino Alves (BA);3;4873;0.4546;40939241.67;2474.8670469936387;1177.7062138313154;16.169999999999998;0.5049413218035824;0.6565349544072948
2911006;Floresta Azul (BA);0;11059;0.4536;46691044.36;1289.7171425987883;854.2023763450584;27.529999999999998;0.47689636752136755;0.7695738354806739
2911105;Formosa do Rio Preto (BA);2;25899;0.4753;240437721.93;2689.5819398432373;2299.0507139271785;36.06;0.5018266164105538;0.3504993757802747
2911204;Gandu (BA);3;32178;0.438;140108368.71;1270.0440490397168;1008.6814649760706;28.36;0.4457474053106888;0.44158674803836095
2911253;Gavião (BA);0;4360;0.4848;28763578.48;2314.907089449541;1286.808383027523;95.41000000000001;0.496738757294885;0.8964613368283093
2911303;Gentio do Ouro (BA);0;10884;0.4544;67953701.11;1908.5737127894156;1538.5086365306872;81.25999999999999;0.48708840005465226;0.6436145689257723
2911402;Glória (BA);0;15524;0.3766;70596941.47;2115.7720574594177;1035.1093403761918;68.48;0.503243923695168;0.45860230143137803
2911501;Gongogi (BA);3;5555;0.4927;46733245.83;2664.5565670567053;1829.1127182718274;27.75;0.5269378779549203;0.6273344651952462
2911600;Governador Mangabeira (BA);0;20605;0.5006;90143345.25;1933.201461781121;921.9093802475128;82.23;0.44262409857873;0.537077558959397
2911659;Guajeru (BA);0;8050;0.482;30639432.41;1652.8905763975156;1203.4681254658385;98.05000000000001;0.5024262784621127;1.0363086232980332
2911709;Guanambi (BA);3;87817;0.5858;318868972.06;1358.800764999943;1095.6353761800108;23.319999999999997;0.43752557743619963;0.558756633813495
2911808;Guaratinga (BA);0;19049;0.3671;78280402.04;1513.2748632474147;976.4776801931858;42.940000000000005;0.5363335752883297;0.6797171002778479
2911857;Heliópolis (BA);0;12309;0.474;57668559.35;1925.9241766187345;1137.9046900641806;75.52;0.42663421418636993;0.7289807421324566
2911907;Iaçu (BA);0;24607;0.4951;106315183.08;2172.931623115374;986.9092766286017;55.77;0.5096319018404908;0.5978072706289671
2912004;Ibiassucê (BA);0;10429;0.5345;45232133.22;1299.2442765365806;1139.5903106721642;98.66;0.47594112652136994;1.0222489476849068
2912103;Ibicaraí (BA);3;21665;0.4358;85346295.61;1222.92247819063;1279.337070851604;29.01;0.49558194118459203;0.78626524010948
2912202;Ibicoara (BA);0;20785;0.4798;109972436.1;1752.3214380562908;912.3555588164542;69.88000000000001;0.4461142419814931;0.26394638281096
2912301;Ibicuí (BA);0;13934;0.414;63856810.29;1882.1511310463613;1158.482083393139;27.759999999999998;0.4976354256233878;0.7373358348968105
2912400;Ibipeba (BA);0;16603;0.3416;74460380.74;1405.4579112208637;1126.5589471782207;86.85;0.4976546996211438;0.6103327495621717
2912509;Ibipitanga (BA);0;13863;0.4369;63075753.52;1587.582929380365;957.7374110942798;91.8;0.4621875329606582;0.792962356792144
2912608;Ibiquera (BA);0;3725;0.3954;28692705.06;2294.611680536913;1551.395943624161;94.09;0.5080971659919028;0.6048593350383632
2912707;Ibirapitanga (BA);0;25344;0.3692;108150294.74;2043.489928582702;787.0321650094697;41.9;0.49020991356500265;0.44966092853416795
2912806;Ibirapuã (BA);0;8896;0.5358;64822470.92;2274.97307778777;1568.8429968525181;41.339999999999996;0.5101001527754201;0.5675534689619197
2912905;Ibirataia (BA);0;18792;0.3365;93227918.15;1742.78210195828;1083.7606981694337;31.000000000000004;0.5240875912408759;0.5963438735177866
2913002;Ibitiara (BA);0;14637;0.4209;62067315.69;1693.314906743185;1112.715287968846;85.36;0.4858390011166379;0.9052547770700637
2913101;Ibititá (BA);0;16969;0.3808;77189128.95;1487.4225092816312;1093.7111114385054;76.47;0.4868132830982213;0.6293255131964809
2913200;Ibotirama (BA);3;26309;0.5173;135463672.16;1950.5287555589343;1705.8914561556883;22.11;0.4911017909771027;0.44416666666666665
2913309;Ichu (BA);3;6190;0.4793;37314618.32;2208.6612084006465;1280.040620355412;90.84;0.4699596295416766;0.7075064710957722
2913408;Igaporã (BA);0;15527;0.4853;76590446.34;1726.291054936562;1422.9291646808786;45.0;0.4575237022434995;0.7382310984308131
2913457;Igrapiúna (BA);0;13151;0.4413;69919375.74;2221.147873165539;1012.2760961143639;63.03;0.4566902968542313;0.3905564924114671
2913507;Iguaí (BA);0;21491;0.3952;89113623.39;1749.9766683728071;831.694764785259;37.36000000000001;0.5124920824829333;0.6572598998634501
2913606;Ilhéus (BA);3;178649;0.4625;628043781.1;951.988896383411;796.7108664476152;22.49;0.43696309642546893;0.568726537684089
2913705;Inhambupe (BA);0;33790;0.4076;143178600.08;2007.192543651968;837.5987780408406;59.589999999999996;0.4731656275886123;0.4930526895033705
2913804;Ipecaetá (BA);0;13709;0.4545;83703461.03;2539.671429717704;1023.7066365161572;81.74000000000001;0.47472030981067126;0.6290143964562569
2913903;Ipiaú (BA);3;40706;0.5245;184856500.23;1568.1525838942662;841.3574443570972;18.44;0.4912807737397421;0.6355653128430296
2914000;Ipirá (BA);0;56876;0.4274;195883923.3;1521.1917868696814;651.4049718686265;35.05;0.49504508056672714;0.6676702382006553
2914109;Ipupiara (BA);3;9935;0.4597;39351145.01;148.205504781077;1271.1576849521891;56.14000000000001;0.49151779012160335;0.7716450216450217
2914208;Irajuba (BA);0;6101;0.3138;67848804.17;3201.1901458777247;1530.4699426323552;98.19;0.5049333991119882;0.6751227495908347
2914307;Iramaia (BA);0;10752;0.2722;49284294.88;2042.6098539806546;902.2180989583334;94.37;0.4575030500203335;0.6367604267701261
2914406;Iraquara (BA);0;23879;0.4409;105622223.56;1837.1804108212236;857.7510779345868;94.42;0.4767470624613482;0.4479714500375657
2914505;Irará (BA);0;28043;0.4739;118397067.31;1878.2206971436722;806.3472153478585;96.34;0.4745504259122936;0.6246624662466247
2914604;Irecê (BA);3;74507;0.5984;259791194.65;1405.1206634275975;962.9781762787389;37.79;0.4176148255260855;0.3751644633794875
2914653;Itabela (BA);0;28165;0.4053;148446220.53;1852.9360536126396;1098.0724821587075;88.42999999999999;0.5062302796941013;0.3571326164874552
2914703;Itaberaba (BA);3;65073;0.565;254553852.69;1581.5407717486514;972.8767269067048;17.959999999999997;0.45440525680568594;0.4971281296023564
2914802;Itabuna (BA);3;186708;0.5349;784768758.99;1107.564682659554;1844.3699980182957;13.25;0.4326667792084222;0.6649245578291553
2914901;Itacaré (BA);0;27704;0.4678;129455106.18;1832.5480168928673;856.6758027721629;40.09;0.4601032992516075;0.3100240096038415
2915007;Itaeté (BA);0;13472;0.4009;60883587.77;1669.2133350653207;898.0307712292162;68.08;0.5396571428571428;0.5057397959183674
2915106;Itagi (BA);0;13803;0.3907;55557098.29;2132.7019307396945;766.8289147286822;34.27;0.507865414026655;0.639280677009873
2915205;Itagibá (BA);0;15310;0.515;120965305.02;2849.846408229915;1230.873005225343;30.94;0.5071864540263832;0.6319290465631929
2915304;Itagimirim (BA);0;6347;0.4663;44608809.3;2652.7414652591774;1380.2207877737515;21.919999999999995;0.5382937469704314;0.575177304964539
2915353;Itaguaçu da Bahia (BA);0;12311;0.358;85672354.1;1757.9376590041427;1582.9306636341482;87.4;0.533698766662514;0.42990654205607476
2915403;Itaju do Colônia (BA);0;6037;0.3828;39416122.06;2115.6090293191983;1123.5856965380156;17.57;0.5337906504065041;0.47749648382559773
2915502;Itajuípe (BA);3;18781;0.4068;88990247.43;1577.873230392418;767.1148032586124;27.85;0.48396017699115046;0.681306615426846
2915601;Itamaraju (BA);3;59605;0.468;218625089.36;1507.5074978609177;764.9597263652379;20.36;0.48496474750242907;0.4901630559595805
2915700;Itamari (BA);0;7051;0.3784;37516084.48;2141.8455637498228;1156.7859282371294;33.34;0.5156921754084265;0.6499312242090785
2915809;Itambé (BA);0;24394;0.4013;111742757.27;1785.0007575633351;843.8277551857014;19.560000000000002;0.44883292748114273;0.5581443298969072
2915908;Itanagra (BA);0;5914;0.5194;43150547.54;2471.47602299628;1443.991668921204;64.28999999999999;0.4792396198099049;0.38439306358381503
2916005;Itanhém (BA);0;17813;0.3542;81379849.73;1771.0606023690561;851.9873418290013;29.389999999999997;0.514195851751105;0.885010906824556
2916104;Itaparica (BA);3;19789;0.4568;107305819.03;2109.5107711354794;840.2316099853454;28.580000000000002;0.44624716801870934;0.6161990471148756
2916203;Itapé (BA);3;10341;0.4362;45527463.14;1818.0021293878735;806.0999120007737;24.599999999999994;0.4612123781263247;0.5669707153144503
2916302;Itapebi (BA);0;9174;0.4574;59574714.38;2023.0403357314149;1468.109982559407;75.35;0.526709935097354;0.49504015115729805
2916401;Itapetinga (BA);3;65897;0.4995;250311010.09;1440.4848923319723;1020.1373243091492;4.390000000000001;0.46463815789473684;0.5470287870939096
2916500;Itapicuru (BA);0;31679;0.3823;158648808.38;2479.1427630291355;917.6222046150447;64.86;0.4826827670130113;0.47623819066704837
2916609;Itapitanga (BA);0;10279;0.3498;45366783.15;1846.0957340208192;1003.4324535460647;16.12;0.4892784700086931;0.527363184079602
2916708;Itaquara (BA);0;8153;0.3107;37823955.44;1596.6435226297067;867.4365104869373;46.379999999999995;0.44377545599433327;0.6574074074074074
2916807;Itarantim (BA);0;17052;0.4264;76012140.64;1655.467061341778;1123.144925521933;20.150000000000002;0.5055624227441285;0.6439850703416595
2916856;Itatim (BA);0;15737;0.5673;81957407.74;2484.2333398995997;958.6703996949864;93.77;0.4717104647900496;0.4192459200900394
2916906;Itiruçu (BA);0;10999;0.4091;49573768.49;1559.07815165015;1075.4622265660514;54.25;0.4843454790823212;0.7371732817037754
2917003;Itiúba (BA);0;33872;0.4004;143709265.56;2191.9432554912614;663.7356751889466;49.800000000000004;0.4967741935483871;0.5519050248481502
2917102;Itororó (BA);3;16617;0.4047;79611949.8;1772.1896407293734;1195.1562724920263;12.469999999999999;0.5226793732245946;0.7211828605914303
2917201;Ituaçu (BA);0;17914;0.4658;89329199.95;2038.5146566930894;1186.1782259685162;70.20000000000002;0.46475878986099756;0.6876484560570071
2917300;Ituberá (BA);3;21902;0.4702;94712920.16;1619.5986106291664;896.7812628983654;41.18;0.4715130341306101;0.5147852363479387
2917334;Iuiu (BA);0;11118;0.4818;55153457.41;1750.3426938298255;972.0963464651917;37.879999999999995;0.43513618174777335;0.45552677029360966
2917359;Jaborandi (BA);0;9275;0.5523;93034276.19;2427.7955061994608;2649.152619946092;61.32;0.5130505709624796;0.6161356628982528
2917409;Jacaraci (BA);0;14436;0.492;67770140.05;1561.2651039068994;1088.9622914934885;80.92000000000002;0.4617253948967193;1.0559062218214608
2917508;Jacobina (BA);3;82590;0.4994;362227979.12;1218.2339009565324;1347.9532202445816;28.29;0.46179578399617693;0.5045845106971917
2917607;Jaguaquara (BA);0;45964;0.447;182170453.31;1747.503148115917;818.5096114350362;49.19;0.48606530876172;0.5188927055970903
2917706;Jaguarari (BA);0;32703;0.5263;177405986.53;1813.5157854019508;1285.6441543589274;25.160000000000004;0.47105393369619003;0.5885922330097088
2917805;Jaguaripe (BA);0;17659;0.3962;99848540.56;2279.2488096721218;961.6444198425731;85.75999999999999;0.4335931157655464;0.5053551296505073
2917904;Jandaíra (BA);0;9285;0.4332;65381806.64;2180.6278922994074;1104.2988540656972;93.96000000000001;0.5046183762761303;0.3616090948841277
2918001;Jequié (BA);3;158813;0.4955;649081922.03;1156.3658960538496;899.595085855692;15.200000000000001;0.46145139323443884;0.5451576125473762
2918100;Jeremoabo (BA);0;37626;0.4491;153091802.82;1782.9846077180673;745.1349837878063;52.63;0.48011486566224776;0.5537873965626989
2918209;Jiquiriçá (BA);0;13629;0.4618;84392654.76;2408.241479932497;970.5389426957223;66.09;0.43887246621621623;0.5818112633181126
2918308;Jitaúna (BA);0;14355;0.3527;75698705.46;2740.217898989899;774.6268631138977;44.99;0.49375650364203955;0.6515837104072398
2918357;João Dourado (BA);0;24854;0.484;123802357.13;1750.9850828840429;772.7441208658565;49.82;0.4927327327327327;0.3912158724775309
2918407;Juazeiro (BA);3;237821;0.5601;1002279836.26;1449.0145555691045;1140.1807453925433;14.049999999999999;0.45532818485564275;0.31377569037361397
2918456;Jucuruçu (BA);0;9655;0.4304;41200502.12;1677.5205510098394;868.1096374935266;64.58;0.5199937027707808;0.5964233929434509
2918506;Jussara (BA);0;16354;0.3309;64795432.11;1486.8367781582488;879.5231869878928;99.03;0.5027106496370486;0.5303496503496503
2918555;Jussari (BA);0;5888;0.539;43173482.33;3057.6411616847827;1315.8259069293479;25.91;0.5035750766087844;0.647451963241437
2918605;Jussiape (BA);0;7379;0.5337;35932773.15;1366.952408185391;1354.0039517549803;60.36;0.48710197501007657;1.1716082659478886
2918704;Lafaiete Coutinho (BA);0;4075;0.5491;35122048.38;3083.055872392638;1383.2702650306749;36.79999999999999;0.5182563338301043;0.8899456521739131
2918753;Lagoa Real (BA);0;14105;0.4315;58431294.29;1325.8566891173343;978.1665373980859;98.48;0.4460734057822432;0.661955691367456
2918803;Laje (BA);0;21052;0.4712;108809346.08;2167.1671332889987;1113.218257172715;76.08999999999999;0.4265772175916514;0.5157717312785938
2918902;Lajedão (BA);0;3845;0.5033;36273509.51;2220.863503250975;1611.6433836150845;27.19;0.5441767068273092;0.7305236270753512
2919009;Lajedinho (BA);0;3527;0.4046;31189016.24;2135.4906379359227;1522.3552764388999;36.83;0.4869308600337268;0.5865384615384616
2919058;Lajedo do Tabocal (BA);0;7494;0.4578;45249709.33;2370.814159327462;1180.1569028556178;96.71000000000001;0.4662492662883976;0.6758087201125176
2919108;Lamarão (BA);0;9015;0.3972;45083585.75;1655.8225901275653;1020.4871514143094;75.90999999999998;0.49428145201392343;0.6456953642384106
2919157;Lapão (BA);0;25736;0.5216;123254803.1;1944.392512045384;1041.450288700653;67.67;0.4707126121492657;0.49383387740297424
2919207;Lauro de Freitas (BA);3;203331;0.6183;909607339.91;1552.1323754862763;1159.286447418249;11.269999999999998;0.38948986913588685;0.42664764336311983
2919306;Lençóis (BA);3;10774;0.436;58044911.95;2025.762862446631;1164.5819964729906;48.50999999999999;0.4453984437885699;0.3333333333333333
2919405;Licínio de Almeida (BA);0;11834;0.5555;50339296.05;1533.454611289505;1197.4056506675681;98.32000000000001;0.5080922645597044;0.8788878416588124
2919504;Livramento de Nossa Senhora (BA);0;43903;0.5113;154313561.06;1221.3558428808965;848.6924483520487;39.27;0.4429435351344245;0.6417346814471921
2919553;Luís Eduardo Magalhães (BA);3;107909;0.6767;675812464.98;1839.995225977444;1420.399685475725;12.61;0.4024355375337908;0.11847570886761784
2919603;Macajuba (BA);0;10454;0.4321;59748972.24;2637.8240520374975;1093.6697082456476;56.79;0.5319460726846424;0.6126166148378498
2919702;Macarani (BA);0;21599;0.4465;81006795.11;1338.2079225890088;902.9335950738462;15.799999999999999;0.3896287717943769;0.5656670113753878
2919801;Macaúbas (BA);0;41859;0.4692;166038463.93;1611.9185018753433;1081.2269729329416;67.16;0.4780720338983051;0.6889970059880239
2919900;Macururé (BA);0;7256;0.4209;44884743.9;2674.1787665380375;1436.75421030871;47.33;0.5415338857021458;0.5429782082324455
2919926;Madre de Deus (BA);3;18504;0.5419;239375224.63;2548.722468655426;2705.012412991786;5.11;0.4007570022710068;0.47055555555555556
2919959;Maetinga (BA);0;6973;0.4501;32353866.13;1764.7189000430233;1321.2213408862756;54.2;0.5086542622241453;0.9839662447257383
2920007;Maiquinique (BA);0;8731;0.3349;44846634.11;2043.5112392623982;1342.0362192188754;26.130000000000003;0.4617445169931358;0.5715099715099715
2920106;Mairi (BA);3;17674;0.4342;71273723.66;1527.4445105805137;892.0118580966391;30.629999999999995;0.49311480949564923;0.796
2920205;Malhada (BA);0;15398;0.3792;73982019.4;1938.814553188726;1068.0411709312898;98.78000000000002;0.4848601735776278;0.39666666666666667
2920304;Malhada de Pedras (BA);0;8670;0.4962;45006428.9;2386.1517220299884;1125.7608143021914;73.42999999999999;0.4595959595959596;0.7715768981181051
2920403;Manoel Vitorino (BA);0;13860;0.3885;53812929.59;;947.106082972583;91.49999999999999;0.5179060343883474;0.688325598000714
2920452;Mansidão (BA);0;13919;0.3818;56941875.74;1376.637675120339;964.991282419714;99.66000000000001;0.4271506203219522;0.4679351656095842
2920502;Maracás (BA);0;27620;0.511;118918166.95;1716.3564286748733;1225.7896755973934;73.99999999999999;0.4556761884684305;0.5829366532405712
2920601;Maragogipe (BA);0;35859;0.4599;158478162.12;2159.1340533757216;932.889626593045;53.86;0.41791221826809016;0.5581601061477223
2920700;Maraú (BA);0;24527;0.4057;107747648.92;1958.0610090920209;835.6916006849594;76.23;0.4476184855102402;0.28695061937892413
2920809;Marcionílio Souza (BA);0;9267;0.4845;55403516.8;2171.938931693104;1285.726381784828;88.5;0.4961252825314821;0.5388082123184778
2920908;Mascote (BA);0;13544;0.4082;66179890.35;1604.4628115770822;911.8251210868281;40.96;0.5033855033855034;0.6144535421858313
2921005;Mata de São João (BA);3;42566;0.6429;386031885.41;3570.4093715641593;1302.4159744866795;35.35000000000001;0.43165612807749226;0.40446487196323044
2921054;Matina (BA);0;10330;0.4219;53588462.03;2105.6134201355276;1012.2642429816069;99.41000000000001;0.4617235036083204;0.5479127134724858
2921104;Medeiros Neto (BA);0;22194;0.4786;107116608.86;1576.5467324502117;987.9124907632694;47.93000000000001;0.5113381001021451;0.671266414422435
2921203;Miguel Calmon (BA);0;24661;0.4308;130446823.22;1811.5761039698307;781.2467730424557;42.91;0.5109981006065805;0.6273170731707317
2921302;Milagres (BA);0;11071;0.4239;59870202.6;1693.5427630746997;928.0468674916448;72.33999999999999;0.4836504958456178;0.5704960835509139
2921401;Mirangaba (BA);0;15734;0.36;75172880.42;1930.9700044489641;961.0088426337868;65.89;0.4925061658129387;0.5466190050640453
2921450;Mirante (BA);0;10187;0.4259;47343076.29;1719.8190183567292;1002.6767429076273;85.21;0.48932748538011694;0.7423217074440396
2921500;Monte Santo (BA);0;47780;0.3843;211565447.36;2577.2837714524903;955.3382754290498;87.61999999999999;0.5000627904056261;0.6369989722507708
2921609;Morpará (BA);0;7996;0.3671;43071881.42;2143.0696835917956;1075.5233329164582;63.769999999999996;0.5499127737933708;0.6239267315397825
2921708;Morro do Chapéu (BA);0;33594;0.4482;196172491.1;1820.054938679526;1558.3467958564029;54.88999999999999;0.5097748415801537;0.46474690082644626
2921807;Mortugaba (BA);0;11143;0.542;48769162.96;1464.1595593646236;840.3687454006999;69.04999999999998;0.5487143849895761;0.9202334630350194
2921906;Mucugê (BA);0;12137;0.4856;73117875.92;2022.3264488753398;1287.4843643404465;64.60000000000001;0.46777119361470554;0.44706322484100264
2922003;Mucuri (BA);0;37977;0.6008;255140290.6;2141.65118492772;1631.8259509703241;52.34;0.47494951064160323;0.35696848646249446
2922052;Mulungu do Morro (BA);0;13152;0.4171;63255667.1;1935.3634603102191;1113.8203170620438;81.16000000000001;0.4647510858670231;0.3539909149902661
2922102;Mundo Novo (BA);0;17305;0.5117;88762421.06;2537.171607049985;1058.992992776654;69.91999999999999;0.5072728856371396;0.6336605890603085
2922201;Muniz Ferreira (BA);3;7190;0.4804;46963282.81;1829.1722350486789;994.3071321279554;59.61;0.41312893081761004;0.6789137380191693
2922250;Muquém do São Francisco (BA);0;10443;0.4061;63341102.28;2434.873743177248;1053.8302413099684;61.6;0.4965606190885641;0.35563380281690143
2922300;Muritiba (BA);3;28707;0.5127;128251037.75;2239.3457379733163;813.6943292576723;48.34;0.4314849905255809;0.5836383601756955
2922409;Mutuípe (BA);0;20037;0.5193;86900523.58;1618.91859459999;936.2083575385536;52.74999999999999;0.4479693597340656;0.5717545638945233
2922508;Nazaré (BA);0;27060;0.5111;168277764.48;3574.900229490022;763.7906171470806;45.37;0.4224137931034483;0.5113785969531691
2922607;Nilo Peçanha (BA);0;12063;0.3695;76137686.98;2729.2384232777913;1212.935871673713;76.54;0.47613803230543317;0.42841409691629956
2922656;Nordestina (BA);0;18523;0.4185;69046545.84;1421.0012713923231;763.7937461534309;73.9;0.45039542713961317;0.43656343656343655
2922706;Nova Canaã (BA);0;13715;0.424;77533360.76;2356.0506292380605;1075.4616602260298;46.64;0.499070936714395;0.7447458922430263
2922730;Nova Fátima (BA);3;7967;0.5292;39032431.1;1794.8642763901091;933.6292958453621;18.38;0.4661391240338609;0.8275613275613276
2922755;Nova Ibiá (BA);0;6501;0.4446;39030741.39;2233.7275511459775;1139.3794123980927;51.67999999999999;0.47918088737201364;0.5361050328227571
2922805;Nova Itarana (BA);0;7780;0.4933;50755181.2;2370.051449871465;1078.052940874036;88.83;0.4999036051667631;0.46414455110107283
2922854;Nova Redenção (BA);0;7538;0.3743;36594226.52;1817.2544388431945;1036.9722512602812;97.54;0.5060939060939061;0.6082539682539683
2922904;Nova Soure (BA);0;24236;0.425;103348844.27;1709.587280079221;930.6129947186004;84.74;0.503287433320928;0.6211788211788212
2923001;Nova Viçosa (BA);0;39509;0.531;173634866.68;1872.83983573363;980.5273732567264;54.08;0.5045316070068545;0.40245580607600295
2923035;Novo Horizonte (BA);0;11162;0.4449;55479170.57;2144.367109836947;984.0169700770471;99.56;0.46579120157583714;0.6035262206148282
2923050;Novo Triunfo (BA);0;10660;0.4559;63667001.71;2663.6755759849907;1162.0421979362102;23.459999999999997;0.4422946827222297;0.6239443616492797
2923100;Olindina (BA);0;22633;0.4075;95706123.04;1815.3930459947862;1016.9526390668494;40.779999999999994;0.48442316521282874;0.5432511491851233
2923209;Oliveira dos Brejinhos (BA);0;20715;0.4214;98017636.78;2274.1782993000243;1038.0958397296645;90.62;0.5248435774751564;0.7411477411477412
2923308;Ouriçangas (BA);0;7716;0.448;52363026.56;2347.4832672369103;1427.452949714878;86.96;0.48928778228141284;0.6461038961038961
2923357;Ourolândia (BA);0;19243;0.4139;100125832.71;2054.982658109442;987.9160707789845;44.02;0.48285428065038144;0.3434819897084048
2923407;Palmas de Monte Alto (BA);0;20078;0.4427;85577380.07;1922.5355050303813;1044.1567770694292;91.59000000000002;0.4752387950036738;0.6734799482535576
2923506;Palmeiras (BA);3;10339;0.4025;44446652.8;1844.664969532837;885.3751165489892;38.93000000000001;0.4859154929577465;0.47320261437908495
2923605;Paramirim (BA);0;20351;0.4773;81679172.02;1249.504256793278;1378.8427541644146;65.76;0.4596901448859561;0.8238474672737621
2923704;Paratinga (BA);0;29252;0.3112;122825845.33;2048.4690024613706;793.8455199644468;80.84;0.5385262714984485;0.45979469632164244
2923803;Paripiranga (BA);0;26604;0.4386;108393044.0;1762.2921523079237;938.9503687415425;61.63000000000001;0.4551222447081989;0.6588915470494418
2923902;Pau Brasil (BA);0;9370;0.3514;41248291.81;1599.4062604055496;956.0111163287087;35.22;0.5536395290996518;0.4709251101321586
2924009;Paulo Afonso (BA);3;112870;0.4754;537842539.86;1202.984589970763;1553.057824931337;13.83;0.4631458868061497;0.47795151816000664
2924058;Pé de Serra (BA);0;13243;0.4892;62662598.37;1914.8876923657779;1134.73085856679;74.03;0.497738068310337;0.6894433781190019
2924108;Pedrão (BA);0;6235;0.3763;36342857.89;2002.2343993584605;1197.7726768243786;72.0;0.5151883353584447;0.7082997582594682
2924207;Pedro Alexandre (BA);0;13954;0.3871;71583211.65;2120.383353160384;987.7526737852946;77.09;0.46637242538881885;0.3216200119118523
2924306;Piatã (BA);0;20086;0.4931;107521710.73;2371.9622722294134;1235.4655147864185;77.03;0.538567598621218;0.7069677106093712
2924405;Pilão Arcado (BA);0;35357;0.2626;130255659.03;1902.3007582656899;732.9765330769013;80.08;0.5560690080098583;0.3796680497925311
2924504;Pindaí (BA);0;14731;0.4467;71765603.34;1634.761885819021;1045.1185948000814;99.27;0.5068535188216039;0.747179125528914
2924603;Pindobaçu (BA);0;19083;0.4817;100452954.03;2745.8787963108525;1116.6641895928312;61.75;0.49811587376354216;0.49329253942104023
2924652;Pintadas (BA);0;10325;0.4615;45280790.17;1423.8949104116223;1127.8520958837773;49.400000000000006;0.4733162100456621;0.7978319783197833
2924678;Piraí do Norte (BA);0;10974;0.3538;50025509.88;1423.808810825588;1363.4673974849645;59.08;0.39778372181887656;0.36375545851528385
2924702;Piripá (BA);0;9152;0.4866;46100461.64;1637.4726190996503;1223.925602054196;82.26000000000002;0.5404814004376368;0.8744892002335085
2924801;Piritiba (BA);0;17566;0.4278;79128536.9;1830.5775122395537;1082.9685597176363;52.41;0.5228435197225835;0.6674039259054465
2924900;Planaltino (BA);0;8022;0.4202;45820344.0;2133.3064809274497;1146.1963974071305;96.74;0.4891405234824578;0.7427248677248677
2925006;Planalto (BA);0;23334;0.4754;94464076.98;1623.7306552669922;905.8006736950374;97.11;0.4870945127780256;0.6097304128053918
2925105;Poções (BA);0;48293;0.4827;161859340.46;1470.4719553558486;550.2225896092601;29.96;0.5048767567230688;0.6283417085427135
2925204;Pojuca (BA);3;32136;0.5917;235864436.29;1861.5736706497385;1778.1633921458802;15.99;0.4057742782152231;0.4580320653882427
2925253;Ponto Novo (BA);0;17938;0.4;89940324.14;2727.4995779908572;814.6894999442525;74.24000000000001;0.5060028545042398;0.48375184638109303
2925303;Porto Seguro (BA);3;168326;0.5349;756959636.05;1796.1466533987623;1179.1386710312133;23.48;0.42313870711374896;0.24848454611220594
2925402;Potiraguá (BA);3;10274;0.4361;38265946.14;1655.2251138796964;817.7145678411525;21.65;0.48425310603871713;0.47017543859649125
2925501;Prado (BA);0;35003;0.4027;149102957.86;1517.360833071451;1049.5912013256007;74.27000000000001;0.5090752317309765;0.36840885386487426
2925600;Presidente Dutra (BA);0;15130;0.4459;61799845.58;1456.0946060806345;1029.696066754792;91.85;0.4378029079159935;0.6360085227272727
2925709;Presidente Jânio Quadros (BA);0;12621;0.4571;56533548.72;1782.6830338325015;1070.3525037635688;80.69000000000001;0.4998217468805704;0.8544973544973545
2925758;Presidente Tancredo Neves (BA);0;27734;0.4135;119066191.65;1634.7479829811782;671.661666185909;69.09;0.45684719230971266;0.3574215701576401
2925808;Queimadas (BA);0;25988;0.3353;93884099.31;1590.9778155302447;868.3757145605664;53.54;0.4919340949537861;0.6004856182293612
2925907;Quijingue (BA);0;25272;0.4019;112125532.56;1944.2201665875275;950.2316053339664;79.95;0.5069767441860465;0.6842313787638669
2925931;Quixabeira (BA);0;9461;0.5054;56838301.61;2631.706108233802;773.7224955078744;90.19999999999999;0.49180069378744873;0.7571830985915493
2925956;Rafael Jambeiro (BA);0;19662;0.4426;94555022.27;2759.9411901129083;1075.8564311870612;66.14;0.5183011583011583;0.7035532994923858
2926004;Remanso (BA);0;40586;0.3837;153080293.12;1526.2652715221998;806.2889131720298;39.349999999999994;0.500184815554077;0.5180614763293695
2926103;Retirolândia (BA);0;13651;0.5214;63726949.46;1704.3153300124532;906.0657043440041;59.10999999999999;0.4867131343933783;0.5604050279329609
2926202;Riachão das Neves (BA);0;21642;0.397;133722563.58;2151.070688938176;1484.302701691156;99.0;0.5155462184873949;0.4712230215827338
2926301;Riachão do Jacuípe (BA);3;33386;0.463;112363208.44;1161.4400041933745;929.2147409093632;31.61;0.47830322352107685;0.7369351985849815
2926400;Riacho de Santana (BA);0;30711;0.4996;113428113.15;1577.6678291166033;942.7142564553417;86.41999999999999;0.47153809295639676;0.619917695473251
2926509;Ribeira do Amparo (BA);0;13841;0.4715;64347214.61;2013.7588671338776;867.3272660934903;95.98;0.4885996988599699;0.5452380952380952
2926608;Ribeira do Pombal (BA);0;54010;0.4933;196782859.33;1768.7040594334383;544.4845887798556;45.05;0.4621007038440715;0.5579081865474126
2926657;Ribeirão do Largo (BA);0;9740;0.3897;48630470.38;1993.3711160164273;874.6028603696097;75.60000000000001;0.4784456587735276;0.5511811023622047
2926707;Rio de Contas (BA);0;13184;0.4485;51764003.88;1460.2968454186894;1126.6290245752427;62.62;0.5100217615393425;0.9686118479221928
2926806;Rio do Antônio (BA);0;13146;0.4092;82146964.41;1575.464444698007;1027.4067937015063;49.72;0.4590455049944506;0.863063063063063
2926905;Rio do Pires (BA);0;10497;0.3489;45004234.63;1286.6067838430029;1089.9757206820998;51.71000000000001;0.5008578781812982;0.9247252747252748
2927002;Rio Real (BA);0;35362;0.4254;146981154.42;1758.4771760647022;977.4266085063061;95.65;0.4694980053191489;0.4610112504849347
2927101;Rodelas (BA);3;10308;0.3892;53302724.55;2050.4624049282115;1128.8821342646488;17.25;0.5271111111111111;0.2734430923407301
2927200;Ruy Barbosa (BA);3;28282;0.4833;117353366.49;1900.4133091719116;828.5349671168942;28.729999999999997;0.498940004239983;0.5966757123473542
2927309;Salinas da Margarida (BA);3;14987;0.4389;90289651.94;2807.3973670514447;724.2709781810903;52.84;0.46715614292706803;0.5011009751494181
2927408;Salvador (BA);3;2417678;0.6124;9927488694.3;729.1545872982259;866.3110560711558;3.89;0.38736673939165794;0.6640249268488686
2927507;Santa Bárbara (BA);0;20952;0.3713;86301003.68;1754.4068571019473;768.4399732722413;86.99;0.4505677097756854;0.5550776583034648
2927606;Santa Brígida (BA);0;14965;0.3332;63133215.27;1897.0660688272635;814.5587297026395;67.12;0.4900926018122075;0.48566254150316934
2927705;Santa Cruz Cabrália (BA);3;29185;0.4591;150413058.97;2371.359339386671;915.2418543772486;32.22;0.465919935707469;0.36071585741528533
2927804;Santa Cruz da Vitória (BA);0;4681;0.4413;31808592.91;2092.177321085238;1352.2933390301218;24.470000000000002;0.5322422258592472;0.6524390243902439
2927903;Santa Inês (BA);3;10300;0.4225;61203709.34;2022.6028466019413;1189.0126116504855;21.35;0.5018955963837853;0.6806640625
2928000;Santaluz (BA);0;37834;0.5036;181894198.56;1986.7280985357086;974.0120962626208;31.330000000000002;0.47673692427790787;0.5204780281339475
2928059;Santa Luzia (BA);0;13896;0.3421;52038405.78;1526.6111219055845;777.2085715313759;42.86000000000001;0.47468958930276983;0.4177496038034865
2928109;Santa Maria da Vitória (BA);0;38604;0.4176;180930309.69;1611.362233965392;1585.0117088902705;65.25;0.47806110728233403;0.5390114630839393
2928208;Santana (BA);0;24755;0.4438;104621361.12;1477.9213193294283;848.123807715613;86.44999999999999;0.5008487935006669;0.6831703341483293
2928307;Santanópolis (BA);0;8716;0.432;46509488.47;2870.0763262964665;1050.6792737494263;78.87;0.5040552200172562;0.6787356321839081
2928406;Santa Rita de Cássia (BA);0;27390;0.4119;113360393.8;1779.9915410733845;911.5523019350127;87.19;0.5460600587039964;0.4805632078359351
2928505;Santa Terezinha (BA);0;10441;0.4438;54698355.17;1792.4073508284646;1367.9914395172875;90.36;0.48541755584009105;0.7042957042957043
2928604;Santo Amaro (BA);3;56012;0.4426;218084020.97;1632.385408305363;988.1264866457188;31.639999999999997;0.4450234766007946;0.6270514997170346
2928703;Santo Antônio de Jesus (BA);3;103055;0.6081;327050696.6;1096.627049827762;817.2853378293144;19.25;0.3810640578933262;0.42932542475118124
2928802;Santo Estêvão (BA);0;52276;0.5261;186553188.39;1676.5467570204303;723.1940353125717;52.080000000000005;0.48887812936116887;0.4367623671214531
2928901;São Desidério (BA);0;32828;0.5366;337058134.98;2857.980509930547;3095.169294504691;80.03999999999999;0.47754073273922043;0.288090324147141
2928950;São Domingos (BA);3;8426;0.441;43601978.6;1511.3091170187513;1507.8970638499882;17.740000000000002;0.4871161313095658;0.8904109589041096
2929008;São Félix (BA);3;11026;0.4776;69080189.36;1402.2567349900237;2316.297763468166;37.3;0.41795267489711935;0.5884652981427175
2929057;São Félix do Coribe (BA);0;15194;0.5079;86464810.53;1962.4638383572462;1770.2306114255625;89.19;0.46816117499275295;0.4317375886524823
2929107;São Felipe (BA);0;20283;0.4584;95673469.86;2235.3997243997437;991.4232899472464;77.91;0.4271742189698846;0.6710707404349023
2929206;São Francisco do Conde (BA);2;38733;0.4906;1009377851.27;3817.795531717141;4601.997686468902;34.68999999999999;0.40944652669116843;0.3424003817704605
2929255;São Gabriel (BA);0;18600;0.4337;74015201.14;1643.2391360215054;942.0854365591398;86.86;0.4725674926767477;0.5403870967741935
2929305;São Gonçalo dos Campos (BA);3;39513;0.4763;137440247.04;1231.960503631716;733.5059906866095;67.88999999999999;0.43256471611920816;0.42886227544910177
2929354;São José da Vitória (BA);3;5315;0.3854;30021330.28;1765.3211646284103;1115.1017253057385;22.32;0.5043872063402208;0.5769911504424778
2929370;São José do Jacuípe (BA);0;10187;0.4944;45621288.3;1520.7011485226271;838.1825561990772;64.09;0.5100800474355174;0.5893764434180139
2929404;São Miguel das Matas (BA);0;10334;0.3886;44684821.05;1561.6809676795044;918.4199883878459;80.55;0.4364748401445649;0.6640169581346052
2929503;São Sebastião do Passé (BA);3;40958;0.4893;196182716.98;1641.0177745495387;1264.8852038673763;30.38;0.4296485043107962;0.5349794238683128
2929602;Sapeaçu (BA);3;17963;0.4841;96379530.36;2804.3336981573234;1233.5539314145744;68.30999999999999;0.422361232084884;0.5753101004134672
2929701;Sátiro Dias (BA);0;16008;0.4342;92240098.62;2108.718203398301;1259.6391604197902;70.64999999999999;0.5023932426091037;0.522035825988058
2929750;Saubara (BA);3;11438;0.4696;66130780.6;2479.11030075188;1076.9791519496416;55.79;0.4622858603937612;0.660238751147842
2929800;Saúde (BA);0;10478;0.448;51188238.31;2071.567073869059;1101.6484663103647;53.88;0.5227437872402267;0.7202295552367288
2929909;Seabra (BA);0;46160;0.5021;156693956.68;1858.5424740034664;580.3028838821491;76.38;0.4656294649944436;0.4759460547504026
2930006;Sebastião Laranjeiras (BA);0;9360;0.477;50411690.01;1691.8442692307692;1291.4497596153847;97.58;0.4857142857142857;0.6250663834306956
2930105;Senhor do Bonfim (BA);3;74523;0.5108;247242494.65;1317.2679277538477;1041.390389275794;26.92;0.46494073244087986;0.5446708463949843
2930154;Serra do Ramalho (BA);0;34222;0.433;152057754.55;2032.1789798959733;762.568900122728;80.27000000000001;0.5491376578697207;0.36934191217970425
2930204;Sento Sé (BA);0;38154;0.4391;214567036.39;1962.0765091471408;1076.6174327724486;50.790000000000006;0.5129069352472342;0.356581017304667
2930303;Serra Dourada (BA);0;17066;0.3556;72947929.65;1574.646486581507;1252.8991509433963;93.82;0.5032150092486567;0.66123873218959
2930402;Serra Preta (BA);0;17996;0.4233;72874102.83;1620.9868704156481;864.6998860857968;61.16;0.4795691852339061;0.7729483282674772
2930501;Serrinha (BA);3;80435;0.4427;309349736.0;2036.0636781251942;834.8312835208552;36.49;0.4440494784653776;0.47278790044063357
2930600;Serrolândia (BA);0;13335;0.4786;62814248.36;1754.4394833145857;943.5329096362955;87.80999999999999;0.508825526137135;0.6729910714285714
2930709;Simões Filho (BA);3;114559;0.5414;603033568.36;1492.5459945530251;1065.515518466467;21.46;0.41183357570678564;0.3486560658648801
2930758;Sítio do Mato (BA);0;13408;0.3476;58856484.34;1927.8249522673032;737.4125037291169;61.48;0.5212162468799637;0.31670965892805963
2930766;Sítio do Quinto (BA);0;14773;0.3813;54308834.02;1563.3232126176133;677.5348372030055;67.53000000000002;0.44521620035218157;0.7160633484162896
2930774;Sobradinho (BA);3;25475;0.4739;139083819.48;1631.8476690873404;1021.0773177625124;10.739999999999998;0.5057926468849746;0.4118132321399109
2930808;Souto Soares (BA);0;17054;0.4143;73728815.69;2799.7917708455493;882.4060759939017;88.75999999999999;0.4546229955646537;0.44758283541553506
2930907;Tabocas do Brejo Velho (BA);0;11979;0.3766;65144503.49;3001.1560230403206;1415.6149394774188;98.53999999999999;0.4834674922600619;0.5812069663831511
2931004;Tanhaçu (BA);0;21006;0.4234;74750833.75;1628.9103722745883;439.1930172331715;78.0;0.46864294204013146;0.6965325234117945
2931053;Tanque Novo (BA);0;17158;0.492;72068226.68;1744.3800670241285;1064.1512740412634;84.58;0.4769734010501851;0.5835953129465562
2931103;Tanquinho (BA);3;7717;0.4185;39406225.92;1701.5748218219517;1127.175397175068;39.88999999999999;0.46934501142421936;0.7237762237762237
2931202;Taperoá (BA);0;18044;0.333;89969484.13;2236.185938816227;1065.2430253823984;59.72;0.4851028806584362;0.3980075901328273
2931301;Tapiramutá (BA);0;15818;0.4678;75153083.61;1699.1450676444556;983.5240447591351;97.21000000000001;0.4713049948841968;0.38898026315789475
2931350;Teixeira de Freitas (BA);3;145216;0.5355;587680761.35;1291.749885136624;1213.6313738844206;14.33;0.4521890437808756;0.4337624453040776
2931400;Teodoro Sampaio (BA);3;7110;0.4867;42369616.7;1675.5972616033755;1171.9766779184247;63.64999999999999;0.4200119832234871;0.764261744966443
2931509;Teofilândia (BA);0;21176;0.447;90800177.12;2166.6536069134872;807.677049017756;45.269999999999996;0.4674982674982675;0.5108622620380739
2931608;Teolândia (BA);0;15332;0.4124;78828423.55;2062.826507957214;998.4620434385599;64.42;0.463815161351919;0.37348035057958723
2931707;Terra Nova (BA);3;10798;0.4473;52398288.27;1711.3353880348216;980.259079459159;22.46;0.4595836712625034;0.6113744075829384
2931806;Tremedal (BA);0;16296;0.4206;63193796.66;1630.466373956799;969.6057842415318;86.03;0.5231330030844004;0.9576775096187479
2931905;Tucano (BA);0;48736;0.4413;199621952.62;1989.807828094222;830.828205228168;37.59;0.46056101654279546;0.61547356249343
2932002;Uauá (BA);0;24665;0.4167;105768452.09;1788.3980121629838;990.2362274478005;85.35999999999999;0.5114283963478155;0.6987583960920009
2932101;Ubaíra (BA);0;18626;0.4886;91968592.59;1929.7461650381188;749.9866213894555;51.14;0.4839069471000637;0.6474098182804449
2932200;Ubaitaba (BA);3;17596;0.3783;79753236.42;1749.6121982268699;846.6479160036372;19.699999999999996;0.5150680213535388;0.5244648318042814
2932309;Ubatã (BA);3;16094;0.4231;87279760.33;1824.6492835839445;1051.4615515098794;28.659999999999997;0.5313035204567079;0.633703920421299
2932408;Uibaí (BA);3;13432;0.4743;58927477.31;1408.97817823109;932.7514242108399;68.14;0.4464785698901572;0.6853658536585366
2932457;Umburanas (BA);0;13642;0.3678;71273300.53;1434.6067797976834;930.1781549626155;41.379999999999995;0.4865424430641822;0.38837064676616917
2932507;Una (BA);0;18131;0.5158;105577118.7;3638.271364513816;1434.9073250234405;50.57000000000001;0.4988013557080268;0.601380042462845
2932606;Urandi (BA);0;15355;0.4619;75583529.28;1624.0690439596221;1103.0693721914686;89.49000000000001;0.4647524563579128;0.7124780316344465
2932705;Uruçuca (BA);0;21420;0.4409;88378499.33;1547.1475032679741;802.5491928104576;36.4;0.4975879186184716;0.4882894186532831
2932804;Utinga (BA);0;16277;0.3915;68673380.79;1387.864052343798;914.7896872888125;75.14999999999999;0.47905497501135846;0.4755107752588861
2932903;Valença (BA);3;85655;0.4302;313369776.62;;;30.17;0.43305281825634506;0.4705147142370185
2933000;Valente (BA);3;24362;0.5494;103802404.47;1945.956281093506;1025.6842902881538;16.720000000000002;0.4502053693672242;0.6285529715762274
2933059;Várzea da Roça (BA);0;13800;0.4386;62203538.01;1692.5600152173913;877.3533231884057;80.86999999999999;0.48132245598969514;0.7359659310878823
2933109;Várzea do Poço (BA);0;8101;0.4604;41499100.9;2777.377643500802;1068.5557425009258;59.29;0.4897020963589555;0.8227241615331964
2933158;Várzea Nova (BA);0;13377;0.4028;68319036.25;1894.6822187336472;867.2528362114076;39.529999999999994;0.5239234449760766;0.5108409986859396
2933174;Varzedo (BA);0;9913;0.5017;42200277.58;1464.460251185312;998.0871855139715;68.72999999999999;0.4535190615835777;0.6478423015450187
2933208;Vera Cruz (BA);3;42529;0.4435;192560026.22;1886.3568743680785;851.6111328740388;49.01;0.4445991847826087;0.6767870868562644
2933257;Vereda (BA);0;6003;0.4598;46761859.46;2790.2471780776277;1382.7382075628852;56.25;0.50075;0.691722972972973
2933307;Vitória da Conquista (BA);3;370879;0.5799;1207807801.13;1111.1667250774512;783.6797494331036;16.220000000000002;0.422502042397487;0.47436892684102044
2933406;Wagner (BA);0;9503;0.3958;37353283.91;1469.6059612753866;852.5625802378197;95.86999999999999;0.46628606696497454;0.5830277632268204
2933455;Wanderley (BA);0;12968;0.4721;67039129.0;2214.2913564157925;1207.0968175508945;78.25999999999999;0.4801963246204771;0.4855225988700565
2933505;Wenceslau Guimarães (BA);0;24474;0.3223;108559027.36;1644.9508098390131;800.0816862793167;64.23;0.4827335514358415;0.369778236204229
2933604;Xique-Xique (BA);0;44757;0.3741;197704134.44;2037.9270851486917;1005.499571240253;63.14;0.5343503599588618;0.39119957158157803
3100104;Abadia dos Dourados (MG);3;6272;0.6189;40664865.82;1600.6584789540816;1594.971549744898;16.05;0.46850854600796066;1.110759493670886
3100203;Abaeté (MG);3;22675;0.6348;95559890.62;966.2713988974641;1287.5976339581036;11.389999999999997;0.4500863336957217;1.0235767682576193
3100302;Abre Campo (MG);3;13927;0.5658;61868888.76;1021.3750240539958;1373.6228153945574;41.19;0.45740895772289664;0.840421052631579
3100401;Acaiaca (MG);3;3909;0.6583;29193490.01;1683.9403121002813;1764.7667638782295;47.24999999999999;0.4846183061146981;0.8709677419354839
3100500;Açucena (MG);0;8943;0.496;40591381.64;1065.3109459912782;939.7317410265013;50.9;0.5248081841432225;1.0143979057591623
3100609;Água Boa (MG);0;12589;0.5014;58451286.76;1115.675682738899;1133.6853443482405;62.989999999999995;0.4693043884220355;0.60263053009167
3100708;Água Comprida (MG);2;2108;0.6153;39646368.83;2517.5388757115747;3558.131660341556;0.36;0.500355871886121;0.8307291666666666
3100807;Aguanil (MG);3;4357;0.6764;33417852.86;1902.4075992655498;2165.6834473261415;7.71;0.4982806052269601;0.8818181818181818
3100906;Águas Formosas (MG);3;18448;0.4966;82108416.52;920.5666381179532;1447.1512570468344;22.24;0.5181040157998683;0.6542301629006831
3101003;Águas Vermelhas (MG);0;14037;0.5201;70022728.54;1326.2279226330413;1124.6761031559452;58.190000000000005;0.47215521761929735;0.5328566564521621
3101102;Aimorés (MG);3;25269;0.5697;126054990.0;1157.98539831414;1401.0417163322647;14.53;0.4986655595753514;0.7958137548056387
3101201;Aiuruoca (MG);3;6233;0.6474;36684142.6;1377.9867543718915;2000.4721723086798;43.33;0.458694125906857;1.2348916761687572
3101300;Alagoa (MG);2;2749;0.5878;39282376.08;1725.2237322662784;3045.2595925791197;42.48;0.47795698924731184;1.0022522522522523
3101409;Albertina (MG);3;2952;0.6988;31370660.82;2373.902754065041;2396.947909891599;21.16;0.4715852442671984;0.6832740213523132
3101508;Além Paraíba (MG);3;30717;0.5875;136480750.59;1043.8208838753785;1152.7495240420615;30.01;0.49992675423604666;0.8757786735067791
3101607;Alfenas (MG);3;78970;0.7882;414116576.44;1038.4757610484996;2167.3801947575025;3.07;0.43725543725543725;0.733280427097612
3101631;Alfredo Vasconcelos (MG);3;6931;0.5678;49864631.62;1765.4424080219305;1339.1787606405999;29.129999999999995;0.39850686037126715;0.6499582289055973
3101706;Almenara (MG);3;40364;0.5293;158903856.52;1104.0906528094342;1264.4217000297294;16.55;0.5015810423719356;0.616472844982616
3101805;Alpercata (MG);3;6903;0.5111;36780833.33;1477.3041764450236;966.8266492829205;14.01;0.4893203883495146;0.8759305210918115
3101904;Alpinópolis (MG);3;18300;0.642;87773985.26;1265.49868852459;1487.0282868852457;12.180000000000001;0.4348439705190528;0.7401945403200502
3102001;Alterosa (MG);3;13915;0.6068;67252431.37;1248.9660503054258;1235.3031009701763;23.68;0.4800042544139545;0.8458077709611452
3102050;Alto Caparaó (MG);3;5795;0.5733;36472822.48;1429.4535668679896;1424.2888438308887;32.169999999999995;0.46597520870225145;0.58656330749354
3102100;Alto Rio Doce (MG);3;10891;0.4697;54131403.04;1074.4300697823892;1238.280035809384;45.87;0.4868259385665529;1.0588914549653579
3102209;Alvarenga (MG);0;3975;0.5392;30728203.85;1375.4177559748427;2039.921116981132;47.919999999999995;0.5323824209714726;0.8662162162162163
3102308;Alvinópolis (MG);3;15059;0.5934;68203619.22;785.7621847400226;1169.9776273324921;27.830000000000002;0.46960085878793795;0.9843298969072165
3102407;Alvorada de Minas (MG);2;4159;0.5203;80427211.96;2740.5130007213274;3434.3026953594613;44.88000000000001;0.4420943134535368;0.42937219730941706
3102506;Amparo do Serra (MG);3;4541;0.4597;30824925.22;1445.9809182999338;1352.7941312486234;33.86;0.5016534391534392;1.0119363395225465
3102605;Andradas (MG);3;40553;0.7749;172426300.94;1196.0180001479546;1046.5348317017238;14.049999999999999;0.43013824234729864;0.793149073801823
3102704;Cachoeira de Pajeú (MG);0;9110;0.4412;42171997.28;1250.22641273326;1238.3743776070253;45.699999999999996;0.45527156549520764;0.7902010050251256
3102803;Andrelândia (MG);3;11927;0.5984;68723783.53;1266.7351639138092;1399.9407612978955;14.99;0.4699285186098102;0.9973808276584599
3102852;Angelândia (MG);0;7718;0.5703;42652979.06;1723.9782780513087;1369.1967387924333;39.370000000000005;0.48423076923076924;0.4529717253317946
3102902;Antônio Carlos (MG);3;11095;0.6594;48881045.1;961.5321207751239;1373.0045263632267;30.119999999999997;0.4197056941778631;0.8510158013544018
3103009;Antônio Dias (MG);2;9219;0.6366;81349211.44;1792.8778837184077;2110.920747369563;55.7;0.4431747025673137;0.6449738524113887
3103108;Antônio Prado de Minas (MG);2;1538;0.589;26056599.45;2096.1879713914177;3417.1747204161247;26.380000000000003;0.49756572541382665;1.6476683937823835
3103207;Araçaí (MG);2;2181;0.743;27012840.36;2960.1656212746448;2624.3206235671705;20.330000000000002;0.4696765498652291;1.0202898550724637
3103306;Aracitaba (MG);2;2049;0.518;28926214.61;1879.7886578818936;3730.1899755978525;16.04;0.5132939438700148;1.3559322033898304
3103405;Araçuaí (MG);3;34297;0.6471;139137085.13;941.6325416217161;1186.9972271627255;22.39;0.4638070849338455;0.6913618677042802
3103504;Araguari (MG);3;117808;0.767;625330493.95;1157.0406071743853;1798.5874400719817;5.399999999999999;0.4456033573023781;0.7322075939706163
3103603;Arantina (MG);2;2915;0.5569;28615860.42;2288.042332761578;2517.227879931389;10.98;0.4648241206030151;0.9151138716356108
3103702;Araponga (MG);3;8048;0.4891;43478547.93;904.3378292743539;1290.9187922465208;48.209999999999994;0.4219081272084806;0.5951903807615231
3103751;Araporã (MG);2;8479;0.7214;119522344.19;2530.2308243896687;3209.239259346621;2.6;0.4516349940078754;0.4190424959655729
3103801;Arapuá (MG);2;2631;0.7981;34285443.94;2537.0758000760165;3288.507183580388;20.580000000000002;0.48560135516657255;1.2691292875989446
3103900;Araújos (MG);3;9199;0.6928;50953801.15;1124.1780987063812;954.7112425263616;16.490000000000002;0.4495745351402458;0.5867630700778643
3104007;Araxá (MG);3;111691;0.7969;750198976.25;1617.9767562292395;1601.7025902713735;1.2200000000000002;0.4287486888223706;0.5870543112836782
3104106;Arceburgo (MG);3;9177;0.7419;62112025.58;1341.3269063964258;1588.49368965893;6.78;0.4552806850618459;0.8789267015706806
3104205;Arcos (MG);3;41416;0.7677;211752774.9;1314.0009735367973;1336.3036442437706;4.25;0.4240621669016264;0.7041591819814841
3104304;Areado (MG);3;13881;0.6169;65883054.35;1447.1943181326992;1169.3242100713205;3.87;0.4605429292929293;0.7785453067858594
3104403;Argirita (MG);2;2688;0.6243;29993826.78;2179.0777455357143;2803.8126674107143;18.08;0.5492795389048991;1.0233545647558386
3104452;Aricanduva (MG);0;4719;0.6081;34021397.64;1823.4939372748465;1804.7236215299852;47.19;0.48770491803278687;0.5737538148524923
3104502;Arinos (MG);0;17272;0.6008;91828975.64;1487.1410427281148;1571.1571109309864;39.45;0.49437618965218894;0.5815112095211735
3104601;Astolfo Dutra (MG);3;14138;0.629;67465053.7;1346.9754795586364;1248.2650445607585;12.5;0.43766524303437054;0.8852387209811652
3104700;Ataléia (MG);0;13736;0.4751;56873116.08;929.0314705882354;977.1307287419918;39.14;0.5071318850120693;0.8443735035913806
3104809;Augusto de Lima (MG);0;4538;0.6387;37162108.19;2267.8924151608635;1958.9043763772588;85.72;0.5036447978793903;0.8604651162790697
3104908;Baependi (MG);3;18366;0.681;99683700.67;1002.2794811063922;1715.024811608407;10.559999999999999;0.4501381760757994;0.9182368775235532
3105004;Baldim (MG);3;7492;0.6692;38535627.42;1252.9866804591563;1583.641711158569;27.91;0.5056270096463023;1.0793388429752067
3105103;Bambuí (MG);3;23546;0.6767;118288548.98;1083.7763773040008;1091.5571277499364;9.93;0.44471714320775557;1.1273847960082184
3105202;Bandeira (MG);0;4741;0.5354;32268991.51;1205.256517612318;1350.9112993039444;33.809999999999995;0.46689356435643564;1.0842541436464088
3105301;Bandeira do Sul (MG);3;5943;0.734;35732753.82;2021.675564529699;1601.4459969712264;9.31;0.45234604105571846;0.7561669829222012
3105400;Barão de Cocais (MG);3;30778;0.7157;210415690.68;1570.5517795178375;2155.885668659432;13.58;0.4224050281911452;0.5452240067624683
3105509;Barão do Monte Alto (MG);3;4964;0.6056;34367763.06;1627.1129673650282;1545.7957433521353;18.25;0.553677621283255;1.1573170731707316
3105608;Barbacena (MG);3;125317;0.7065;569313234.33;873.099813991717;1641.8333687368834;9.54;0.4224081178633856;0.8569432663040767
3105707;Barra Longa (MG);3;5666;0.5854;38602257.47;1008.0905153547477;1537.4477515001765;60.540000000000006;0.5472419442927362;1.272108843537415
3105905;Barroso (MG);3;20080;0.6204;95929242.3;1247.8137465139444;1148.891749501992;5.3999999999999995;0.4180790960451977;0.7016384018396091
3106002;Bela Vista de Minas (MG);3;10167;0.604;97786404.41;1160.8681390774075;1252.8926015540474;21.95;0.45471455143797396;0.6560708702449193
3106101;Belmiro Braga (MG);2;3244;0.6205;45640823.89;1661.3197564734896;2791.913961159063;50.21;0.5165965404394577;1.0164233576642336
3106200;Belo Horizonte (MG);3;2315560;0.8049;15366493529.8;1237.0739473863773;2324.3220726476534;2.5999999999999996;0.42156050208547435;0.9111970831361853
3106309;Belo Oriente (MG);3;23928;0.7134;174218204.81;1794.349577064527;1993.779068455366;15.349999999999998;0.46563763322307977;0.5584255842558425
3106408;Belo Vale (MG);2;8627;0.5343;149162735.28;2440.1334751362006;2915.354557783702;53.38999999999999;0.4823024054982818;0.8589403973509934
3106507;Berilo (MG);0;9826;0.571;49557177.49;1088.537623651537;1537.1053419499287;56.63;0.4148308135349172;0.7905531385954009
3106606;Bertópolis (MG);0;4451;0.3095;33315195.02;1790.5902606155921;1951.8140777353406;36.62;0.6086013733285146;0.5535055350553506
3106655;Berizal (MG);0;4201;0.6227;33779467.47;1721.3562080457034;2052.3883194477507;80.96000000000001;0.46785464709993013;0.5883748517200474
3106705;Betim (MG);3;411846;0.7505;2662831522.63;1419.3537693943852;1481.312994930144;5.789999999999999;0.3979315096856533;0.4115515206973776
3106804;Bias Fortes (MG);2;3361;0.4574;29669306.01;1240.4258107706041;2170.9047099077657;74.03;0.5126012601260126;1.09375
3106903;Bicas (MG);3;13978;0.6858;62964524.02;1306.351580340535;1049.5003684361138;12.29;0.5034957513176294;1.0237786424556852
3107000;Biquinhas (MG);2;2383;0.6346;27480918.3;2094.7811959714645;2715.4070667226188;93.96000000000001;0.5585349901896665;1.572289156626506
3107109;Boa Esperança (MG);3;39848;0.7099;195025198.79;901.2766939369603;1589.416158652881;6.68;0.4684010760216678;0.7075497044599678
3107208;Bocaina de Minas (MG);3;5348;0.5396;33468854.15;1212.977006357517;1611.3938275991025;61.52;0.4196973719139899;0.9446494464944649
3107307;Bocaiúva (MG);3;48032;0.6204;197882793.16;958.5198559293804;1260.2090612508327;16.790000000000003;0.4406718656268746;0.5147953397257449
3107406;Bom Despacho (MG);3;51737;0.7759;249802050.84;1071.8379359066046;1413.1191758316097;5.179999999999999;0.4444413423418393;0.6866920957830048
3107505;Bom Jardim de Minas (MG);3;6783;0.608;42376664.08;1283.3879448621553;1705.8136591478694;16.57;0.4537076725246464;0.9915333960489181
3107604;Bom Jesus da Penha (MG);3;4474;0.7381;39330150.6;1551.412123379526;1887.8395820295036;26.219999999999995;0.46832950443058746;0.7595561035758323
3107703;Bom Jesus do Amparo (MG);3;5631;0.6872;35313517.4;1709.5645995382702;1334.1109216835375;29.689999999999998;0.49681020733652315;0.7682119205298014
3107802;Bom Jesus do Galho (MG);3;14536;0.4926;55540297.73;856.5468835993396;995.0973479636763;31.62;0.5096063973413646;0.9175459163735834
3107901;Bom Repouso (MG);3;12649;0.6086;62517511.35;1352.815792552771;1168.208704245395;38.73;0.41219158200290273;0.5545263157894736
3108008;Bom Sucesso (MG);3;17151;0.6491;76855294.95;889.8056603113521;987.3226050959128;9.89;0.4697917559345274;1.0348923533778767
3108107;Bonfim (MG);3;7434;0.6196;40276540.52;1142.8933440947;1341.6761070755986;48.519999999999996;0.48501797842588895;1.526534859521332
3108206;Bonfinópolis de Minas (MG);3;5528;0.6821;50787024.82;1736.071526772793;2465.6382127351662;27.03;0.4872208770513855;0.7280534351145038
3108255;Bonito de Minas (MG);0;10204;0.5122;58729705.49;1773.943773030184;1492.33865248922;97.43999999999998;0.5423216444981862;0.5177664974619289
3108305;Borda da Mata (MG);3;17404;0.6676;85583515.66;1223.6656596184785;1208.0252568375086;14.780000000000003;0.4523908870900442;0.9900881057268722
3108404;Botelhos (MG);3;14828;0.5977;65480813.32;1231.2510426220665;1069.3905199622336;20.21;0.4764512595837897;0.9056152927120669
3108503;Botumirim (MG);0;5790;0.5501;40309428.96;1379.9533609671848;1588.3916183074264;72.53999999999999;0.48613963039014374;0.5796497080900751
3108552;Brasilândia de Minas (MG);3;15020;0.6027;75552192.11;1554.6218275632489;1406.556376165113;31.850000000000005;0.4538766818313813;0.3811487481590574
3108602;Brasília de Minas (MG);3;32025;0.5616;147766763.08;721.7476405932865;1887.908682591725;42.37;0.4859409799554566;0.6716679968076616
3108701;Brás Pires (MG);2;4260;0.5406;31262129.69;1384.759485915493;1957.7620234741782;48.89;0.4905528341497551;1.1242424242424243
3108800;Braúnas (MG);2;4441;0.5389;35787012.25;1803.2412024318846;1929.9882594010357;53.36000000000001;0.5229766803840878;1.1692745376955904
3108909;Brazópolis (MG);3;14246;0.6342;63143998.1;1008.8006113996911;1166.772474378773;36.25000000000001;0.5054422487583219;1.0492716366752357
3109006;Brumadinho (MG);2;38915;0.7615;449175949.43;2664.986630348195;3052.812914043428;28.599999999999998;0.4249359209080923;0.7119044106800413
3109105;Bueno Brandão (MG);3;10911;0.6016;49339079.43;899.2697424617357;947.795494455137;41.709999999999994;0.44210943695479776;1.062268803945746
3109204;Buenópolis (MG);3;9150;0.5492;60838864.18;1947.8202142076505;1610.1412491803278;26.34;0.510898282694848;0.8104154476301931
3109253;Bugre (MG);3;4041;0.581;35829498.35;1626.8584434545903;2118.858750309329;24.689999999999998;0.49279645363871444;0.8527777777777777
3109303;Buritis (MG);3;24030;0.6354;161726520.11;1839.9187827715352;1518.4662796504372;39.660000000000004;0.4738714425907753;0.45444277108433734
3109402;Buritizeiro (MG);3;23910;0.6144;132062555.51;1194.2211898787118;1466.1001718946047;49.92;0.4734701423553337;0.47892204042348413
3109451;Cabeceira Grande (MG);0;6627;0.6408;61693963.61;2049.6806247170666;2164.4486419194204;93.7;0.4616232906925452;0.5868081880212282
3109501;Cabo Verde (MG);3;11410;0.6678;61806979.94;1197.9486730937774;1331.84867572305;25.08;0.463758819756254;0.8102153229844767
3109600;Cachoeira da Prata (MG);2;3693;0.6589;32293358.57;2038.3348686704576;2358.414134849716;12.490000000000002;0.511665984445354;1.0764119601328903
3109709;Cachoeira de Minas (MG);3;11883;0.6802;55392473.71;1295.0177278465035;1195.7624110073214;18.470000000000002;0.4928391959798995;0.8951690821256039
3109808;Cachoeira Dourada (MG);2;2315;0.7868;70644105.14;5603.767088552915;5333.420777537797;4.2700000000000005;0.39710319855159926;0.7783783783783784
3109907;Caetanópolis (MG);3;11435;0.6787;55248225.59;1605.535351989506;1089.6025964145167;26.8;0.44344862408482705;0.7960122699386503
3110004;Caeté (MG);3;38776;0.6313;179057651.81;997.139824633794;1222.0078917371573;12.700000000000001;0.4724690514164198;0.7894434057241478
3110103;Caiana (MG);3;5304;0.4855;32110402.87;1343.0204656862745;1506.946432880845;51.32000000000001;0.4319654427645788;0.5873015873015873
3110202;Cajuri (MG);3;4088;0.6485;33526339.56;1963.4587769080235;2060.67581702544;44.34;0.47262247838616717;0.8298465829846583
3110301;Caldas (MG);3;14217;0.6586;71675545.73;1268.6812583526764;1349.4275902089048;38.25;0.48589046822742477;1.0579902611775123
3110400;Camacho (MG);3;2838;0.5719;29248154.33;1837.1849682875263;2052.110461592671;39.92000000000001;0.4384186517992904;1.0023148148148149
3110509;Camanducaia (MG);3;26097;0.7183;130861093.24;1516.8757171322375;836.7649645553129;25.71;0.43959620476610767;0.583664546899841
3110608;Cambuí (MG);3;29536;0.7409;148244083.98;1149.4343276002166;1353.4377562973998;14.829999999999998;0.445717082721488;0.8583673469387755
3110707;Cambuquira (MG);3;12313;0.6534;60330462.1;1375.7840177048647;991.1992690652156;26.689999999999998;0.49957374254049447;0.9440758293838862
3110806;Campanário (MG);3;2923;0.5641;29104924.33;2008.7087923366403;2588.1793670886077;6.82;0.4875318066157761;0.8747553816046967
3110905;Campanha (MG);3;15935;0.6858;82814184.06;1137.8791051145276;1109.0523633511139;11.43;0.4771041898405636;0.7300840336134454
3111002;Campestre (MG);3;20696;0.6205;95194776.09;1346.6345665829144;1110.8443380363353;31.560000000000002;0.438320939606644;0.9544468546637744
3111101;Campina Verde (MG);3;18011;0.6489;101812182.48;1342.3155044139692;1550.458873466215;7.2700000000000005;0.4897435897435897;1.065224973840251
3111150;Campo Azul (MG);0;3714;0.5282;29141251.27;2116.7470947765214;2222.964679590738;99.69;0.5572327044025157;0.8081632653061225
3111200;Campo Belo (MG);3;52277;0.7745;257395420.63;994.68903609618;2165.0995445415765;3.07;0.4627028539451595;0.9151129125651418
3111309;Campo do Meio (MG);3;11377;0.6242;59781225.04;1084.9857668981276;1873.6465307198732;12.440000000000001;0.46932713418571614;0.8540816326530613
3111408;Campo Florido (MG);3;8466;0.6346;73478202.28;2326.668665249232;1756.2834585400426;4.090000000000001;0.45588993981083403;0.3886851754845469
3111507;Campos Altos (MG);3;12979;0.6168;81613576.78;1514.266542876955;1469.95649202558;5.409999999999999;0.4848415513099188;0.5540887422075541
3111606;Campos Gerais (MG);3;26105;0.6342;50670365.39;1497.9290856157825;1206.040440145566;13.13;0.44473960927555484;0.6864637985309548
3111705;Canaã (MG);3;4715;0.5221;31886886.96;1431.0970286320253;2117.4920106044538;47.92;0.48597541758588086;0.9445145018915511
3111804;Canápolis (MG);3;10608;0.6607;71942478.92;1477.6376498868779;1669.7287631975867;4.3999999999999995;0.45474492594624244;0.8080697928026173
3111903;Cana Verde (MG);3;5272;0.6413;33211738.67;1621.61657814871;1857.7959749620636;20.750000000000004;0.49560283687943263;1.0313953488372094
3112000;Candeias (MG);3;14001;0.605;71404477.18;871.9561774158989;1309.1469480751375;22.569999999999997;0.4654594934059033;1.1135931558935361
3112059;Cantagalo (MG);0;3974;0.5323;28758827.26;1540.903621036739;1691.5405535983896;49.31;0.5231889612878498;0.6605839416058394
3112109;Caparaó (MG);3;5048;0.5468;33949616.35;1467.33962955626;1462.9838748019017;59.019999999999996;0.41202797202797203;0.46713147410358563
3112208;Capela Nova (MG);3;4362;0.5622;27579731.66;1289.8331820265932;1965.513010087116;56.629999999999995;0.4811544991511036;1.357737104825291
3112307;Capelinha (MG);3;39626;0.6947;148394271.01;974.3910652097109;982.3163783879272;20.330000000000002;0.4229388106865843;0.41392557022809123
3112406;Capetinga (MG);3;6562;0.6152;37340949.07;1191.7855501371532;1570.8237595245353;9.639999999999999;0.5285348241323085;0.8327948303715671
3112505;Capim Branco (MG);3;10663;0.6143;42059043.46;992.0160245709462;917.0304736003001;33.940000000000005;0.455103711790393;0.7244053774560496
3112604;Capinópolis (MG);3;14655;0.7083;90143368.78;1505.7802401910612;1500.0228536335721;1.44;0.4540132949697391;0.7248398039954769
3112653;Capitão Andrade (MG);3;4585;0.5092;35384221.63;1496.147790621592;1622.6534089422028;20.04;0.5526583135794108;0.8737083811710677
3112703;Capitão Enéas (MG);3;14108;0.5795;66754169.24;1024.4491834420187;1077.9661815990928;37.17;0.473420365535248;0.4232339089481947
3112802;Capitólio (MG);3;10380;0.7236;72975398.56;1997.1597485549134;1845.6006522158;12.040000000000001;0.42857142857142855;0.7523916713562183
3112901;Caputira (MG);3;8936;0.5038;43852448.93;1906.8567737242613;1200.3267513428827;42.13;0.4846319986708756;0.6314317673378076
3113008;Caraí (MG);0;19548;0.4482;82526316.51;1327.9404036218539;991.735448639247;56.440000000000005;0.544441810855653;0.618365429779239
3113107;Caranaíba (MG);3;2933;0.5331;30808957.97;1789.0350323900443;2272.6650733037845;52.54;0.469438877755511;1.0150537634408603
3113206;Carandaí (MG);3;23812;0.6487;119419259.56;1243.448522173694;1634.2244649756426;26.77;0.43109561872708696;0.7263537906137184
3113305;Carangola (MG);3;31240;0.6679;130973884.4;694.7263985275289;1241.294733034571;22.59;0.48472030797015353;0.860452389638818
3113404;Caratinga (MG);3;87360;0.7114;397832236.11;1053.4457150869964;1314.091466117216;17.340000000000003;0.4532871972318339;0.683222139856684
3113503;Carbonita (MG);3;8512;0.7017;45300834.61;887.4487370770676;651.6668667763158;17.29;0.4354131534569983;0.6540679051889814
3113602;Careaçu (MG);3;6816;0.666;38880587.38;1635.6114011150235;1643.9021552230047;20.939999999999998;0.47245625405055086;0.7426294820717132
3113701;Carlos Chagas (MG);3;18615;0.5548;98286362.63;1195.9921531023367;1232.2304840182649;28.990000000000002;0.49830972311654864;0.8392751039809864
3113800;Carmésia (MG);2;2605;0.5174;32402703.78;2111.3787178502876;2274.184;45.60999999999999;0.563625450180072;0.5808080808080808
3113909;Carmo da Cachoeira (MG);3;11547;0.6524;54907329.74;1556.5543232008313;1358.7453277907682;18.28;0.46424042607151916;0.617764030048608
3114006;Carmo da Mata (MG);3;11019;0.7042;49756777.68;1058.5178990834013;1125.8683564751793;11.92;0.4349524677692408;1.0604565083281925
3114105;Carmo de Minas (MG);3;13797;0.5973;66315425.93;973.4023584837283;1644.5074545190985;21.259999999999998;0.4304821150855365;0.6105508145849495
3114204;Carmo do Cajuru (MG);3;23479;0.7264;100360046.33;1031.22751650411;1129.430562204523;12.51;0.4334818975517431;0.6344383057090239
3114303;Carmo do Paranaíba (MG);3;29011;0.7069;155869420.12;1078.2962641756574;1470.9645661990278;10.940000000000001;0.4607754279959718;0.8930492345883326
3114402;Carmo do Rio Claro (MG);3;20954;0.6554;106858011.83;1139.6844120454327;1357.259056027489;11.44;0.44640022088769243;0.8084451901565995
3114501;Carmópolis de Minas (MG);3;18003;0.6699;94267256.12;1282.1200716547244;1754.9361739710048;15.47;0.4302852149042663;0.7047529115517784
3114550;Carneirinho (MG);3;9422;0.7266;90027132.53;2290.5294470388453;2337.7158777329655;8.989999999999998;0.4466451711960694;0.8012383900928792
3114600;Carrancas (MG);3;4049;0.657;38087161.05;2153.063450234626;2296.1604470239567;29.04;0.4913443830570902;0.8224043715846995
3114709;Carvalhópolis (MG);2;3341;0.5718;34084988.36;2205.01809637833;1847.2887877880873;22.759999999999998;0.47897299690128375;1.1299212598425197
3114808;Carvalhos (MG);3;4422;0.6022;32088537.4;1653.5704454997738;1780.4828787878787;47.18;0.4594059405940594;1.0714285714285714
3114907;Casa Grande (MG);2;2214;0.5385;28475427.8;2929.7486630532967;2757.053369467028;42.60999999999999;0.43859649122807015;0.9911504424778761
3115003;Cascalho Rico (MG);2;2712;0.754;37788000.0;2775.119767699115;2990.069771386431;45.84;0.5133928571428571;1.0909090909090908
3115102;Cássia (MG);3;17155;0.6562;87856892.69;1165.6042984552607;1414.3558157971436;7.509999999999999;0.5040329651060845;0.8641374837872893
3115201;Conceição da Barra de Minas (MG);3;3560;0.5853;29427987.07;1662.6649466292133;1606.6504803370785;40.11;0.4383838383838384;1.02803738317757
3115300;Cataguases (MG);3;66261;0.7126;239600048.1;837.5721786571287;1161.0689674167306;17.22;0.4666976558868451;0.9487937887050559
3115359;Catas Altas (MG);2;5473;0.7037;110281740.2;3108.6768956696505;5278.322404531335;7.64;0.42414780119698153;0.5688161693936478
3115409;Catas Altas da Noruega (MG);0;3110;0.5429;28344573.07;1992.5139421221863;2099.749270096463;49.73;0.4683663833805477;0.7938517179023508
3115458;Catuji (MG);0;7030;0.465;41318651.35;1819.6228051209105;1555.3899359886202;58.25000000000001;0.5183585313174947;0.48331273176761436
3115474;Catuti (MG);0;4739;0.5464;34569260.19;1666.6103355138214;1990.9881093057609;71.09;0.4744866210329807;0.6888150609080842
3115508;Caxambu (MG);3;21056;0.6822;94399071.02;839.2094728343465;1009.8015767477203;1.74;0.5070140280561122;1.0515493773530264
3115607;Cedro do Abaeté (MG);2;1081;0.6075;26009627.27;3318.868732654949;4872.09756706753;10.47;0.5268361581920904;1.4379084967320261
3115706;Central de Minas (MG);3;6171;0.5098;35584585.53;1229.6012996272889;1321.8180035650626;19.509999999999998;0.5188284518828452;1.0386847195357833
3115805;Centralina (MG);3;10207;0.5624;60286813.74;1059.8734593906142;1418.2062672675613;3.4999999999999996;0.5284516322252172;0.6513804398689752
3115904;Chácara (MG);2;3075;0.6171;32090057.68;2002.1171447154475;2710.0608357723577;20.450000000000003;0.5058765915768854;0.8512544802867383
3116001;Chalé (MG);3;6075;0.5459;33504351.31;1087.1683703703702;1540.0213794238682;49.03;0.49556868537666177;0.6636363636363637
3116100;Chapada do Norte (MG);0;10337;0.561;76375930.81;1427.2909964206249;1811.629026796943;53.27;0.4520297794634078;0.6376590330788804
3116159;Chapada Gaúcha (MG);0;12355;0.5453;76025979.04;1619.4270125455282;1467.3358721165519;62.440000000000005;0.5183728646921469;0.33989834815756037
3116209;Chiador (MG);2;2800;0.5253;34557395.18;2990.9757607142856;2938.2546785714285;14.26;0.5209125475285171;0.8549323017408124
3116308;Cipotânea (MG);3;5581;0.4845;30387017.41;987.8211539150689;1837.4748683031714;59.55;0.4690708081073967;0.9390642002176278
3116407;Claraval (MG);3;4658;0.6705;37468655.96;1760.5448905109488;1775.9857513954487;42.50000000000001;0.4717219589257504;0.8251833740831296
3116506;Claro dos Poções (MG);0;7166;0.5887;35999489.52;1394.297936087078;1237.632721183366;63.9;0.5019911968140851;0.855151045701007
3116605;Cláudio (MG);3;30159;0.7605;132987304.83;1254.4337922344903;1087.028560297092;13.0;0.41259953161592505;0.5604960141718335
3116704;Coimbra (MG);3;7117;0.6374;45294688.95;1114.4765729942392;1543.69193901925;35.050000000000004;0.44185575364667745;1.0459662288930582
3116803;Coluna (MG);0;8163;0.4963;37223661.89;1069.4310976356733;1766.907808403773;51.63;0.5022083179977916;0.7337992376111817
3116902;Comendador Gomes (MG);2;2773;0.7633;39867387.96;2788.8167508113957;3323.534287774973;21.96;0.4594736842105263;0.6317757009345795
3117009;Comercinho (MG);0;6660;0.5401;35337470.25;1607.2928363363362;1410.4004414414417;56.359999999999985;0.5285747073674547;1.0507569011576134
3117108;Conceição da Aparecida (MG);3;10371;0.6402;57271453.99;1357.6303210876483;1479.8340458972134;25.05;0.4535388927820603;0.752979414951246
3117207;Conceição das Pedras (MG);3;2772;0.5766;27078429.02;1722.7114321789322;2916.4626984126985;23.85;0.4244604316546763;0.9254079254079254
3117306;Conceição das Alagoas (MG);3;28381;0.6948;187179433.21;1402.8784264120363;1897.7561202917445;3.4699999999999998;0.42360553772070625;0.3940244305051172
3117405;Conceição de Ipanema (MG);0;4409;0.5691;31892817.51;1641.1788682240872;1679.7090859605353;51.6;0.5017029972752044;0.9407114624505929
3117504;Conceição do Mato Dentro (MG);2;23163;0.7026;663429550.18;3248.6980235720757;3795.7659020852216;33.17;0.46111146155301835;0.5050442660078237
3117603;Conceição do Pará (MG);3;5415;0.6592;54008892.89;1443.5445632502308;2164.535281625115;47.029999999999994;0.4900935608145294;0.8846560846560847
3117702;Conceição do Rio Verde (MG);3;12541;0.6051;68557110.12;1374.9459963320312;1070.9974746830396;10.56;0.48116215897011927;0.692563356875779
3117801;Conceição dos Ouros (MG);3;10880;0.7048;53585480.89;1526.3796029411765;1366.0664310661764;16.140000000000004;0.4328987225075728;0.6813299232736573
3117836;Cônego Marinho (MG);0;7237;0.485;38239639.37;1605.9932941826721;1443.3122067154898;99.54;0.5463675213675213;0.6496774193548387
3117876;Confins (MG);3;7350;0.8329;65408081.27;2307.2434122448976;2269.193601360544;47.68;0.4040114613180516;0.6357308584686775
3117900;Congonhal (MG);3;11083;0.6752;55210534.08;1317.8958594243436;1415.7394712622936;16.48;0.4538895447986357;0.9243604004449388
3118007;Congonhas (MG);2;52890;0.7734;882219246.67;2933.1528939308;3993.466694649272;15.639999999999999;0.4228451522651458;0.528988326848249
3118106;Congonhas do Norte (MG);3;4831;0.4466;30050835.8;1353.5139267232455;1510.2269757814115;46.15;0.4612825166364186;0.7609699769053118
3118205;Conquista (MG);3;6694;0.6192;62194622.25;1852.4615581117419;2277.482278159546;6.8500000000000005;0.46959385290889133;0.7619439868204283
3118304;Conselheiro Lafaiete (MG);3;131621;0.6881;461134838.3;1053.9829694349685;1216.0503280631513;5.64;0.424469696969697;0.6880864250667126
3118403;Conselheiro Pena (MG);3;20824;0.5898;110519275.05;1413.026073761045;1623.0309489051097;13.910000000000002;0.5172313296903461;0.7823248807431584
3118502;Consolação (MG);2;1563;0.5969;27471791.18;2430.820262316059;3715.9245873320538;18.0;0.5086872586872587;1.08300395256917
3118601;Contagem (MG);3;621863;0.7236;3294832715.69;1117.683473658989;1230.8229204020822;3.9299999999999997;0.39473696014928317;0.596637969355263
3118700;Coqueiral (MG);3;9023;0.6046;49520903.01;1146.4077080793527;1357.2518840740331;12.92;0.4796654640865858;0.8702046035805626
3118809;Coração de Jesus (MG);0;25377;0.5631;107043135.93;987.6255625172399;1078.4309867202585;68.05000000000001;0.4951393389500972;0.6546564284307934
3118908;Cordisburgo (MG);3;7547;0.5491;37098256.97;941.3157824301047;1009.6386617198888;43.03000000000001;0.4995032783628055;1.1468830059777968
3119005;Cordislândia (MG);3;3200;0.5127;27906189.91;2090.19093125;2210.96946875;14.469999999999999;0.5187470336971998;0.7743506493506493
3119104;Corinto (MG);3;23532;0.5986;112836437.9;1204.15278981812;1095.3855350161482;14.129999999999999;0.4954245043213015;0.7444618482882076
3119203;Coroaci (MG);3;10884;0.5401;49708546.1;1131.5343329658215;1142.4293522601984;46.68999999999999;0.4125892277741726;0.9266666666666666
3119302;Coromandel (MG);3;28894;0.7045;161072701.54;1198.9748311068042;1427.5480286564684;13.39;0.44296843787455054;0.800284148569109
3119401;Coronel Fabriciano (MG);3;104736;0.744;432031529.06;866.485810895967;1073.5587979300335;8.5;0.4496532823983723;0.671141975308642
3119500;Coronel Murta (MG);3;8200;0.5766;43141562.16;1510.5786402439023;1420.8537402439024;37.93;0.4925373134328358;0.7884996695307337
3119609;Coronel Pacheco (MG);2;2762;0.56;29533526.81;1889.364826212889;2811.1595438088343;23.84;0.47937868237814674;0.9627192982456141
3119708;Coronel Xavier Chaves (MG);3;3486;0.6143;30324776.33;1914.038321858864;2122.487154331612;29.959999999999997;0.4802547770700637;0.8976510067114094
3119807;Córrego Danta (MG);2;2960;0.7109;33393149.21;2357.6578378378376;2180.728699324324;32.47999999999999;0.517948717948718;1.4694376528117359
3119906;Córrego do Bom Jesus (MG);3;4272;0.6158;29134904.84;1315.6579377340825;1779.1802036516854;38.730000000000004;0.5213675213675214;1.3238095238095238
3119955;Córrego Fundo (MG);3;6133;0.7413;43235326.11;2293.6652209359204;1970.398025436165;19.130000000000003;0.42363045496750235;0.7998027613412229
3120003;Córrego Novo (MG);2;2875;0.5131;39105835.85;3062.0190504347825;2675.449008695652;34.01;0.5163502109704642;0.950199203187251
3120102;Couto de Magalhães de Minas (MG);3;4245;0.6085;34698421.71;2139.436852767962;1908.7796419316844;11.69;0.4915671117357695;0.6517119244391971
3120151;Crisólita (MG);0;5265;0.4242;36728134.29;1675.1169135802468;1538.429477682811;50.690000000000005;0.5458015267175572;0.5998278829604131
3120201;Cristais (MG);3;12197;0.7143;66917111.04;1300.3362539968844;1425.5840067229647;4.86;0.45444788933937513;0.718214607754734
3120300;Cristália (MG);0;5121;0.4947;39154115.48;1763.0775610232376;1224.6323335286077;62.41;0.46397941680960547;0.38010204081632654
3120409;Cristiano Otoni (MG);3;4667;0.5463;36345019.44;2009.2505013927575;1738.9277823012642;28.12;0.4561622464898596;0.7384066587395958
3120508;Cristina (MG);3;10374;0.6113;48525024.14;1256.5067148640833;1497.223605166763;41.99999999999999;0.4492875104777871;0.7946428571428571
3120607;Crucilândia (MG);2;5434;0.6168;45694429.24;1885.0846356275304;1487.7153680529996;20.669999999999998;0.4726287262872629;1.030267753201397
3120706;Cruzeiro da Fortaleza (MG);2;3521;0.7186;44918735.02;3264.675245668844;2475.850028401023;10.440000000000001;0.4683069224353628;0.6394160583941606
3120805;Cruzília (MG);3;15362;0.671;68603164.16;997.5429970055982;1339.0998261945058;8.08;0.45569980100445373;0.8517520215633423
3120839;Cuparaque (MG);3;3983;0.5678;33966444.66;2157.5320185789606;2254.9793422043685;12.36;0.5213903743315508;0.7256637168141593
3120870;Curral de Dentro (MG);0;7406;0.5403;41320123.98;1663.8829624628681;1559.8901714825818;21.380000000000003;0.4952554007672118;0.5170068027210885
3120904;Curvelo (MG);3;80665;0.6981;348202245.04;1070.5589145230274;1350.2442199218992;10.090000000000002;0.4301290688603645;0.7014517147065011
3121001;Datas (MG);3;5465;0.6184;36397284.15;2028.5290887465692;1717.2141683440072;24.980000000000004;0.5009612743751717;0.5656652360515021
3121100;Delfim Moreira (MG);3;7952;0.65;39225235.85;1386.1302339034205;1011.0405558350101;62.480000000000004;0.459350339511837;0.8679104477611941
3121209;Delfinópolis (MG);3;8393;0.6939;57794536.3;1282.632343619683;2361.1023090670797;19.88;0.4540887040887041;0.6309894212818917
3121258;Delta (MG);3;10494;0.6317;73350106.61;2345.856988755479;1491.5522746331237;2.63;0.43990120746432493;0.28137490007993604
3121308;Descoberto (MG);3;4928;0.6041;32581536.01;1060.4704362824677;1345.8118405032467;21.31;0.48882175226586105;1.0174563591022443
3121407;Desterro de Entre Rios (MG);3;7653;0.6839;57830242.82;1972.4057271658173;1935.9966418398014;27.46;0.4658111472897912;0.9378486055776892
3121506;Desterro do Melo (MG);2;2994;0.5926;31441231.94;2265.86411489646;2760.991289245157;48.21;0.4683668464933791;1.1175166297117516
3121605;Diamantina (MG);3;47702;0.6922;279046848.66;868.0298536748983;2424.077620225567;18.09;0.4215639527953272;0.6089626933575978
3121704;Diogo de Vasconcelos (MG);2;3549;0.5121;31450153.8;2114.706491969569;1951.512561284869;64.97000000000001;0.5579455662862159;1.2142857142857142
3121803;Dionísio (MG);3;6847;0.6314;36462163.06;1068.8438308748357;1531.2764860522857;24.13;0.49628496503496505;1.2374384236453202
3121902;Divinésia (MG);3;4226;0.6496;34473210.36;1815.8582536677711;2077.120177472788;17.48;0.4678707884682181;0.6035714285714285
3122009;Divino (MG);3;20706;0.4604;82638724.41;850.1139722785666;981.5557442287259;37.99000000000001;0.4725837422658417;0.6358936484490398
3122108;Divino das Laranjeiras (MG);3;4178;0.5338;31121171.59;1018.2995811393012;2030.0956438487315;11.479999999999999;0.544547134935305;0.9561752988047809
3122207;Divinolândia de Minas (MG);3;6516;0.5431;41414298.32;1823.5332780847145;1345.945105893186;29.110000000000003;0.5086825654086594;0.6631339894019682
3122306;Divinópolis (MG);3;231091;0.8002;952672697.29;689.3416049088887;1426.6148796794337;7.94;0.40503912496275984;0.7451144758212396
3122355;Divisa Alegre (MG);0;6321;0.5628;41939242.41;1819.9496472077203;1323.1910014238254;77.91000000000001;0.4484417965169569;0.42017416545718433
3122405;Divisa Nova (MG);3;5851;0.6499;34057405.22;1558.0750794735943;1364.47210733208;16.78;0.48464856635371734;0.7130044843049327
3122454;Divisópolis (MG);0;10213;0.4541;48082607.09;1253.1899304807598;1185.6556202878683;49.269999999999996;0.41650485436893203;0.6804700615556799
3122470;Dom Bosco (MG);2;3697;0.6092;34484895.92;1867.4399594265622;2480.8710792534484;58.31;0.4811698717948718;0.6340136054421769
3122504;Dom Cavati (MG);3;4904;0.5122;31405261.38;1199.278460440457;1435.9619066068517;16.16;0.5455404979514655;1.1883691529709228
3122603;Dom Joaquim (MG);3;4899;0.5935;32607577.1;1828.1122820983876;1563.9811532965912;40.379999999999995;0.47249774571686204;0.7124183006535948
3122702;Dom Silvério (MG);3;5228;0.6844;32763097.07;1562.0453500382557;1453.364035960214;53.5;0.49286122215876643;1.3013333333333332
3122801;Dom Viçoso (MG);3;3095;0.6302;26845281.8;1500.375282714055;2137.0645686591274;33.56;0.4355287569573284;0.9320987654320988
3122900;Dona Euzébia (MG);3;6093;0.6116;35157183.45;1161.3003364516658;1613.258997209913;13.96;0.41139680333564976;0.7109826589595376
3123007;Dores de Campos (MG);3;10007;0.6215;50039432.11;1025.31840811432;1172.3258389127614;11.16;0.4066629181894855;0.7323353293413174
3123106;Dores de Guanhães (MG);0;5029;0.5811;46958590.46;2847.7936687214155;2184.8888526546034;68.11000000000001;0.494058229352347;0.7767094017094017
3123205;Dores do Indaiá (MG);3;12630;0.6558;75962120.95;1488.8680451306413;1175.5778788598575;5.4399999999999995;0.5;1.473560517038778
3123304;Dores do Turvo (MG);3;4987;0.6124;31590122.14;1179.4138620413073;1269.3347122518549;55.55;0.4463457076566125;0.8475390156062425
3123403;Doresópolis (MG);2;1461;0.7035;27986602.93;3854.3390622861057;6457.607234770705;16.12;0.46686746987951805;0.8825910931174089
3123502;Douradoquara (MG);2;1829;0.5728;28340100.26;1582.0609130672499;3897.455254237288;24.62;0.5254378648874062;0.9504643962848297
3123528;Durandé (MG);0;7817;0.4883;37551991.02;1323.825518741205;1323.1499603428426;63.21;0.4567648155050317;0.4972510690287111
3123601;Elói Mendes (MG);3;26336;0.6979;111332698.27;1238.40146149757;1379.93197600243;10.569999999999999;0.46254234464374966;0.6891097140539444
3123700;Engenheiro Caldas (MG);3;13622;0.5704;59036533.35;1090.4182161209808;880.9055601233298;13.22;0.4969230769230769;0.391812865497076
3123809;Engenheiro Navarro (MG);3;6354;0.6235;38365485.81;1523.8692099464906;1663.5833868429336;14.9;0.4856207622165069;0.6549800796812749
3123858;Entre Folhas (MG);3;5179;0.5686;32182154.87;1656.1495636223208;1529.5197625024134;41.61;0.5121167883211679;0.832810867293626
3123908;Entre Rios de Minas (MG);3;14746;0.6214;63575388.78;1100.0248840363488;1160.7461772684117;12.06;0.44639529180971066;0.8350806451612903
3124005;Ervália (MG);3;20255;0.6033;91986472.47;1241.50744507529;1089.0921757590718;51.830000000000005;0.43377928788844056;0.7379466817923993
3124104;Esmeraldas (MG);3;85598;0.5044;242842656.69;984.939144255707;753.9180899086427;28.31;0.44887354220619846;0.42017886788411074
3124203;Espera Feliz (MG);3;24102;0.6165;100869242.16;1013.5812550825658;1076.2354597128867;29.21;0.4519277108433735;0.6259211096662332
3124302;Espinosa (MG);0;30443;0.5801;112443154.49;978.8347363926026;946.0713441513649;73.04;0.49369510818899953;0.6271021992238034
3124401;Espírito Santo do Dourado (MG);0;6611;0.6262;38842941.47;1890.8732491302376;1374.7470276811375;40.17;0.490978800180424;0.5450674237047551
3124500;Estiva (MG);3;11502;0.676;52270365.96;1088.6601973569814;1226.5386680577292;45.93;0.45374115267947424;0.876633559853633
3124609;Estrela Dalva (MG);2;2186;0.4547;26326142.03;1916.8725617566333;3331.455338517841;9.18;0.5426958362738179;1.190883190883191
3124708;Estrela do Indaiá (MG);3;2772;0.6715;31954090.91;1647.9590367965368;1831.1220129870132;19.120000000000005;0.5365853658536586;1.7578347578347577
3124807;Estrela do Sul (MG);3;6840;0.6689;51639202.68;1414.760611111111;1738.1598040935671;27.37;0.46122623371074556;0.7682227682227682
3124906;Eugenópolis (MG);3;10801;0.4955;49409116.61;927.823388575132;1368.4716313304323;22.040000000000003;0.46932390150999864;0.9447576099210823
3125002;Ewbank da Câmara (MG);3;3875;0.6209;38189962.78;2282.7075303225806;2409.7432283870967;57.96;0.46061062947606485;0.5487959442332065
3125101;Extrema (MG);2;53482;0.8127;657618268.53;2775.841231255376;2802.3132986799296;13.760000000000002;0.4047594032359739;0.4515825169555388
3125200;Fama (MG);3;2578;0.6025;26775564.92;1473.228603568658;2342.8818347556244;20.04;0.5400238948626045;1.2944162436548223
3125309;Faria Lemos (MG);3;3188;0.5946;27678799.8;2101.2322145545795;1965.155451693852;32.47;0.5326923076923077;0.8466666666666667
3125408;Felício dos Santos (MG);0;5133;0.6031;38594824.18;2319.727794661991;1828.753070329242;98.79;0.4982486865148862;0.789308176100629
3125507;São Gonçalo do Rio Preto (MG);3;3032;0.6463;29500296.19;2269.102094327177;2533.062994722955;39.95;0.4281676872350447;0.9258474576271186
3125606;Felisburgo (MG);0;6489;0.5237;41210483.4;1214.5685914624748;1770.922952689166;15.67;0.557609217474796;0.6688218390804598
3125705;Felixlândia (MG);3;13978;0.6362;83291383.33;1256.4792831592504;1288.377732865932;44.730000000000004;0.47727753117734095;1.0260206370569762
3125804;Fernandes Tourinho (MG);3;2789;0.6071;29847548.36;2174.098307637146;2649.308906418071;17.910000000000004;0.49704777241009124;1.0130434782608695
3125903;Ferros (MG);0;9590;0.6008;48883050.68;992.4209635036495;1217.0720396246088;78.42999999999999;0.5069138906348208;1.0799484203739522
3125952;Fervedouro (MG);3;10445;0.5094;53816398.54;1337.0050320727619;1512.2390004786978;49.69;0.44407576386008574;0.5691255495847581
3126000;Florestal (MG);3;8045;0.6922;41203220.71;1035.3053784959602;1218.9596171535113;15.93;0.44928841650153123;0.8836858006042296
3126109;Formiga (MG);3;68248;0.8063;331496322.87;863.013030125425;1752.4675663755713;6.539999999999999;0.42379104602161305;0.9258627227910504
3126208;Formoso (MG);0;7949;0.5121;50100532.92;1587.0779733299785;1657.3154019373508;88.08999999999999;0.5132305349324195;0.44946236559139785
3126307;Fortaleza de Minas (MG);3;3477;0.5954;29611585.82;1298.0333045729078;2409.0263416738567;6.77;0.49291541434091884;0.919732441471572
3126406;Fortuna de Minas (MG);3;3093;0.6438;32472507.7;2374.311280310378;2723.3101163918523;32.57;0.4473561066916238;0.8071833648393195
3126505;Francisco Badaró (MG);0;7366;0.5644;42869422.44;1122.4810847135486;1789.6953869128427;66.39;0.461797975788847;1.1566265060240963
3126604;Francisco Dumont (MG);0;4503;0.5995;42579553.23;2777.9311614479234;1773.6667088607594;49.92;0.4759095378564405;0.5973597359735974
3126703;Francisco Sá (MG);3;23476;0.5883;115639904.33;1024.5379787868462;1553.0653190492417;39.34;0.4551540321081014;0.6613122171945701
3126752;Franciscópolis (MG);0;5034;0.5181;39058968.67;2142.8509674215334;2027.9292133492254;46.83;0.4582850521436848;0.7835400225479143
3126802;Frei Gaspar (MG);0;5640;0.429;37685912.56;1881.5804663120568;1614.8301063829788;41.97;0.5076182838813151;0.6079593564775614
3126901;Frei Inocêncio (MG);3;8226;0.4952;43210654.72;1605.5391125699002;1477.050915390226;21.479999999999997;0.49645261051482625;0.772077922077922
3126950;Frei Lagonegro (MG);0;3391;0.5007;26882813.47;1631.7899233264523;1827.1098142140963;70.34;0.4769163763066202;0.6666666666666666
3127008;Fronteira (MG);3;14540;0.6766;126376689.11;1566.841022008253;2474.946938101788;8.639999999999999;0.44619057091704795;0.5740350877192982
3127057;Fronteira dos Vales (MG);0;4345;0.3462;30197346.06;1487.196009205984;1690.7886582278481;49.7;0.5245614035087719;0.7840095465393795
3127073;Fruta de Leite (MG);0;4647;0.57;34414311.32;1906.9718700236715;1959.7121067355283;96.84;0.5459081836327345;0.6247524752475248
3127107;Frutal (MG);3;58588;0.6818;292875121.43;1314.258469481805;1870.9271743360416;4.34;0.438271756474776;0.6155099086055561
3127206;Funilândia (MG);3;4686;0.6614;37245577.12;1661.7969590268885;1615.9831498079386;38.24999999999999;0.4602679962605173;0.7541567695961995
3127305;Galiléia (MG);3;6222;0.5736;38678004.4;1226.9568257794922;1489.988219222115;18.57;0.5469915464942815;0.7543859649122807
3127339;Gameleiras (MG);0;4793;0.5858;35631204.06;2044.7098226580429;1928.0386793240139;99.54000000000002;0.4922166874221669;0.6215384615384615
3127354;Glaucilândia (MG);3;2928;0.5729;25030956.15;1629.7677663934426;2007.5728961748634;28.680000000000003;0.4817813765182186;0.9193548387096774
3127370;Goiabeira (MG);2;2830;0.5277;30379297.02;2546.9159717314487;2706.8149328621907;19.29;0.5198711063372717;0.7826887661141805
3127388;Goianá (MG);3;4053;0.5556;31664621.54;1272.2690870959782;2197.0793683691095;18.259999999999998;0.4878854625550661;1.0446153846153847
3127404;Gonçalves (MG);3;4727;0.6714;33553656.98;1404.3770192511106;1513.6708483181724;47.31;0.450890116635973;0.9691689008042895
3127503;Gonzaga (MG);0;5230;0.5357;34905935.42;1746.0600420650094;2067.857210325048;36.96;0.5133101851851852;0.7937310414560161
3127602;Gouveia (MG);3;11331;0.6371;57854673.79;1275.9270691024622;1140.697272967964;15.879999999999999;0.47079439252336447;0.7788131436978911
3127701;Governador Valadares (MG);3;257171;0.7129;1316964184.81;1076.2751097907617;2005.3357221070805;4.029999999999999;0.43809135034782026;0.7132016882066085
3127800;Grão Mogol (MG);0;13901;0.6004;86669989.64;1897.1409783468816;1645.2258441838717;64.71000000000001;0.4604959025005253;0.5664760543245175
3127909;Grupiara (MG);2;1392;0.7077;30480324.66;2600.6639439655173;4774.488620689655;98.41000000000001;0.4919614147909968;1.2390243902439024
3128006;Guanhães (MG);3;32244;0.6829;154074419.0;910.7616409254435;1331.3956754745068;21.61;0.4459841248486479;0.6481604242625124
3128105;Guapé (MG);3;13772;0.6258;80162579.16;1110.4021333139704;1625.410591054313;25.319999999999993;0.44028445931813426;0.743993371996686
3128204;Guaraciaba (MG);3;9753;0.6338;47121025.43;753.7225499846202;1031.3154188454835;48.45000000000001;0.49265381083562904;1.1706001348617667
3128253;Guaraciama (MG);0;5051;0.5928;32506663.83;1368.2173470599882;1347.9302336171056;95.79999999999998;0.47733255337818076;0.710691823899371
3128303;Guaranésia (MG);3;19150;0.7205;87013705.81;1023.2908694516971;1405.398244908616;7.8;0.44288728149487644;0.7641056422569028
3128402;Guarani (MG);3;7714;0.6579;43724114.95;1185.5379712211563;1493.5092196007258;21.96;0.4958309094434749;0.8870848708487085
3128501;Guarará (MG);2;3149;0.6341;30505280.32;2523.7796379803112;2390.765611305176;47.04;0.4825800376647834;0.8238434163701067
3128600;Guarda-Mor (MG);3;6539;0.724;67676301.22;2366.629730845695;2417.2611867257992;35.309999999999995;0.4514983351831299;0.5622119815668203
3128709;Guaxupé (MG);3;50911;0.7885;260509426.86;1071.5596566557326;1643.1566142876786;3.8;0.44334193292319907;0.8223983218739075
3128808;Guidoval (MG);3;7131;0.55;41891435.14;1051.6961884728648;1644.6860173888656;24.240000000000002;0.45709031467102573;0.8909551986475064
3128907;Guimarânia (MG);3;8478;0.6133;50536090.69;1366.766647794291;1435.7654435008255;13.14;0.4723862452240361;0.6123295791345584
3129004;Guiricema (MG);3;7778;0.5385;47938354.19;999.7873347904347;1382.4262766778093;45.41;0.48406792596832665;1.25711743772242
3129103;Gurinhatã (MG);2;5192;0.6035;48726355.05;1686.2735554699539;1807.9041178736518;23.79;0.5284074183102738;1.2409488139825218
3129202;Heliodora (MG);3;6134;0.6757;41647005.06;1656.7322236713403;1453.37969677209;15.94;0.46536072623029145;0.9192118226600985
3129301;Iapu (MG);3;12030;0.5722;52867290.03;1040.1142527015793;1662.5618453865336;17.88;0.4323133706393618;0.8001983143282102
3129400;Ibertioga (MG);3;5198;0.5319;35872631.87;1337.975076952674;2511.5704116968063;26.630000000000003;0.4634009009009009;0.8619909502262444
3129509;Ibiá (MG);3;22229;0.643;147466448.34;1309.5800787259886;1293.3122749561383;10.94;0.4614727153188692;0.6098623853211009
3129608;Ibiaí (MG);3;6286;0.5136;38935800.6;1705.9336827871462;1511.7687050588609;36.279999999999994;0.5067114093959731;0.5589970501474927
3129657;Ibiracatu (MG);0;5081;0.5256;32704784.95;1636.8517004526666;1871.8391104113362;98.81;0.5272016831980764;0.6673003802281369
3129707;Ibiraci (MG);3;10948;0.7594;87794572.97;1441.7799552429667;2258.056370113263;13.250000000000002;0.5021953896816685;0.558109833971903
3129806;Ibirité (MG);3;170537;0.5766;627731739.59;1008.1269594281592;849.1420743299107;7.95;0.39805053204571167;0.3869686928702011
3129905;Ibitiúra de Minas (MG);3;3365;0.5216;28216906.58;1434.769982169391;1864.5928439821694;8.47;0.5089686098654709;1.1496212121212122
3130002;Ibituruna (MG);3;2698;0.6488;27058889.1;1878.1492253521128;2379.0280170496662;6.930000000000001;0.46233062330623304;0.9699769053117783
3130051;Icaraí de Minas (MG);0;10677;0.4796;47912744.31;1034.01155755362;1214.1498922918422;78.14;0.4389487870619946;0.4926672777268561
3130101;Igarapé (MG);3;45847;0.7061;246361264.37;1352.8039551115667;961.8115235457065;17.5;0.43563488335681855;0.4312757201646091
3130200;Igaratinga (MG);3;10830;0.7102;72627731.03;1080.0676565096953;1530.9360720221607;10.959999999999999;0.413469068128426;0.4880225457961484
3130309;Iguatama (MG);3;6826;0.5726;54128119.81;1261.2219835921476;2143.648539408145;8.64;0.48520452567449956;0.9425087108013938
3130408;Ijaci (MG);3;7003;0.6356;53076107.17;1538.6592146223047;2094.3558446380125;12.600000000000001;0.43976151315789475;0.6882399368587214
3130507;Ilicínea (MG);3;12741;0.6824;60781852.43;1345.4359375245272;1324.1822376579546;25.47;0.42836322869955157;0.6914563966356795
3130556;Imbé de Minas (MG);0;6986;0.4972;33490239.98;1087.802586601775;1526.875615516748;53.660000000000004;0.4766434157683365;0.5925141242937854
3130606;Inconfidentes (MG);3;7301;0.6194;37624509.23;1161.0235433502262;1411.9802438022189;38.04;0.4229195088676671;0.9835466179159049
3130655;Indaiabira (MG);0;6346;0.5447;47120983.76;1971.5880176489125;1581.5435565710682;76.32000000000001;0.4974044360547428;0.7894736842105263
3130705;Indianópolis (MG);2;6171;0.7566;104400778.74;4609.698146167558;3406.0735504780423;14.62;0.454395474899835;0.5448717948717948
3130804;Ingaí (MG);2;2580;0.7159;30305673.96;1993.8390310077516;3167.840918604651;30.98;0.4478114478114478;0.8820754716981132
3130903;Inhapim (MG);3;22692;0.5695;98455776.39;1058.9590058170281;1475.958223162348;56.13999999999999;0.4684527276257037;0.9549014312719417
3131000;Inhaúma (MG);3;6239;0.6178;39972466.68;1644.0870011219747;1859.4043115883956;65.9;0.42866956720861005;0.7777777777777778
3131109;Inimutaba (MG);3;7371;0.5701;34817159.25;1454.6369759869758;1100.543085063085;37.47;0.45614381667325166;0.8576025744167337
3131158;Ipaba (MG);3;17136;0.5782;78754508.38;962.9206074929972;1043.2309173669469;11.77;0.4147952443857332;0.5783851712221175
3131208;Ipanema (MG);3;19522;0.5998;90417481.23;1201.9700793976028;1446.5632061264214;13.649999999999999;0.5048176982964618;0.8759667716986537
3131307;Ipatinga (MG);3;227731;0.8163;1210404846.07;1157.92853401601;1972.8032899780883;1.07;0.43749605484086806;0.7096447952639369
3131406;Ipiaçu (MG);2;3775;0.7634;44341806.11;2233.9967814569536;2810.5134940397356;3.52;0.49682791435368756;0.967032967032967
3131505;Ipuiúna (MG);3;9135;0.6286;43811580.03;1097.9745856595512;1418.392617405583;34.57000000000001;0.4367725699905631;0.8562834224598931
3131604;Iraí de Minas (MG);3;7180;0.5782;46184882.63;1499.2381504178272;1428.0362869080782;9.43;0.46381243628950053;0.4583333333333333
3131703;Itabira (MG);3;113343;0.7424;1064614019.27;1556.4003622632185;2451.37778045402;5.4799999999999995;0.432201569390566;0.661759704610601
3131802;Itabirinha (MG);3;10362;0.5217;70366271.34;1429.5618587145339;1868.645503763752;22.89;0.49050632911392406;0.740684022460439
3131901;Itabirito (MG);2;53365;0.7081;699036627.4;2914.2894440176146;2979.0643779630846;7.390000000000001;0.4268335071254779;0.5734279519022275
3132008;Itacambira (MG);0;4252;0.5965;32687587.09;1796.9121542803389;2107.9104374412045;91.89999999999999;0.468232044198895;0.8250336473755047
3132107;Itacarambi (MG);0;17208;0.5259;91617677.11;1676.3318142724313;1199.4885826359832;46.18;0.495567529984356;0.4814237464276435
3132206;Itaguara (MG);3;13846;0.7279;68315051.73;1021.793131590351;1499.306708074534;18.279999999999998;0.43735077338316203;0.7821489001692047
3132305;Itaipé (MG);0;10463;0.4358;57011935.17;1945.829127401319;1372.651706967409;53.849999999999994;0.5185776487663281;0.44421988682295876
3132404;Itajubá (MG);3;93073;0.768;419335062.92;1039.8652789745684;1594.0149926401857;8.41;0.43706574437204704;0.7307856924487924
3132503;Itamarandiba (MG);3;32948;0.6391;143746246.37;1272.0682256889643;1132.6283109748695;24.86;0.44110571666010584;0.4852724594992636
3132602;Itamarati de Minas (MG);3;3690;0.6253;31377781.27;2152.404203252033;2074.0236693766938;16.75;0.5241635687732342;0.9828125
3132701;Itambacuri (MG);3;21042;0.511;99791439.96;1129.0638223552894;1719.8311914266706;32.59;0.5204855842185129;0.6892589118198874
3132800;Itambé do Mato Dentro (MG);2;2142;0.526;32646152.53;3011.7908823529415;3860.514906629319;35.61999999999999;0.53;1.163265306122449
3132909;Itamogi (MG);3;10770;0.7365;58928063.77;1535.0927678737232;1491.3454419684308;16.64;0.4789892886569624;0.8214099216710182
3133006;Itamonte (MG);3;14786;0.6845;77272146.36;1136.497533477614;1176.564967536859;38.080000000000005;0.4359522190929397;0.7318672839506173
3133105;Itanhandu (MG);3;15236;0.7871;94718249.97;971.424310842741;2518.7352448149118;4.79;0.43613912715618813;0.7573110520319027
3133204;Itanhomi (MG);3;11128;0.5326;47673385.88;1317.9497214234364;1355.497263659238;20.720000000000002;0.5283614888064826;0.8857843137254902
3133303;Itaobim (MG);3;19151;0.6297;104574278.14;1105.8094861887107;2110.042017649209;42.79;0.4908142612486377;0.7582264361405465
3133402;Itapagipe (MG);3;13690;0.6631;91032877.55;1342.7374521548575;1377.6308524470417;12.649999999999999;0.4395373291272345;0.8422212428382547
3133501;Itapecerica (MG);3;21046;0.6509;78941267.63;854.5729953435331;1090.5818578352182;14.089999999999998;0.47660141724549215;1.2221131828590122
3133600;Itapeva (MG);3;12692;0.6992;72445250.59;1683.6895390797351;960.9054932240781;31.53;0.44473534433693795;0.6051766639276911
3133709;Itatiaiuçu (MG);2;12966;0.7639;279008370.72;4245.133968070338;3793.1288701218573;21.919999999999998;0.4522849462365591;0.6354799513973268
3133758;Itaú de Minas (MG);3;14406;0.6682;83842599.06;1450.7486519505762;1524.9911030126339;1.05;0.47;0.9104106180008296
3133808;Itaúna (MG);3;97669;0.7564;432985116.75;938.8897470026313;1432.4403939837616;4.04;0.3964284693031369;0.715779702970297
3133907;Itaverava (MG);3;5642;0.4743;34378893.07;1179.1318060971287;1512.032199574619;66.96000000000001;0.46469366562824505;0.9042553191489362
3134004;Itinga (MG);0;13745;0.5287;64483287.36;1201.1461593306656;971.8190098217534;31.319999999999997;0.49548471330649546;0.7295860235472844
3134103;Itueta (MG);0;6055;0.5263;40124802.91;1648.531947151115;1859.5040858794384;30.689999999999998;0.5462206332992849;0.8535528596187175
3134202;Ituiutaba (MG);3;102217;0.743;533584296.32;1026.2696530909732;1473.394592386785;2.44;0.4642591107036443;0.7750575090371344
3134301;Itumirim (MG);3;6638;0.5542;31093878.1;817.4494275384153;1418.2160846640556;45.92;0.4598636463602375;0.8619768477292965
3134400;Iturama (MG);3;38295;0.7457;229978640.56;1491.169584541063;1446.7366674500588;1.02;0.41034139874047065;0.5309150865622424
3134509;Itutinga (MG);3;4217;0.6365;35572051.24;1477.887692672516;1970.1755133981503;32.31;0.4436836699760356;0.911504424778761
3134608;Jaboticatubas (MG);3;20406;0.6021;97147699.25;1410.1821503479368;1145.1540787023423;49.01;0.48213248111563045;0.9080195458465076
3134707;Jacinto (MG);0;11042;0.4741;59037209.45;1346.3463457706937;1634.7023347219706;37.849999999999994;0.5173835371719115;0.8419765166340509
3134806;Jacuí (MG);3;7495;0.598;43392841.57;1777.266152101401;1504.1861827885257;36.58;0.5141414141414141;0.8992537313432836
3134905;Jacutinga (MG);3;25525;0.7974;156177453.07;1681.7883929480902;1567.0746084231148;11.120000000000001;0.43681396003377426;0.6727743048070705
3135001;Jaguaraçu (MG);3;3092;0.6781;30996703.48;1752.961859637775;2422.324217335058;18.79;0.4681861348528015;0.8158379373848987
3135050;Jaíba (MG);0;37660;0.6391;156192787.42;1094.7730724907065;1188.5620379713223;61.449999999999996;0.4856015779092702;0.2932030675491123
3135076;Jampruca (MG);0;4296;0.477;32586668.17;1748.2721298882682;1870.2945018621974;48.2;0.5196321188539087;0.7762998790810157
3135100;Janaúba (MG);3;70699;0.7085;319561278.96;818.2520694776447;1832.692065375748;60.55;0.4356292896885026;0.47849758787043417
3135209;Januária (MG);0;65150;0.5069;217902153.92;873.8569218726017;865.3000788948581;59.8;0.5221606971799724;0.5277189144849272
3135308;Japaraíba (MG);3;4506;0.6706;38722051.94;1700.47804704838;1649.880901020861;24.84;0.46631955743573056;0.5508658008658008
3135357;Japonvar (MG);0;8127;0.5684;38717394.66;1492.0479143595423;1258.8941737418481;83.47999999999999;0.47522236340533675;0.6393237319974953
3135407;Jeceaba (MG);2;6197;0.6312;99208345.54;3739.535738260449;3433.0039938680006;61.09;0.4506086142322097;0.8421052631578947
3135456;Jenipapo de Minas (MG);0;6100;0.5302;35074241.1;1265.6966081967212;1507.667618032787;36.519999999999996;0.4628297362110312;0.5502008032128514
3135506;Jequeri (MG);3;12419;0.5652;60912721.8;987.2874997986956;1091.3611554875592;36.220000000000006;0.4869492337164751;0.8802588996763754
3135605;Jequitaí (MG);3;6484;0.5932;40162653.94;1514.280687847008;1729.0960965453423;64.66000000000001;0.5026651216685979;0.8029925187032418
3135704;Jequitibá (MG);3;5883;0.6025;42708539.37;1322.956527281999;1652.0418238993711;46.75000000000001;0.4908768373035986;0.937
3135803;Jequitinhonha (MG);0;24007;0.4923;98536915.32;1086.1103757237472;1500.75275961178;29.04;0.5172217657839854;0.7464788732394366
3135902;Jesuânia (MG);3;5138;0.5774;32163341.46;1228.0988653172442;1629.7041319579603;31.39;0.45883021010789327;0.8116591928251121
3136009;Joaíma (MG);0;13888;0.4783;65252746.81;1460.5143807603686;1322.1244988479261;33.79;0.5512118842845973;0.6379024228343844
3136108;Joanésia (MG);0;4329;0.5261;32132264.98;1211.0001362901362;1645.8415176715175;57.940000000000005;0.5232230823363828;1.394524959742351
3136207;João Monlevade (MG);3;80187;0.708;387751465.74;1007.6929907591006;1650.9071167396212;5.709999999999999;0.4434583813364055;0.7595171773444754
3136306;João Pinheiro (MG);3;46801;0.7214;238512495.05;855.7221044422128;1638.6272139484197;15.32;0.4183410613086038;0.5212695613841746
3136405;Joaquim Felício (MG);2;3854;0.5245;42141701.75;3068.6487752983912;2442.601102750389;33.050000000000004;0.514937106918239;0.814404432132964
3136504;Jordânia (MG);0;10304;0.4908;43328369.04;937.7377571816771;1329.3488509316771;28.71;0.4832301712969627;0.7224217547460235
3136520;José Gonçalves de Minas (MG);0;3969;0.5623;32633762.8;1966.628175862938;2263.57032249937;37.06;0.4241119483315393;0.5291073738680466
3136553;José Raydan (MG);0;4268;0.4394;30077226.15;1776.2925046860357;1676.509222118088;31.03;0.5226542989653942;0.767189384800965
3136579;Josenópolis (MG);0;3630;0.6091;34848941.55;2065.761476584022;2576.909947658402;46.26;0.46607431340872374;0.5026041666666666
3136603;Nova União (MG);3;5909;0.572;40328504.91;1629.6756439329833;1501.6125131155864;20.07;0.48058130794287146;0.691358024691358
3136652;Juatuba (MG);3;30716;0.6959;177995265.26;1793.0440548899596;1182.564145070973;35.120000000000005;0.42971513684602497;0.478539397821909
3136702;Juiz de Fora (MG);3;540756;0.7078;2415656326.14;806.0705688332631;1413.708115915496;4.1899999999999995;0.42949741464085184;0.8920253400409912
3136801;Juramento (MG);3;3768;0.4746;30990787.59;1522.4151247346072;1750.9773487261148;42.99;0.45651333591032084;0.7266081871345029
3136900;Juruaia (MG);3;11084;0.7429;60837264.02;1245.2579330566582;1503.4318468062072;42.84;0.4254115226337449;0.6425024826216484
3136959;Juvenília (MG);0;5789;0.5007;37125775.61;1681.8163672482292;1506.2301761962342;40.50999999999999;0.5009074410163339;0.5382165605095541
3137007;Ladainha (MG);0;14383;0.4187;71385325.93;1296.8710234304388;1221.4493596607106;66.44;0.5026117843710823;0.5846508563899868
3137106;Lagamar (MG);3;6631;0.6816;40356218.42;1218.702023827477;1904.068525109335;25.819999999999997;0.49111760737575894;1.1861861861861862
3137205;Lagoa da Prata (MG);3;51412;0.7366;205025627.1;659.3886800746907;1471.5078020695557;1.53;0.3973689932594042;0.6186891054030115
3137304;Lagoa dos Patos (MG);3;3313;0.4739;30177915.21;1637.431687292484;1624.5481648053126;13.94;0.49706281066425667;0.6058394160583942
3137403;Lagoa Dourada (MG);3;12769;0.5913;67633996.27;1986.0174171822382;948.9918936486804;26.490000000000002;0.4257481018311746;0.5980720871751886
3137502;Lagoa Formosa (MG);3;18904;0.7385;108578173.38;1028.8585690859077;1897.0838436309778;18.22;0.4417327638804149;0.8363982244768547
3137536;Lagoa Grande (MG);3;8969;0.6357;52556054.5;1328.5116099899653;1519.7762180845134;35.68000000000001;0.4117739650558791;0.5702280912364946
3137601;Lagoa Santa (MG);3;75145;0.7277;384921107.54;1338.972911837115;1090.2271400625457;13.609999999999998;0.415746637024756;0.5885825354546109
3137700;Lajinha (MG);3;20835;0.5425;81846294.95;1255.3258238540916;1013.3448519318454;36.269999999999996;0.47818375310393757;0.5504945939728548
3137809;Lambari (MG);3;20414;0.6415;99566934.76;820.7421455863623;1294.8865170961105;19.93;0.4574141500678232;0.9194128220491312
3137908;Lamim (MG);2;3184;0.5412;27392901.29;1629.98346419598;2373.0626978643218;57.13;0.4598807886290692;1.0809128630705394
3138005;Laranjal (MG);3;5963;0.5855;44973891.47;1561.3184739225223;1495.4894331712226;10.86;0.5219499744767738;1.2108108108108109
3138104;Lassance (MG);0;7124;0.5877;51215211.91;1657.856723750702;1798.374249017406;89.0;0.47372776168804304;0.6776556776556777
3138203;Lavras (MG);3;104761;0.7333;434316623.5;945.6589279407414;1281.8825748131462;3.6899999999999995;0.4104096826743137;0.7283138677854633
3138302;Leandro Ferreira (MG);3;3199;0.5812;30711611.57;1235.923094717099;2010.093619881213;28.099999999999998;0.4810185185185185;0.8324514991181657
3138351;Leme do Prado (MG);3;4341;0.5595;38274834.14;1960.262142363511;1904.5889864086614;29.880000000000003;0.43125618199802174;0.5645933014354066
3138401;Leopoldina (MG);3;51145;0.6462;185126687.06;1032.7653246651678;921.8359947208917;9.139999999999999;0.48919753086419754;0.861606648199446
3138500;Liberdade (MG);3;4737;0.5479;32631407.38;1018.5155182605024;1721.8290985856029;25.61;0.4633920296570899;1.2935779816513762
3138609;Lima Duarte (MG);3;17221;0.6024;85223897.07;994.5836827129668;1245.6850153881887;35.99;0.4661161246381747;0.8905386740331491
3138625;Limeira do Oeste (MG);3;8687;0.7224;67408119.08;1769.7214838264072;1808.5701231725568;6.6000000000000005;0.4097695553391756;0.4818075117370892
3138658;Lontra (MG);0;8790;0.6246;44850482.67;1662.5009670079635;1225.0995620022752;45.809999999999995;0.510828463389481;0.6302797586396051
3138674;Luisburgo (MG);0;6956;0.5322;37537114.3;1418.8764764232317;1464.2302314548592;56.49;0.4540133779264214;0.4938101788170564
3138682;Luislândia (MG);0;6210;0.4614;33073807.14;1214.2994911433173;1353.089700483092;94.94999999999999;0.4824540463117689;0.5149925037481259
3138708;Luminárias (MG);3;5586;0.6974;34543912.86;1614.337320085929;1780.7531310418906;22.2;0.43783783783783786;0.8469055374592834
3138807;Luz (MG);3;17875;0.6877;89513335.75;1141.7297247552447;1725.2358892307693;8.55;0.4569239546825332;0.929776247848537
3138906;Machacalis (MG);3;6487;0.4069;48717508.25;1464.3932172036382;2193.611274857407;5.41;0.5040575005796429;0.8502127659574468
3139003;Machado (MG);3;37684;0.7064;169769182.68;1213.6066752467889;1250.9018843541025;14.059999999999999;0.4384853227468794;0.6927497789566756
3139102;Madre de Deus de Minas (MG);3;5191;0.6565;47387254.03;1912.0451242535157;2149.3247697938737;29.31;0.4300275482093664;0.7638418079096045
3139201;Malacacheta (MG);3;17516;0.5084;81764781.1;925.3968280429322;1440.4462428636675;26.270000000000003;0.48869624341322454;0.7298435619735258
3139250;Mamonas (MG);0;5997;0.615;35337274.3;1163.8401984325496;1678.6555044188763;89.72;0.5205375253549696;1.1587802313354363
3139300;Manga (MG);0;18886;0.5358;89748912.03;1342.8898813936248;1390.0493323096475;58.360000000000014;0.49261044811507154;0.5143343051506317
3139409;Manhuaçu (MG);3;91886;0.7354;359842763.94;907.7232445639161;1691.1255214069608;15.08;0.4407388243410634;0.4942058260684669
3139508;Manhumirim (MG);3;20613;0.5993;96100873.87;1198.4287415708532;1400.6790093630234;29.659999999999997;0.45860458533823945;0.6882000520969003
3139607;Mantena (MG);3;26535;0.6704;129013849.72;1011.3424729602411;1634.1150635010365;15.23;0.496447101285811;0.7747983870967742
3139706;Maravilhas (MG);3;7333;0.7062;42349091.55;1362.914633846993;1436.7703259239054;32.809999999999995;0.4055970864481503;0.6479750778816199
3139805;Mar de Espanha (MG);3;12721;0.609;54970289.43;837.6626389434792;1174.6431349736656;10.31;0.4623519944821244;0.7875555555555556
3139904;Maria da Fé (MG);3;14247;0.5745;75280451.8;1879.8673741840387;1250.4837586860392;28.71;0.4672502574665294;0.6866171003717472
3140001;Mariana (MG);2;61387;0.7413;619357044.0;2097.066604655709;3116.0152636551716;20.520000000000003;0.4079587155963303;0.5015195002532501
3140100;Marilac (MG);3;4224;0.6297;40574792.26;1790.9046827651514;2116.0115553977275;17.570000000000004;0.4952212389380531;0.7019464720194647
3140159;Mário Campos (MG);3;15900;0.5661;64313672.35;961.2905597484277;850.7194509433963;15.48;0.4230734807124318;0.4165418040155829
3140209;Maripá de Minas (MG);2;3387;0.744;35374387.87;2394.2185651018603;2061.541254797756;27.25;0.4960247349823322;0.9001692047377327
3140308;Marliéria (MG);3;4592;0.6291;35565962.72;1465.8825283101046;1733.0475108885016;27.159999999999997;0.5120184392492592;0.8294117647058824
3140407;Marmelópolis (MG);3;3200;0.5443;25033543.79;1892.586434375;2119.712459375;60.47;0.4652014652014652;0.7162162162162162
3140506;Martinho Campos (MG);3;14003;0.726;70117566.02;1496.7504806112972;1514.734387631222;25.599999999999998;0.47028559428811423;0.7880239520958083
3140530;Martins Soares (MG);0;8396;0.5149;39990195.7;1240.7642520247737;1082.0182062887088;50.92;0.4805149003703051;0.5404183154324477
3140555;Mata Verde (MG);3;9112;0.4568;36411119.04;1314.5768404302019;1023.6378830114134;16.3;0.4397219149944699;0.6624850657108722
3140605;Materlândia (MG);0;3963;0.4815;30347683.22;1850.1343779964673;1802.0604542013625;39.38;0.5149082568807339;0.8502747252747253
3140704;Mateus Leme (MG);3;37841;0.6025;208202286.95;1462.2689833778177;1254.5392381279564;29.46;0.4507360834227879;0.5388743455497382
3140803;Matias Barbosa (MG);3;14121;0.639;83513248.91;1289.6296437929325;1876.1107244529423;16.32;0.4453428863868987;0.8892748588797221
3140852;Matias Cardoso (MG);0;8895;0.508;60633890.68;1942.5251006183248;1347.742442945475;91.5;0.5083940986942513;0.38475750577367207
3140902;Matipó (MG);3;18552;0.5339;77375320.78;901.3618623329021;1202.8599617291936;23.69;0.47214727820980795;0.47204354280059374
3141009;Mato Verde (MG);0;12038;0.5947;54080237.26;1169.6956894833029;1221.0729830536632;67.41;0.4712784160351992;0.7785977859778598
3141108;Matozinhos (MG);3;37618;0.6975;150381221.4;1095.968898133872;1010.3272103780105;5.719999999999999;0.41965431353309685;0.5545924786802741
3141207;Matutina (MG);3;3814;0.6521;29786987.72;1744.4161221814368;1836.3957000524385;27.560000000000002;0.5573703552470396;1.1462264150943395
3141306;Medeiros (MG);3;3900;0.7425;38443293.51;2677.9438230769233;2096.629848717949;28.150000000000002;0.43858354850608633;0.6111111111111112
3141405;Medina (MG);0;20156;0.5465;90344070.14;1197.8115687636437;1126.9123139511807;26.03;0.5270853852564589;0.7484292535813019
3141504;Mendes Pimentel (MG);0;5606;0.5018;34478330.5;1408.6745076703533;1593.6203567606137;36.85999999999999;0.5180070403466017;1.0703463203463204
3141603;Mercês (MG);3;10373;0.5506;53005362.0;1309.9476005013014;1264.091492335872;29.279999999999998;0.4630465444287729;1.0141104294478527
3141702;Mesquita (MG);3;5040;0.4432;35445032.74;1646.48525;1653.8900218253968;29.130000000000003;0.537522879804759;0.9932126696832579
3141801;Minas Novas (MG);0;24405;0.5499;133280350.67;1258.6478045482484;1379.3436377791438;60.53;0.44160907318802056;0.5633626097867002
3141900;Minduri (MG);3;3741;0.5845;33996015.1;1476.6998957497997;1749.20303127506;11.9;0.45507584597432904;0.8993506493506493
3142007;Mirabela (MG);3;13651;0.5437;64177423.26;1164.9929946524064;1190.9875994432643;26.46;0.46611534743851357;0.6880591209646052
3142106;Miradouro (MG);3;8968;0.5535;52004321.13;1342.9538169045495;1458.1007571364853;27.44;0.453484602917342;0.8791134989926125
3142205;Miraí (MG);3;13633;0.5904;61072665.66;695.6676600894888;1208.3838612191007;18.73;0.4720872475974517;0.8171238570241064
3142254;Miravânia (MG);0;3985;0.5465;35667400.57;2070.6046097867;1770.1633977415306;96.46000000000001;0.5111869548729617;0.6066746126340882
3142304;Moeda (MG);3;5125;0.5627;38354645.73;1670.31180097561;1424.9592487804878;55.46999999999999;0.4959136018680677;0.948394495412844
3142403;Moema (MG);3;7548;0.593;50449171.29;1231.6340620031795;1640.417370164282;13.28;0.4233452762587215;0.7789223454833597
3142502;Monjolos (MG);2;2169;0.6933;28462249.99;1644.83428307976;2969.3398109727987;96.61999999999999;0.4876543209876543;1.0850439882697946
3142601;Monsenhor Paulo (MG);3;8340;0.6649;47663612.02;1627.5061906474818;1007.6451163069544;18.820000000000004;0.4549895324494068;0.7998619737750172
3142700;Montalvânia (MG);0;14060;0.4555;66917404.54;1040.0600640113798;1035.40520056899;76.98;0.5208220659816117;0.6918482080112438
3142809;Monte Alegre de Minas (MG);3;20170;0.6714;139790193.97;1185.1469682697075;1613.0391641051065;13.78;0.4819985304922851;0.763915030922291
3142908;Monte Azul (MG);0;20328;0.5464;83595496.09;821.9139079102716;1467.4647353404173;66.77;0.4959158142615351;0.9063649222065063
3143005;Monte Belo (MG);3;13046;0.7585;69553494.97;1205.1399655066687;1205.9540142572434;25.029999999999998;0.43662592225525826;0.9200968523002422
3143104;Monte Carmelo (MG);3;47692;0.6822;222495816.16;873.2958728927282;1639.7474035477649;5.96;0.40705118749078034;0.6229855311139866
3143153;Monte Formoso (MG);0;4381;0.486;32081635.97;1853.2978886099063;1495.7000524994294;57.89999999999999;0.5080895008605852;0.5991332611050921
3143203;Monte Santo de Minas (MG);3;20890;0.6912;91906862.95;1254.597729056965;1373.4993130684538;11.209999999999999;0.4810350939383197;0.9358059914407989
3143302;Montes Claros (MG);3;414240;0.7278;1569505194.34;748.8411455919273;1378.555505407493;5.41;0.4109184048829003;0.4901863906421769
3143401;Monte Sião (MG);3;24089;0.7311;120109287.85;1688.9433944954128;1162.4639922786334;14.840000000000002;0.40970271535580527;0.6959786821705426
3143450;Montezuma (MG);0;6888;0.555;42763501.17;1399.1714285714286;1680.1533739837398;66.03000000000002;0.46459706570274295;0.6305970149253731
3143500;Morada Nova de Minas (MG);3;9067;0.7052;74115280.52;1527.0197386125508;1261.2208668798942;28.77;0.45257930150592757;0.6946610677864428
3143609;Morro da Garça (MG);2;2411;0.5939;31255245.64;3747.0951140605557;3435.1075985068437;31.519999999999996;0.480049109883364;0.8663484486873508
3143708;Morro do Pilar (MG);3;3133;0.4704;30885813.55;1600.8859910628792;2276.6387392275774;30.799999999999997;0.4848341232227488;0.9864077669902913
3143807;Munhoz (MG);3;7451;0.661;43546415.1;1501.4715393906858;1162.1749416185746;62.339999999999996;0.4498929752870208;0.60778859527121
3143906;Muriaé (MG);3;104108;0.7604;471533964.48;920.9265799938526;1354.1404694163755;7.329999999999999;0.44138007420944786;0.7596732350830712
3144003;Mutum (MG);0;27635;0.5311;87740714.75;912.7782192871359;877.9960752668718;40.33;0.4905609492988134;0.6858202038924931
3144102;Muzambinho (MG);3;21891;0.6813;96526534.48;1056.6279690283677;974.4765437851172;19.65;0.45842771485676215;0.8693289866883999
3144201;Nacip Raydan (MG);2;2459;0.5142;26673703.56;1401.6047173647823;2442.3611874745834;27.56;0.5378361475922452;0.9325842696629213
3144300;Nanuque (MG);3;35038;0.609;141806074.49;702.9381183286717;1219.1998724242253;16.359999999999996;0.5021006602074938;0.7407847800237812
3144359;Naque (MG);3;6303;0.5805;43603017.3;1443.0022877994606;1540.705603680787;16.380000000000003;0.5068132918957686;0.5067519545131486
3144375;Natalândia (MG);3;3520;0.5969;32028343.95;2519.940602272727;1901.2224204545455;7.7700000000000005;0.42164781906300486;0.4850640113798009
3144409;Natércia (MG);3;4691;0.709;32403217.27;1741.9620763163505;2058.6064144105735;47.25;0.4982433727243692;1.2674418604651163
3144508;Nazareno (MG);3;8179;0.662;70594716.16;1351.539138036435;1385.232098055997;19.460000000000004;0.44148748678181177;0.7854597291518175
3144607;Nepomuceno (MG);3;25018;0.5917;115798016.57;1151.9927136461747;1299.4096074826125;13.639999999999999;0.475552934237688;0.8387685290763968
3144656;Ninheira (MG);0;10588;0.5297;48689979.38;1039.9368945976578;960.994853607858;92.47999999999999;0.43546637744034705;0.6976744186046512
3144672;Nova Belém (MG);2;3151;0.486;41249948.81;2518.111085369724;2723.381332910187;32.34;0.4884270193670288;0.6650563607085346
3144706;Nova Era (MG);3;17438;0.6376;94424123.3;1222.0551978437893;1418.2617995182932;13.950000000000001;0.4716853742931893;0.737332918868511
3144805;Nova Lima (MG);3;111697;0.7507;1234419878.26;2261.1206873953643;2189.5319283418535;4.3100000000000005;0.42173260017310726;0.5916318393620599
3144904;Nova Módica (MG);2;3663;0.6123;35391650.19;2050.3895904995907;2193.4985476385477;29.49;0.5313545150501672;0.8183118741058655
3145000;Nova Ponte (MG);3;14598;0.7813;118619989.81;2175.757163995068;1978.7251753664884;1.8800000000000001;0.412071967498549;0.39306736429038586
3145059;Nova Porteirinha (MG);0;6706;0.6347;36235604.37;1359.1906352520132;1444.1555234118698;55.580000000000005;0.46579234972677597;0.502820874471086
3145109;Nova Resende (MG);3;16387;0.6043;93022170.49;1516.4648636113993;1212.5340214804419;39.21;0.4576587795765878;0.6225165562913907
3145208;Nova Serrana (MG);3;105552;0.7559;443935964.93;1366.8979596786419;1017.0783211118691;5.8;0.3812452563532152;0.21154405955004782
3145307;Novo Cruzeiro (MG);0;26975;0.4887;111611045.28;1358.5877775718259;1065.3316292863763;55.20000000000001;0.5001112223334445;0.5602012491325469
3145356;Novo Oriente de Minas (MG);0;10275;0.4803;47772394.01;1367.9932360097323;1127.452084671533;43.43;0.5504753282028066;0.7396280400572246
3145372;Novorizonte (MG);0;4571;0.6376;35369080.6;2259.317602275213;2188.141551082914;89.37;0.5479173721639011;0.7997775305895439
3145406;Olaria (MG);2;1945;0.6005;37476845.1;3328.2565089974296;5658.04605655527;54.870000000000005;0.48134044173648133;1.0256410256410255
3145455;Olhos-d'Água (MG);0;5385;0.6593;40856608.8;2429.8064549675023;1899.1425719591457;95.89;0.4526571351497167;0.4184277261200338
3145505;Olímpio Noronha (MG);2;2555;0.511;29298861.11;2030.678563600783;2748.9554129158514;4.24;0.4897959183673469;0.9626168224299065
3145604;Oliveira (MG);3;39262;0.7491;211455357.02;897.0000366766848;1662.2932909683664;5.93;0.4328151229837238;0.904914873112753
3145703;Oliveira Fortes (MG);2;2027;0.6162;27697313.52;2283.4286038480514;2700.102550567341;34.830000000000005;0.5149476831091181;0.8980716253443526
3145802;Onça de Pitangui (MG);3;2969;0.6172;29215074.72;1501.7972515998654;2351.6212158976086;58.95;0.45968534906588004;0.7877629063097514
3145851;Oratórios (MG);3;4917;0.6068;36065348.68;2113.492826926988;1605.6374476306692;22.56;0.46252230814991074;0.640295358649789
3145877;Orizânia (MG);0;8437;0.459;45130510.67;1917.453354272846;1308.5629631385564;54.39;0.4667941585535466;0.4924958310172318
3145901;Ouro Branco (MG);3;38724;0.751;255418887.87;1650.0613627207933;1677.3097817890714;8.969999999999999;0.4253533568904594;0.5348651879399655
3146008;Ouro Fino (MG);3;32094;0.7173;128313053.01;955.5290266093351;1120.9372783074718;21.419999999999998;0.4571623155505108;0.9620031176929073
3146107;Ouro Preto (MG);3;74821;0.7273;579810207.27;1671.8157291402147;1988.6549761430615;17.28;0.4116637108033659;0.7214201183431953
3146206;Ouro Verde de Minas (MG);0;5757;0.4011;41083999.87;1923.0759145388224;1453.1864078513115;30.130000000000003;0.5226130653266332;0.6591099916036943
3146255;Padre Carvalho (MG);0;5058;0.5082;40996518.91;1830.1043396599446;1801.1788572558323;45.87;0.4824150058616647;0.4413309982486865
3146305;Padre Paraíso (MG);0;17334;0.4797;80751692.84;1345.0482346832814;1201.6166672435675;32.93;0.5177304964539007;0.6024390243902439
3146404;Paineiras (MG);2;4224;0.597;32772191.7;1274.3076704545454;1923.8491879734847;96.30000000000001;0.5150645624103299;1.3696369636963697
3146503;Pains (MG);3;8142;0.7339;67114115.53;1269.9394780152297;2376.569834193073;4.66;0.42517066339926485;0.9125984251968504
3146552;Pai Pedro (MG);0;5551;0.5593;37881514.21;2014.1484867591425;1749.9248747973336;98.74;0.46619123085050185;0.600181323662738
3146602;Paiva (MG);2;1474;0.5955;26051759.11;3069.655434192673;4562.670990502035;37.230000000000004;0.5040816326530613;1.2557077625570776
3146701;Palma (MG);3;5707;0.5424;33716365.62;1101.8726195899771;1429.6086542842124;15.49;0.4931972789115646;1.1227477477477477
3146750;Palmópolis (MG);0;6301;0.4295;32515898.0;1082.9001158546262;1565.2303269322329;37.24;0.5194116228598987;0.8601036269430051
3146909;Papagaios (MG);3;13920;0.6597;67926135.69;1151.0376875;1645.803882183908;20.900000000000002;0.4016715335817138;0.49233071455293675
3147006;Paracatu (MG);3;94023;0.7353;655181151.25;1451.8366286972337;2109.642160960616;11.43;0.40490100859170713;0.407468965875448
3147105;Pará de Minas (MG);3;97139;0.8136;442877024.56;912.5486065329063;1738.009390975818;3.77;0.4004844220815732;0.6219782786406634
3147204;Paraguaçu (MG);3;21723;0.7166;99074594.64;1080.17418082217;1223.3762491368595;9.540000000000001;0.47695131901006255;0.8075238340633857
3147303;Paraisópolis (MG);3;20445;0.6558;92017480.15;1160.9794120811935;1244.3874526779164;14.559999999999999;0.4383706205149852;0.8375110586847537
3147402;Paraopeba (MG);3;24107;0.7225;106801599.76;1086.8605376031855;892.5584788650599;11.05;0.41448101860001174;0.585278276481149
3147501;Passabém (MG);2;1600;0.6819;25110529.64;2582.29001875;3676.385975;87.7;0.5686274509803921;1.3577235772357723
3147600;Passa Quatro (MG);3;15515;0.6929;72736542.59;729.570409925878;1486.9259155655816;19.67;0.4329915950863582;0.8142414860681114
3147709;Passa Tempo (MG);3;8473;0.6707;46003369.71;984.0987088398442;1326.7807813053228;17.799999999999997;0.4518505825908156;1.1231884057971016
3147808;Passa Vinte (MG);2;2233;0.6449;32367669.29;2646.974975369458;3182.080716524855;32.59;0.47198417930125247;0.9616438356164384
3147907;Passos (MG);3;111939;0.7182;446947827.08;1035.6624910888966;1331.8460949267012;2.6499999999999995;0.4448216221797718;0.7001973359644795
3147956;Patis (MG);0;4837;0.5671;33904975.86;1702.0678540417614;1381.0153194128593;40.550000000000004;0.48830769230769233;0.6496881496881497
3148004;Patos de Minas (MG);3;159235;0.8005;792892010.65;916.113613589977;1618.1674327880178;5.45;0.4028773809314045;0.7009112888227637
3148103;Patrocínio (MG);3;89826;0.7919;467171790.64;946.9548755371496;1564.1422509073097;5.4399999999999995;0.4189176381385651;0.5623895369388476
3148202;Patrocínio do Muriaé (MG);3;5576;0.5893;30602990.46;1017.3312302725969;1611.3417270444766;18.46;0.5148057593045368;0.9989451476793249
3148301;Paula Cândido (MG);3;8659;0.5612;38801382.85;982.4061485159949;1239.906679755168;28.720000000000002;0.4696198234894773;0.8683322079675895
3148400;Paulistas (MG);0;4389;0.508;32457192.25;2082.558493962178;1703.768471177945;54.410000000000004;0.5340789933589654;0.8409638554216867
3148509;Pavão (MG);0;8047;0.5178;36378750.68;996.2466409842177;1227.3430197589162;36.04;0.5324700057131975;0.7934573444515716
3148608;Peçanha (MG);0;17446;0.4241;79314395.46;1120.1395127822998;1449.863003553823;45.5;0.46346782988004365;0.7131782945736435
3148707;Pedra Azul (MG);3;24410;0.5313;108835494.52;1189.4143428922573;1208.0911077427284;15.039999999999997;0.4758162031438936;0.6183425868805265
3148756;Pedra Bonita (MG);0;7320;0.5065;39812920.51;1648.925349726776;1652.2890327868854;55.39;0.4429331756357185;0.4275730622617535
3148806;Pedra do Anta (MG);2;3311;0.6504;29802882.56;2035.1719027484144;2372.1026155240106;23.17;0.5181109582760202;1.4248927038626609
3148905;Pedra do Indaiá (MG);3;4112;0.7378;35100587.98;2396.2825875486383;2229.355746595331;15.459999999999999;0.45557522123893807;1.033175355450237
3149002;Pedra Dourada (MG);3;2757;0.5552;27850897.96;1865.410170475154;1840.2184403336962;14.74;0.4359375;0.6476377952755905
3149101;Pedralva (MG);3;10760;0.6029;48096528.43;971.4730083643122;1315.805532527881;41.11;0.47175488989194364;0.8877941981390257
3149150;Pedras de Maria da Cruz (MG);0;10433;0.469;51799103.13;1181.6423205214223;939.4899520751461;75.01;0.4906415202171739;0.517454706142289
3149200;Pedrinópolis (MG);2;3344;0.6785;43505581.84;2473.1040281100477;2441.350110645933;5.07;0.4711834579850418;0.7644151565074135
3149309;Pedro Leopoldo (MG);3;62580;0.6914;274811814.67;1237.2426345477788;1244.4338143176733;12.129999999999999;0.42798466593647316;0.7141290440504479
3149408;Pedro Teixeira (MG);2;1810;0.4958;27446802.3;2577.2336850828733;4221.985408839779;32.28;0.41738449490994517;0.9888059701492538
3149507;Pequeri (MG);3;3351;0.576;30593446.18;2662.25432109818;2141.2494538943597;5.04;0.46268005237887383;0.8027210884353742
3149606;Pequi (MG);2;4155;0.6146;34501683.57;2505.6803947051744;2168.0909362214197;53.82000000000001;0.5010838150289018;0.8395225464190982
3149705;Perdigão (MG);3;12268;0.6836;62045319.34;1475.1720386371046;1055.8748826214542;13.7;0.4470393960839821;0.4141791044776119
3149804;Perdizes (MG);3;17151;0.6583;134086880.5;1951.7055582764854;1911.983670339922;9.0;0.43211422845691383;0.41470749043193
3149903;Perdões (MG);3;21384;0.6553;106339087.02;1135.485418537224;1162.3876496445941;15.450000000000001;0.4671698113207547;0.8422619047619048
3149952;Periquito (MG);0;6553;0.5572;53344328.55;2847.7946299404853;1333.9799114909201;24.64;0.5123471036233557;0.5755855216465579
3150000;Pescador (MG);3;3570;0.5138;30943829.67;1944.913380952381;2240.421173669468;23.86;0.5657894736842105;0.8587896253602305
3150109;Piau (MG);2;2796;0.4401;28397792.36;1858.0635729613734;2347.4849463519313;43.839999999999996;0.5253682487725041;1.183673469387755
3150158;Piedade de Caratinga (MG);3;8529;0.5012;41323248.87;1241.8431469105403;1433.2963747215383;9.53;0.44657394843962006;0.51061388410786
3150208;Piedade de Ponte Nova (MG);3;3976;0.5759;32738516.94;1724.4352766599598;1649.2666599597585;26.41;0.4742306266221728;0.6272264631043257
3150307;Piedade do Rio Grande (MG);3;4604;0.6074;31647933.39;1318.8526563857515;1980.3942658557778;29.74;0.5011411803064885;1.1025991792065664
3150406;Piedade dos Gerais (MG);0;5019;0.5142;35831805.66;1416.7430384538754;1754.8767423789598;86.25;0.4556264501160093;1.0376134889753568
3150505;Pimenta (MG);3;8563;0.6436;51102145.17;1263.0102615905641;1658.7246770991476;10.98;0.39872590656648155;0.8893188854489165
3150539;Pingo-d'Água (MG);3;4706;0.6022;36509301.32;1678.4591372715684;2105.1423586910328;7.52;0.4930203045685279;0.6289308176100629
3150570;Pintópolis (MG);0;7084;0.4892;39053329.07;1879.446974872953;1464.709641445511;76.06;0.5450381679389313;0.6029506093649776
3150604;Piracema (MG);3;6700;0.6625;51905968.92;1474.0078119402986;1872.0196;42.879999999999995;0.4346895074946467;1.032032032032032
3150703;Pirajuba (MG);3;5537;0.704;54999591.79;1747.742169044609;2055.1396117030886;0.73;0.43892931392931395;0.48548812664907653
3150802;Piranga (MG);3;17018;0.5556;76207871.92;977.5228699024561;1372.4629762604302;64.58;0.46479600619728006;0.8280297901150981
3150901;Piranguçu (MG);3;6041;0.6173;35201687.79;1382.3536633007782;1360.6330723390167;37.839999999999996;0.47593452235524064;0.8205607476635514
3151008;Piranguinho (MG);3;9120;0.6411;43985369.74;1443.076311403509;923.8323234649124;28.070000000000004;0.45873320537428025;0.6693830034924331
3151107;Pirapetinga (MG);3;11077;0.6205;61494077.36;1436.2695729890763;1853.6662164846077;13.98;0.45922803319720723;0.7588294651866802
3151206;Pirapora (MG);3;55606;0.6945;331388869.73;1022.0792439664785;2159.235324245585;11.42;0.4614313122552498;0.5023960294369331
3151305;Piraúba (MG);3;11610;0.6607;50714795.19;1262.5732161929373;963.1675822566754;11.540000000000001;0.4651691065118627;0.9237995824634656
3151404;Pitangui (MG);3;26685;0.6632;109260162.52;874.2557403035413;988.7686396852164;10.42;0.4311380456934463;0.6379380603096985
3151503;Piumhi (MG);3;36062;0.7306;166669194.57;1041.2436966890357;1502.172036492707;4.109999999999999;0.4239684106614018;0.7886056971514243
3151602;Planura (MG);3;11145;0.5985;78849986.38;1713.998859578286;1635.575156572454;1.9700000000000002;0.4591516103692066;0.513595166163142
3151701;Poço Fundo (MG);3;16390;0.6571;82473209.99;802.5797443563148;1728.8402776082976;33.690000000000005;0.45740707807220343;0.9992226972405752
3151800;Poços de Caldas (MG);3;163742;0.8326;1080685666.08;1487.7859375114508;2324.45858509118;0.56;0.43620735023243573;0.8599050076667041
3151909;Pocrane (MG);0;8350;0.5012;40842113.49;775.9868431137725;1210.3495341317364;42.75;0.5394542772861357;1.0796019900497513
3152006;Pompéu (MG);3;31047;0.6661;152634618.74;1069.6606100428382;1025.672785132219;11.369999999999997;0.4484254723582925;0.5550881734347193
3152105;Ponte Nova (MG);3;57776;0.7099;337856131.98;1059.0980002076988;2425.5186501315425;15.18;0.4299220393515654;0.8503408606731998
3152131;Ponto Chique (MG);0;3747;0.5761;34192502.5;1889.0696183613557;2316.2655164131306;37.34;0.509061619009263;0.49940688018979834
3152170;Ponto dos Volantes (MG);0;10883;0.5051;58260826.68;2200.796663603786;1230.7475824680694;63.839999999999996;0.5382332155477032;0.6371453138435081
3152204;Porteirinha (MG);0;37438;0.616;156742328.19;1024.3119365350713;1125.0917776056413;69.27000000000001;0.4632792651944499;0.6944960686204432
3152303;Porto Firme (MG);3;10569;0.5764;42807415.12;704.6844923833853;1297.7677008231622;35.8;0.4583965778943011;0.9916067146282974
3152402;Poté (MG);0;13666;0.4438;67663775.46;1294.0483565051954;1300.8096714473877;39.589999999999996;0.5157497781721384;0.8357678641926569
3152501;Pouso Alegre (MG);3;152217;0.8152;1117282532.94;1207.3949137087186;1853.6244764382427;4.739999999999999;0.40774822432672386;0.6250414654822897
3152600;Pouso Alto (MG);3;6566;0.6848;40731305.32;1226.7795598537923;1903.7004112092595;45.18;0.4542635658914729;0.9514747859181731
3152709;Prados (MG);3;9048;0.5741;43126068.08;1327.3588461538461;838.3759493810787;16.89;0.4111041796631316;0.7726967047747142
3152808;Prata (MG);3;28342;0.7065;157227867.24;1411.1899922376688;1666.3512927810318;11.279999999999998;0.44270806821074066;0.5608399138549892
3152907;Pratápolis (MG);3;8406;0.5816;46886126.6;988.9043504639544;1993.63725315251;8.839999999999998;0.5094271862093733;1.2250980392156863
3153004;Pratinha (MG);3;3559;0.6033;38846784.71;2494.9364456307953;2189.079103680809;28.34;0.4568153909128121;0.7222222222222222
3153103;Presidente Bernardes (MG);3;4850;0.5643;32368232.78;1097.5164268041237;2109.304397938144;82.22000000000001;0.46836209506509235;1.160614525139665
3153202;Presidente Juscelino (MG);2;3465;0.625;33552015.44;2086.026834054834;2552.3764357864356;48.53;0.474468085106383;1.0017953321364452
3153301;Presidente Kubitschek (MG);2;3071;0.5542;28876602.78;2460.028218821231;2320.3158547704334;20.69;0.512807881773399;0.5537313432835821
3153400;Presidente Olegário (MG);3;18765;0.6914;107919995.3;1606.7068798294697;1473.7042962962964;23.31;0.44058037770612624;0.7571953459889773
3153509;Alto Jequitibá (MG);3;8397;0.5585;39720656.36;1259.4286554721925;1131.3229974991068;63.599999999999994;0.46826368246196887;0.8057990559676331
3153608;Prudente de Morais (MG);3;11466;0.5885;53788041.02;1581.2223600209315;1185.2037231815805;16.430000000000003;0.4239940387481371;0.47600518806744485
3153707;Quartel Geral (MG);2;3179;0.6052;37320711.03;2839.684385026738;3006.5011859075184;54.69;0.5052083333333334;1.121272365805169
3153806;Queluzito (MG);2;1770;0.5536;35976459.53;4148.0452372881355;3790.695531073446;42.18000000000001;0.46887966804979253;1.278225806451613
3153905;Raposos (MG);3;16279;0.5463;72612103.53;1019.049369740156;863.2614546348057;9.969999999999999;0.4153190749434881;0.5981933757109401
3154002;Raul Soares (MG);3;23423;0.584;106070727.51;960.995938180421;1386.5214554070785;36.080000000000005;0.48387709851124483;0.9792692407359419
3154101;Recreio (MG);3;11007;0.5145;47004797.65;963.611292813664;1159.6246097937674;12.02;0.4676;1.4004106776180698
3154150;Reduto (MG);3;7848;0.5524;39404292.24;1484.921614424057;1737.1902140672785;27.63;0.4536025189849972;0.47352587244283995
3154200;Resende Costa (MG);3;11230;0.5563;52857202.67;1115.567912733749;864.7981585040071;40.62;0.444001543011444;0.9204671857619577
3154309;Resplendor (MG);3;17226;0.5427;87094784.34;1341.7686874492047;1319.9561621966795;14.399999999999999;0.52375055285272;0.8263417643429981
3154408;Ressaquinha (MG);3;4548;0.6432;47643808.92;2349.0867282321897;1662.353060686016;55.98;0.44886906658171394;0.8204134366925064
3154457;Riachinho (MG);0;6863;0.5574;44779311.12;1738.9124668512316;2115.3154218271893;89.16000000000001;0.4835711197578902;0.6436443791329904
3154507;Riacho dos Machados (MG);0;8756;0.5976;61106378.8;2239.383583828232;1483.4138145271813;57.650000000000006;0.47730723806310105;0.521785906401291
3154606;Ribeirão das Neves (MG);3;329794;0.5801;934696151.42;918.2215180385331;691.1792997750111;10.09;0.40413755518940025;0.41213663006932666
3154705;Ribeirão Vermelho (MG);3;4080;0.6529;29149162.13;1246.783411764706;2117.9594828431377;2.18;0.4766558089033659;0.903179190751445
3154804;Rio Acima (MG);2;10261;0.6241;102259899.38;1777.9716606568559;2048.3440044829936;11.8;0.41316623054675666;0.6146393972012917
3154903;Rio Casca (MG);3;12789;0.5688;75014380.03;1518.431617014622;1447.5055602470873;31.830000000000002;0.48709302325581394;0.8929055580659738
3155009;Rio Doce (MG);2;2484;0.7344;43416455.73;3712.3496578099835;3397.773136070853;15.09;0.422680412371134;1.1453488372093024
3155108;Rio do Prado (MG);0;4639;0.4674;33119941.82;1659.8632356111232;2112.5266436732054;35.870000000000005;0.5086178861788618;0.7894736842105263
3155207;Rio Espera (MG);3;5429;0.5566;32307445.92;1140.2784822250874;1539.711002026156;73.36000000000001;0.46650459211237166;1.3274932614555257
3155306;Rio Manso (MG);3;5568;0.5006;33353200.36;1188.8435003591956;1425.761528376437;94.72000000000001;0.46564885496183206;1.1652386780905752
3155405;Rio Novo (MG);3;8518;0.5423;42623202.14;1129.944610237145;1576.3164862643814;14.54;0.47625649913344886;0.9727207465900933
3155504;Rio Paranaíba (MG);3;14532;0.659;114542608.51;1441.8231661161574;1180.3486787778695;17.19;0.3938231344715135;0.5511900264450321
3155603;Rio Pardo de Minas (MG);0;28271;0.5623;121375441.88;1297.3401078844045;1034.723063563369;76.25;0.451730512478176;0.5400910364145658
3155702;Rio Piracicaba (MG);2;14631;0.6079;106255979.95;2028.659471669742;1567.4166960563186;24.830000000000002;0.47015675241157556;0.8663741523733546
3155801;Rio Pomba (MG);3;17443;0.6621;76217822.1;994.452194576621;899.6137619675515;11.540000000000001;0.4723558706845615;0.9236851151598487
3155900;Rio Preto (MG);3;5141;0.5036;30989708.95;1542.1536276988913;1474.139463139467;20.550000000000004;0.4671803652968037;1.090676883780332
3156007;Rio Vermelho (MG);0;12641;0.4751;56338651.04;1497.0606083379478;1220.2617799224745;60.51;0.48630217519106406;0.7705479452054794
3156106;Ritápolis (MG);3;4994;0.552;30068503.24;1143.0783259911896;1313.7599779735683;67.99;0.48145950756452094;1.2479224376731302
3156205;Rochedo de Minas (MG);2;2291;0.6992;35927087.95;2156.8401440419034;3487.804491488433;51.44;0.4838082901554404;0.7412587412587412
3156304;Rodeiro (MG);3;8664;0.6153;48229667.78;1571.268260618652;1182.2984406740536;6.91;0.42923127680633455;0.48600799543118217
3156403;Romaria (MG);2;3386;0.7014;40605487.14;2469.0699143532192;3026.467929710573;13.59;0.46326707000864303;0.7015873015873015
3156452;Rosário da Limeira (MG);3;4734;0.6431;36119307.47;1700.9367089142374;1900.0669433882551;40.52;0.4463794683776352;0.8682864450127877
3156502;Rubelita (MG);0;5679;0.5751;37126722.24;1421.7874977989081;1925.0140817045256;77.53999999999999;0.532379924446843;1.0194472876151484
3156601;Rubim (MG);3;10298;0.5454;51688647.91;1539.0544309574675;1185.3495649640706;21.79;0.4441172346094517;0.8222094361334867
3156700;Sabará (MG);3;129380;0.6095;546253656.89;1066.0914366980987;701.9079221672592;12.529999999999998;0.42116478833014787;0.585100665591798
3156809;Sabinópolis (MG);3;14240;0.4936;92389902.74;1016.1349431179775;1404.4458742977529;40.14;0.4984741660528254;0.801825789273488
3156908;Sacramento (MG);3;26670;0.7229;242524336.41;1717.5591274840644;2527.7965943007125;3.9699999999999993;0.44185543601665134;0.639189731247493
3157005;Salinas (MG);3;40178;0.5976;201130889.6;1388.9434653292847;1350.3964963412814;22.639999999999993;0.4768608711633891;0.783965896589659
3157104;Salto da Divisa (MG);0;6110;0.5073;40084485.79;1660.7718887070378;1736.1328576104745;23.6;0.515001239771882;0.641897233201581
3157203;Santa Bárbara (MG);3;30466;0.6778;217313891.35;1866.6291449484672;1819.4667563841658;10.92;0.4287188144813356;0.5398349334680815
3157252;Santa Bárbara do Leste (MG);3;8458;0.4733;40533346.95;1589.2808548120124;1033.7049893591866;58.120000000000005;0.45551540182412664;0.6359703337453646
3157278;Santa Bárbara do Monte Verde (MG);2;3095;0.5658;27349499.73;2102.7632148626817;2327.7658255250403;31.759999999999998;0.5179009318293281;0.7283142389525368
3157302;Santa Bárbara do Tugúrio (MG);3;4208;0.5511;31404908.69;2128.192485741445;1224.9948835551331;56.480000000000004;0.4606039569593891;0.9176300578034682
3157336;Santa Cruz de Minas (MG);3;8109;0.5798;37396866.29;1011.1856653101491;1150.816417560735;0.41;0.3997928534438115;0.5701694915254237
3157377;Santa Cruz de Salinas (MG);0;3910;0.5242;34276096.91;2132.313539641944;2449.0322327365734;65.3;0.5309318715740016;0.9882697947214076
3157401;Santa Cruz do Escalvado (MG);3;4673;0.5888;37501037.11;1799.2374962550825;1696.6580719024182;45.17999999999999;0.49392583120204603;1.176056338028169
3157500;Santa Efigênia de Minas (MG);0;4039;0.5338;29730482.18;1531.924582817529;2092.7154369893537;28.43;0.5540592535590612;0.820480404551201
3157609;Santa Fé de Minas (MG);0;3522;0.5866;35761254.72;1982.4218852924475;2630.2895741056223;98.46;0.49681257968550785;0.5503978779840849
3157658;Santa Helena de Minas (MG);0;5938;0.3125;34882154.75;851.7200151566184;1828.1427686089592;47.78999999999999;0.6105234608082452;0.47028086218158066
3157708;Santa Juliana (MG);3;15734;0.6721;101757556.09;1333.7695811618153;1228.3084797254353;3.2800000000000002;0.4087205658519115;0.3367496339677892
3157807;Santa Luzia (MG);3;219132;0.5901;734946381.39;912.3467664695252;936.5947672635672;11.11;0.4121877658340422;0.49862930246725556
3157906;Santa Margarida (MG);3;16395;0.4935;78603265.04;1254.1182708142726;1185.5485147910947;36.66;0.46540936717912046;0.4792613636363636
3158003;Santa Maria de Itabira (MG);3;10485;0.6367;62310416.19;1538.0867267525036;1619.1071359084406;41.980000000000004;0.46704911151532114;0.6623505976095617
3158102;Santa Maria do Salto (MG);0;4755;0.5078;31383792.05;1564.380832807571;1708.5615793901159;31.8;0.5368455074337427;0.8768361581920904
3158201;Santa Maria do Suaçuí (MG);3;12788;0.5155;33407719.01;538.4688833281201;538.4688833281201;32.03;0.4887077997671711;0.7085877085877086
3158300;Santana da Vargem (MG);3;6691;0.7096;39253831.63;1142.6177761171723;1562.55100433418;10.87;0.4284799316823228;0.8295350957155879
3158409;Santana de Cataguases (MG);3;3489;0.6094;31905319.11;2350.7249727715675;1589.0960131842933;19.09;0.4916631038905515;1.1023765996343693
3158508;Santana de Pirapama (MG);0;7030;0.4628;36017006.69;1303.9159815078235;1365.592934566145;61.129999999999995;0.4967000212901852;1.2783203125
3158607;Santana do Deserto (MG);3;3747;0.5963;30479359.94;2071.7373418734987;1956.8320149452898;39.519999999999996;0.49401913875598086;0.8328402366863905
3158706;Santana do Garambéu (MG);2;2137;0.5633;29134751.64;3386.0746139447824;3290.0472250818902;26.32;0.45870307167235497;0.9823008849557522
3158805;Santana do Jacaré (MG);3;4214;0.6343;29610611.92;1586.468279544376;2094.995692928334;3.38;0.45712309820193636;1.0753532182103611
3158904;Santana do Manhuaçu (MG);0;8987;0.4845;44543411.73;1245.7112740625346;1456.1280805608098;52.92;0.4701455913626697;0.5756578947368421
3158953;Santana do Paraíso (MG);3;44800;0.5923;160251050.78;862.83894375;794.2447613839287;7.66;0.39498676630857854;0.3578462855919503
3159001;Santana do Riacho (MG);3;5313;0.5998;37773361.02;1732.1429249011856;1542.1817146621495;29.8;0.4340080971659919;0.721627408993576
3159100;Santana dos Montes (MG);3;3469;0.562;28166565.56;1925.3548342461804;2210.5732631882383;40.11;0.47617021276595745;1.0645756457564575
3159209;Santa Rita de Caldas (MG);3;8460;0.6044;40434640.66;1351.182146572104;1331.8293191489363;38.2;0.49206349206349204;1.2003154574132493
3159308;Santa Rita de Jacutinga (MG);3;4755;0.5993;34863626.47;1873.6036151419557;2002.3305972660357;37.209999999999994;0.5143312101910829;1.0946822308690014
3159357;Santa Rita de Minas (MG);3;6773;0.5508;36009109.56;1187.862207293666;1372.0484128155913;38.83;0.4772082878953108;0.6171470805617147
3159407;Santa Rita de Ibitipoca (MG);2;3301;0.5411;34140239.93;1744.0899727355347;2731.459451681308;48.989999999999995;0.4749776586237712;0.9257246376811594
3159506;Santa Rita do Itueto (MG);0;5826;0.5596;36084649.44;1560.6459457603846;1664.1789598352213;64.05;0.49691675231243576;0.7084805653710248
3159605;Santa Rita do Sapucaí (MG);3;40635;0.7855;179989824.72;1300.4656786021903;959.333996308601;8.88;0.41842362468584193;0.6470184116515526
3159704;Santa Rosa da Serra (MG);3;3382;0.6398;33323378.2;2006.8026641040803;3002.753199290361;35.31999999999999;0.48138414367060883;0.7091757387247278
3159803;Santa Vitória (MG);3;20973;0.6896;300644327.67;1779.4760859199926;2185.2925261049922;9.720000000000002;0.4575717562026548;0.7083549558899844
3159902;Santo Antônio do Amparo (MG);3;17285;0.6805;88308690.64;1162.2225432455887;1748.349874457622;13.45;0.45325374138220953;0.736231884057971
3160009;Santo Antônio do Aventureiro (MG);3;3769;0.5451;28007323.65;1362.9840992305649;1988.6981958079066;54.5;0.48385826771653545;1.0347682119205297
3160108;Santo Antônio do Grama (MG);3;4229;0.5429;32338123.67;2046.645864270513;1688.443405060298;9.62;0.5023090586145649;0.7565217391304347
3160207;Santo Antônio do Itambé (MG);0;3915;0.534;31669689.25;1979.5237573435504;1752.075803320562;79.41000000000001;0.45539033457249073;0.7831149927219796
3160306;Santo Antônio do Jacinto (MG);0;10327;0.4562;49858441.28;1485.4007853200349;1101.92292921468;46.32999999999999;0.5399642111541902;0.7846229669788073
3160405;Santo Antônio do Monte (MG);3;27295;0.6921;148810939.64;1175.6893196556146;1707.692688770837;10.41;0.43862330680440625;0.6502082093991671
3160454;Santo Antônio do Retiro (MG);0;6629;0.4775;41178878.5;1939.9448544275153;1653.6315975260222;71.95;0.5031746031746032;0.5964028776978417
3160504;Santo Antônio do Rio Abaixo (MG);2;1808;0.5865;25524972.03;2818.323987831858;2848.5209015486726;76.5;0.44871794871794873;0.8666666666666667
3160603;Santo Hipólito (MG);2;2717;0.5559;28650377.01;1898.9069966875231;2739.592097902098;94.12000000000002;0.5069328896283971;1.1206496519721578
3160702;Santos Dumont (MG);3;42406;0.63;166682713.29;979.6000801773334;1150.9739716077913;27.29;0.4489851705050229;0.8922811059907834
3160801;São Bento Abade (MG);3;4713;0.6458;33021681.6;2013.5132527052835;1806.5417844260555;6.34;0.4452621895124195;0.4786150712830957
3160900;São Brás do Suaçuí (MG);2;3989;0.6858;47177952.82;2662.540543995989;2013.306081724743;26.43;0.43903318903318905;0.8328313253012049
3160959;São Domingos das Dores (MG);3;5626;0.6345;36367864.56;1912.9062744400997;1621.2162691077142;9.979999999999999;0.44367462150372083;0.5021720243266724
3161007;São Domingos do Prata (MG);3;17392;0.6329;86920977.99;1451.154960901564;1380.4902570147192;35.349999999999994;0.5114278265403668;1.1184305255579554
3161056;São Félix de Minas (MG);0;3200;0.5805;33659758.34;2067.1987625;2287.939578125;33.6;0.4658726523133303;0.8457350272232305
3161106;São Francisco (MG);0;52762;0.4966;210620851.73;1045.839923998332;1033.7396575186688;52.239999999999995;0.5001563788348355;0.46555027909689245
3161205;São Francisco de Paula (MG);3;6187;0.6452;36870060.28;1441.6376693066106;1678.8837643445934;20.76;0.43917190044196325;0.9504132231404959
3161304;São Francisco de Sales (MG);3;5732;0.6807;52590160.32;2211.136632937893;2020.4425628053034;9.26;0.4255160407858742;0.565416285452882
3161403;São Francisco do Glória (MG);3;4800;0.5585;42535728.39;1323.1775916666666;1713.2587520833333;58.79;0.46475434848947206;0.8966376089663761
3161502;São Geraldo (MG);3;10282;0.6423;50384060.17;1308.046871231278;1467.2907128963236;17.78;0.4532862190812721;0.7534171678512849
3161601;São Geraldo da Piedade (MG);0;3305;0.5415;30381593.5;2498.211258698941;2327.166447806354;39.72;0.5400745573159367;0.9381270903010034
3161650;São Geraldo do Baixio (MG);0;3143;0.5232;26547182.02;1824.8901559020046;2451.644823417117;18.669999999999998;0.5009551098376314;0.7749576988155669
3161700;São Gonçalo do Abaeté (MG);3;7375;0.6334;62613796.39;1952.5973681355931;1726.6204284745763;27.339999999999996;0.45808620007908263;0.5143790849673202
3161809;São Gonçalo do Pará (MG);3;11770;0.7001;58232884.97;1481.8933899745114;1432.5091002548852;17.200000000000003;0.4653884462151394;0.7202024850437183
3161908;São Gonçalo do Rio Abaixo (MG);2;11850;0.7217;533301194.76;7080.610732489452;4533.121044725739;37.790000000000006;0.44002916514764856;0.5382327952421411
3162005;São Gonçalo do Sapucaí (MG);3;23959;0.7062;110778464.32;1264.6734955549064;1584.413680454109;11.040000000000001;0.4755804643714972;0.657437218287186
3162104;São Gotardo (MG);3;40910;0.6604;162899087.94;1162.9753224150575;1325.0516597408946;8.92;0.40343053173241855;0.41448159730574935
3162203;São João Batista do Glória (MG);3;7652;0.6622;69711301.16;1818.9494485101934;2505.107677731312;11.61;0.45502947328389426;0.8142532221379833
3162252;São João da Lagoa (MG);0;4822;0.566;35028510.2;1352.2712525922855;1814.45984238905;99.29;0.48506313520172467;0.6270661157024794
3162302;São João da Mata (MG);2;2914;0.686;27699798.97;2113.1040905971176;2303.021080988332;21.069999999999997;0.4432887568103021;0.9123931623931624
3162401;São João da Ponte (MG);0;23930;0.5404;114889627.07;1166.780374843293;1052.0874855829504;65.57;0.4766135999012711;0.6444539067489887
3162450;São João das Missões (MG);0;13024;0.3061;54756110.28;1048.9256296068797;782.9286409705161;98.95;0.5590136461575294;0.23872679045092837
3162500;São João del Rei (MG);3;90225;0.705;384039313.02;556.4809515101136;1443.2061802161265;8.73;0.4070614288164933;0.9116742346565109
3162559;São João do Manhuaçu (MG);3;11246;0.5213;65959728.43;1819.7181122176773;1086.1556944691445;44.339999999999996;0.4622285788584059;0.39247943595769685
3162575;São João do Manteninha (MG);3;5331;0.5708;34432903.72;1419.5953817295067;1607.246203338961;11.66;0.47305885603757947;0.7487231869254342
3162609;São João do Oriente (MG);3;7070;0.5839;39420628.34;1423.3259717114568;1410.8383649222064;14.14;0.5001060895395714;0.9225122349102773
3162658;São João do Pacuí (MG);0;3972;0.5208;28898534.44;1925.9214677744208;1751.5115508559923;98.76;0.5288683602771362;0.7153558052434457
3162708;São João do Paraíso (MG);0;23910;0.5653;92487518.09;972.4224654956087;1103.305530740276;57.730000000000004;0.4432305185006338;0.6365054602184087
3162807;São João Evangelista (MG);3;15315;0.5262;78232846.98;1512.644163238655;1491.2814560888019;33.16000000000001;0.5093130974672317;0.7365591397849462
3162906;São João Nepomuceno (MG);3;25565;0.6368;114806992.1;1369.840338744377;1430.254546059065;6.8;0.4780019656587848;0.8663656884875847
3162922;São Joaquim de Bicas (MG);3;34348;0.6348;230566857.06;1334.7853385932224;1132.183757715151;39.11;0.39739625711960946;0.3998280309544282
3162948;São José da Barra (MG);3;7793;0.5871;64846965.69;1735.987354035673;2194.8548530732705;19.65;0.4860793287566743;0.5911360799001248
3162955;São José da Lapa (MG);3;26090;0.6921;139107960.41;1922.533246837869;1097.6184779609046;7.509999999999999;0.40867123805410077;0.49231072555205047
3163003;São José da Safira (MG);3;3806;0.5276;29579167.97;1532.5701077246454;1668.9293194955333;21.480000000000004;0.47576580069794494;0.4927007299270073
3163102;São José da Varginha (MG);3;4536;0.6719;36512426.27;1760.686869488536;2462.293086419753;34.16;0.44688995215311006;0.6234067207415991
3163201;São José do Alegre (MG);3;4133;0.5591;28601450.91;1415.785860150012;1751.7612363900316;6.16;0.486156058971593;0.8172043010752689
3163300;São José do Divino (MG);2;3464;0.5656;32047025.17;1884.8520929561203;2162.002820438799;21.22;0.5179666958808063;0.7155297532656023
3163409;São José do Goiabal (MG);3;5396;0.5951;33910877.39;1153.1491530763526;1733.473018902891;26.29;0.4836403629364861;0.9372246696035242
3163508;São José do Jacuri (MG);0;6197;0.5199;36411575.27;1442.8799741810553;1087.4552622236565;60.43;0.48573483577079835;0.7331052181351583
3163607;São José do Mantimento (MG);3;2753;0.5371;29126166.64;;;8.899999999999999;0.4889129259058951;0.6928838951310862
3163706;São Lourenço (MG);3;44798;0.7598;272716080.88;1098.7760810750478;2656.179580338408;2.88;0.46245756072081484;0.9234215885947047
3163805;São Miguel do Anta (MG);3;6334;0.5711;36151366.44;1340.970795705715;1754.6827533943797;43.71;0.4675625579240037;0.9784313725490196
3163904;São Pedro da União (MG);3;4885;0.6683;35635447.65;1647.3444401228248;1546.6864135107471;32.18;0.47940642035130226;0.97875
3164001;São Pedro dos Ferros (MG);3;7166;0.537;35324955.94;967.7132430923807;1257.5602539771141;15.909999999999998;0.5086315789473684;0.9754701553556827
3164100;São Pedro do Suaçuí (MG);0;5103;0.5359;34575591.25;1617.33214579659;1586.077762100725;59.82;0.517846519928614;0.9561797752808989
3164209;São Romão (MG);3;10315;0.499;51652419.79;1255.3501434803682;1092.9038225884633;22.670000000000005;0.44589290720493413;0.4706426259824318
3164308;São Roque de Minas (MG);3;7129;0.6218;50601372.29;1441.6276518445784;1483.1813087389537;28.169999999999995;0.42210253341312587;0.825711820534944
3164407;São Sebastião da Bela Vista (MG);3;6387;0.757;47989046.7;1639.1433082824487;1603.5530468138406;29.659999999999997;0.49438465138043985;0.6056231003039514
3164431;São Sebastião da Vargem Alegre (MG);2;3113;0.6057;35521337.58;2427.7075618374556;2449.8177513652427;29.049999999999997;0.44187123668364986;0.7345454545454545
3164472;São Sebastião do Anta (MG);3;6194;0.445;37319382.7;1650.1959509202454;1317.5503519535034;16.97;0.47969421882465363;0.5434281322059954
3164506;São Sebastião do Maranhão (MG);0;10079;0.386;40519684.62;1028.9722621291794;1104.329510864173;63.34;0.4763439285191153;0.7947019867549668
3164605;São Sebastião do Oeste (MG);3;8815;0.7233;57652613.37;1858.2203425978446;1525.0867249007374;28.44;0.465746591286997;0.48122686409307247
3164704;São Sebastião do Paraíso (MG);3;71796;0.7877;361195702.53;898.2328288484038;2027.5534926736862;4.27;0.45145052057010004;0.7309510890628633
3164803;São Sebastião do Rio Preto (MG);2;1259;0.644;26102948.68;3861.5683478951546;4367.232438443209;94.71000000000001;0.5334957369062119;1.1683168316831682
3164902;São Sebastião do Rio Verde (MG);2;2300;0.677;26325935.01;2291.127804347826;2941.4508782608696;4.65;0.46777281429483086;0.9598930481283422
3165008;São Tiago (MG);3;11192;0.5615;50594205.01;1278.0281629735525;919.2213884917797;18.790000000000003;0.467418382063721;0.8235294117647058
3165107;São Tomás de Aquino (MG);3;6740;0.6924;44432994.78;1583.5074703264095;2338.3302359050444;23.04;0.5031222123104371;0.8120481927710843
3165206;São Tomé das Letras (MG);3;6904;0.6587;34085617.18;1266.3669336616456;1302.1195205677868;32.94;0.3761211879609328;0.5777591973244147
3165305;São Vicente de Minas (MG);3;6804;0.6396;43926013.67;1744.4384567901234;1478.8002189888302;11.19;0.46291120189206625;0.8168776371308016
3165404;Sapucaí-Mirim (MG);3;6311;0.6849;38050702.02;1862.7326144826493;963.1170194897798;25.48;0.46223354958294716;0.6708542713567839
3165503;Sardoá (MG);0;5104;0.5366;37124234.72;1708.584022335423;1615.3117319749217;41.690000000000005;0.46793212539545587;0.7126315789473684
3165537;Sarzedo (MG);3;36844;0.7229;235068494.13;1476.5096504179785;1445.4395114536967;3.71;0.3807525108679358;0.33930925388874245
3165552;Setubinha (MG);0;9917;0.4531;51447220.4;1445.3920782494706;1267.4080568720378;70.72;0.5507427677873339;0.42073416700282373
3165560;Sem-Peixe (MG);2;2433;0.5609;32961168.84;1940.7465145910396;2902.3881915330867;48.949999999999996;0.553639846743295;1.6432926829268293
3165578;Senador Amaral (MG);3;6206;0.6207;35250216.05;1435.7057943925233;1663.539883983242;28.41;0.423394495412844;0.3694362017804154
3165602;Senador Cortes (MG);2;2240;0.6233;29563229.01;2682.5705133928573;3122.1293125;21.35;0.4943295530353569;0.5732484076433121
3165701;Senador Firmino (MG);3;7716;0.6522;43255323.45;1380.710602643857;1716.8679600829446;42.94;0.4918793503480278;0.8928571428571429
3165800;Senador José Bento (MG);2;2068;0.561;26971354.88;2651.565357833656;2550.963089941973;57.95;0.5116959064327485;1.6415094339622642
3165909;Senador Modestino Gonçalves (MG);0;4008;0.5739;32086730.61;1625.186621756487;2259.4116941117763;56.76;0.4773313674898636;0.9213649851632048
3166006;Senhora de Oliveira (MG);3;5483;0.5779;31542460.8;1254.0226354185663;1778.270895495167;27.7;0.41642986308447427;0.9515738498789347
3166105;Senhora do Porto (MG);2;3067;0.5217;27901629.02;1965.203919139224;1863.5841669383765;52.970000000000006;0.5608142493638677;0.8366666666666667
3166204;Senhora dos Remédios (MG);3;10384;0.5815;43447516.49;755.2363896379045;1303.6713424499228;44.91;0.42696166002473546;0.9540880503144654
3166303;Sericita (MG);3;7345;0.55;35601743.22;1544.9602273655548;1260.4374867256638;35.279999999999994;0.434010152284264;0.5732484076433121
3166402;Seritinga (MG);2;1819;0.6304;25701906.4;3081.13029686641;3427.6314513468938;13.86;0.4528753993610224;0.975609756097561
3166501;Serra Azul de Minas (MG);0;3792;0.5014;33307261.35;2201.2897389240507;1950.287165084388;25.9;0.46070878274268107;0.5883134130146083
3166600;Serra da Saudade (MG);2;833;;29658574.63;5910.65512605042;6374.515906362545;33.529999999999994;0.4562937062937063;1.1932773109243697
3166709;Serra dos Aimorés (MG);3;6944;0.543;35331806.96;1131.7991892281104;1237.2755630760369;26.95;0.5135135135135135;0.6475524475524476
3166808;Serra do Salitre (MG);3;11801;0.7805;113991652.32;2198.0403084484365;2180.5903448860267;15.06;0.41464876528410455;0.3575353218210361
3166907;Serrania (MG);3;7621;0.6554;38151799.51;1206.0358811179638;1448.6489017189344;8.389999999999999;0.4463845131903587;0.7306843267108167
3166956;Serranópolis de Minas (MG);0;4399;0.5468;34746336.79;1926.5209956808364;2095.99611957263;98.56;0.4761744966442953;0.7326007326007326
3167004;Serranos (MG);2;1990;0.5931;26335881.65;2350.0867638190957;3113.9565226130658;19.380000000000003;0.4493809176984705;0.8926380368098159
3167103;Serro (MG);3;21952;0.5724;87014832.34;1013.5927213921284;1090.5828662536444;47.92;0.42360570687418936;0.624471524496394
3167202;Sete Lagoas (MG);3;227397;0.7288;1117013317.81;930.4914365624877;1992.8876657123883;3.4899999999999993;0.3970964095254479;0.6680775285828581
3167301;Silveirânia (MG);2;2323;0.4906;25454610.2;1443.6827550581145;1863.7237580714593;28.949999999999996;0.46654040404040403;0.8852040816326531
3167400;Silvianópolis (MG);3;6179;0.6416;35397072.83;1551.1194999190805;1487.2014646382909;36.79;0.526809982703237;1.1256231306081754
3167509;Simão Pereira (MG);2;2947;0.5988;36545840.8;3432.020023752969;3407.140237529691;22.0;0.47202797202797203;1.0192307692307692
3167608;Simonésia (MG);0;19750;0.4789;83484109.77;1112.0953564556962;1329.4448521518987;39.800000000000004;0.47421064417406883;0.48365249883232136
3167707;Sobrália (MG);3;5137;0.5899;46776568.65;1651.7382596846408;1628.7798423204204;24.33;0.5099941211052322;0.9213732004429679
3167806;Soledade de Minas (MG);3;5613;0.6403;32662362.43;1567.1750953144488;1266.0934010333156;31.22;0.49044078597981944;0.8751269035532995
3167905;Tabuleiro (MG);3;4014;0.4873;31076778.05;1909.1575336322871;2022.9213378176382;25.35;0.5050618672665916;1.1517571884984026
3168002;Taiobeiras (MG);3;33050;0.6525;161936449.17;1263.2346689863841;1968.9248538577913;26.990000000000002;0.4641385726310194;0.6175698625907056
3168051;Taparuba (MG);3;3387;0.5433;31773194.49;1636.6191910245054;2363.386386182462;16.96;0.5768156424581006;0.9666666666666667
3168101;Tapira (MG);2;4118;0.6709;69986074.11;3984.493329286061;2640.490206410879;26.13;0.4941944847605225;0.5355129650507328
3168200;Tapiraí (MG);2;1690;0.5938;27441885.04;2922.883029585799;2987.680899408284;36.529999999999994;0.4889867841409692;1.0108695652173914
3168309;Taquaraçu de Minas (MG);0;4224;0.5715;35277161.49;2516.551287878788;1690.4753030303032;54.68;0.5183321351545651;0.9303882195448461
3168408;Tarumirim (MG);3;14709;0.4855;54731321.65;640.2200129172616;1138.7333816031003;31.03;0.5242487046632124;0.8681683899556869
3168507;Teixeiras (MG);3;12255;0.6359;52212420.58;1090.5117960016319;1300.8672933496532;38.69;0.47757414998794306;1.0354573484069887
3168606;Teófilo Otoni (MG);3;137418;0.6354;569628002.5;830.4604877090337;1756.9829395712352;19.47;0.4584491944556473;0.679667146245674
3168705;Timóteo (MG);3;81579;0.7277;375739245.7;1038.1673967565182;1429.3954087448976;4.849999999999999;0.4308590872417301;0.6992944106253459
3168804;Tiradentes (MG);3;7744;0.7126;44685169.69;1667.0141787190084;1272.3569214876034;17.86;0.41210795040116704;0.7212490479817213
3168903;Tiros (MG);3;7883;0.6691;53300288.45;1341.715456044653;1963.4295877204108;23.009999999999998;0.48567659253675083;0.8782798833819242
3169000;Tocantins (MG);3;16185;0.6147;76522624.62;1182.8507265987023;1086.111498918752;15.89;0.44110052533167127;0.820654171260566
3169059;Tocos do Moji (MG);3;3826;0.626;30230974.92;1681.0191061160483;1711.2170726607424;73.12;0.4388867995487025;1.3386773547094188
3169109;Toledo (MG);3;7214;0.631;39571821.53;1640.1678306071526;1364.9756404214027;34.56;0.47706797706797704;0.7388059701492538
3169208;Tombos (MG);3;8609;0.6143;49850758.29;1505.377226158671;1473.556522244163;21.35;0.5351283880171184;1.0526675786593707
3169307;Três Corações (MG);3;75485;0.6653;328949063.96;881.3755567331258;1349.8688346029012;5.8100000000000005;0.44135112944186666;0.6246573416742813
3169356;Três Marias (MG);3;28895;0.6717;190157509.71;1479.620021110919;1746.8477068697007;10.9;0.43741916227241073;0.6154694102516994
3169406;Três Pontas (MG);3;55255;0.7256;274653998.1;1080.5133155370554;1619.1971258709618;6.0;0.44073320817688777;0.6762197540658469
3169505;Tumiritinga (MG);3;5886;0.5729;46449965.18;2092.105402650357;1747.8865698267073;38.24;0.4939086294416244;0.6257309941520468
3169604;Tupaciguara (MG);3;25470;0.7102;155168932.69;1528.6634334511189;1358.3414546525325;2.7399999999999998;0.4697905245542155;0.7995137046861185
3169703;Turmalina (MG);3;20000;0.6267;89886879.1;1097.091808;1112.8310245;25.71;0.42531356898517675;0.5545715029955718
3169802;Turvolândia (MG);2;4935;0.6131;36765040.94;1753.282133738602;1803.0375055724417;29.81;0.4837642814191221;0.7080679405520169
3169901;Ubá (MG);3;103365;0.729;394630324.62;936.1064300295071;653.436892274948;12.17;0.41473796586507533;0.62625449471368
3170008;Ubaí (MG);0;11708;0.4611;49027273.7;1256.86280577383;1202.891192347113;57.95;0.4551329853343276;0.5399495374264087
3170057;Ubaporanga (MG);3;13017;0.5754;53326034.81;1121.989837904279;1163.3677875086426;30.229999999999997;0.48375698164823894;0.6721828211189913
3170107;Uberaba (MG);3;337836;0.7548;1955585369.93;1101.9532811778495;1828.6207191951123;1.1800000000000002;0.42840955215803006;0.6562162869005198
3170206;Uberlândia (MG);3;713224;0.8253;3753487489.64;903.6484613950175;1902.717920569134;2.07;0.39959261686754555;0.5608735311477169
3170305;Umburatiba (MG);3;2684;0.4542;31383853.49;1888.5583830104322;2753.8467660208644;30.76;0.4919399666481378;0.7559523809523809
3170404;Unaí (MG);3;86619;0.7076;481159721.76;1130.5753884251722;1855.4785192625172;16.500000000000004;0.4077980756728644;0.493245253823722
3170438;União de Minas (MG);3;3828;0.4901;36579230.87;1972.3764158829676;1898.9981818181818;7.819999999999999;0.45;0.6431535269709544
3170479;Uruana de Minas (MG);2;3282;0.7054;34062501.54;3281.50450944546;2627.84942717855;39.5;0.4972627737226277;0.7057902973395931
3170503;Urucânia (MG);3;10600;0.6275;50880013.69;1163.9754367924527;1234.2534339622641;17.269999999999996;0.4390442573988596;0.6065573770491803
3170529;Urucuia (MG);0;17479;0.4868;84009772.07;1400.8154968819726;974.3949716803021;70.35;0.4979004199160168;0.3558926487747958
3170578;Vargem Alegre (MG);3;5780;0.5735;32515601.24;849.1106678200691;1137.7098961937716;13.24;0.5146750524109015;0.9236043095004897
3170602;Vargem Bonita (MG);2;2158;0.6343;28928265.83;2956.229990732159;3154.6961445783136;20.66;0.4996525364836692;0.8675324675324675
3170651;Vargem Grande do Rio Pardo (MG);0;4633;0.6218;34170330.43;1875.5069199222967;2067.3108633714655;98.86999999999999;0.4596723377441714;0.5620985010706638
3170701;Varginha (MG);2;136467;0.7812;12805489658.82;16157.767547612244;24579.64642492324;1.53;0.41838421003398707;0.6424840868287905
3170750;Varjão de Minas (MG);3;6969;0.6559;43892039.11;1540.5512627349692;1564.3781389008466;10.37;0.4161755740703109;0.36989966555183945
3170800;Várzea da Palma (MG);3;33744;0.6165;150870528.42;1039.0621597913703;1042.6194271574207;32.4;0.40436157815881474;0.5834419817470665
3170909;Varzelândia (MG);0;18840;0.5038;77935763.57;1080.1551459660297;991.479542462845;81.83999999999999;0.5173969072164949;0.5129533678756477
3171006;Vazante (MG);3;19975;0.7625;122934931.62;1175.4325216520651;1401.366117647059;11.589999999999998;0.4105642256902761;0.5946242457487658
3171030;Verdelândia (MG);0;7672;0.5657;46132831.24;1771.631933003128;1242.6252815432742;53.14;0.47623629016740426;0.3214095034703684
3171071;Veredinha (MG);0;5181;0.686;37423100.61;1522.5048890175642;1829.6684944991316;34.23;0.4371705963938974;0.6837606837606838
3171105;Veríssimo (MG);2;3411;0.5848;35810157.89;1869.819624743477;2603.002195836998;18.929999999999996;0.5330337078651686;0.8647798742138365
3171154;Vermelho Novo (MG);0;4899;0.5563;34211406.13;1761.2719391712594;1921.3601551337008;43.61;0.48409572856710087;0.7369565217391304
3171204;Vespasiano (MG);3;129246;0.5951;478218704.15;1066.0775867725113;837.3560386394936;3.6199999999999997;0.39347284665394444;0.3525683789192795
3171303;Viçosa (MG);3;76430;0.7677;358757341.99;896.3438238911423;1765.090348030878;7.6899999999999995;0.4040598879397446;0.7912696473654206
3171402;Vieiras (MG);2;3700;0.5798;32916122.59;2477.1126837837837;2466.673997297298;30.6;0.4823717948717949;0.948220064724919
3171501;Mathias Lobato (MG);2;3038;0.6349;34812665.23;2491.5979921000658;3420.4287722185645;13.41;0.48848603625673687;0.5267993874425727
3171600;Virgem da Lapa (MG);3;11804;0.588;54937535.91;944.1668502202643;1221.9918595391393;36.72;0.47127009846690765;0.8488997555012225
3171709;Virgínia (MG);3;8908;0.634;41423600.24;1062.4536158509206;1305.1891827570723;41.43;0.4493979824275952;0.8814713896457765
3171808;Virginópolis (MG);3;10314;0.5478;52832859.26;1473.763305216211;1055.4626371921659;34.85;0.4941329856584094;0.7839958158995816
3171907;Virgolândia (MG);3;4552;0.5402;33086401.45;1354.1936643233744;2437.2762214411246;31.14;0.5467210329595651;0.9645909645909646
3172004;Visconde do Rio Branco (MG);3;39160;0.6375;171263726.07;1200.8561700715015;1020.4692969867211;12.0;0.44859985943106573;0.653531497136624
3172103;Volta Grande (MG);3;4443;0.6267;34572769.53;2367.941057843799;2186.3953589916723;5.69;0.48993963782696176;0.8803088803088803
3172202;Wenceslau Braz (MG);2;2356;0.6604;25800154.5;2323.0961120543298;2222.1195161290325;95.16;0.47619047619047616;1.0596205962059622
3200102;Afonso Cláudio (ES);3;30684;0.6527;143155530.71;1373.0405908616867;1161.4778493677486;41.57;0.485692151261318;0.7279931093884582
3200136;Águia Branca (ES);0;9711;0.6668;71997240.58;2055.5213829677687;1340.917702605293;43.82;0.46272028920018077;0.6436597110754414
3200169;Água Doce do Norte (ES);0;12042;0.4964;66678759.84;1435.7674223550905;1033.0306734761666;58.43999999999999;0.5035584966912223;0.7002529510961214
3200201;Alegre (ES);3;29177;0.6385;151986508.78;903.6104184803098;1013.8880988449807;33.019999999999996;0.471579159731679;0.826171875
3200300;Alfredo Chaves (ES);3;13836;0.7609;96109887.09;1851.8658665799362;1657.6603057241975;26.849999999999998;0.4720714969677625;0.9469065379552435
3200359;Alto Rio Novo (ES);0;7434;0.5379;50501342.49;1458.6553443637342;1206.823508205542;45.41;0.4876926155693416;0.6749140893470791
3200409;Anchieta (ES);2;29984;0.6933;310133659.91;3031.240065701708;2143.802365261473;21.429999999999996;0.45144738115984123;0.5930987359070721
3200508;Apiacá (ES);3;7223;0.5165;45128811.93;1442.0087982832617;1428.2467741935484;25.64;0.4973051409618574;0.8669260700389105
3200607;Aracruz (ES);3;94765;0.7993;802115633.9;1452.482047380362;1461.7190714926396;11.35;0.4440821053594014;0.4207293291731669
3200706;Atílio Vivácqua (ES);2;10540;0.7381;79710219.55;2432.93829601518;1532.2180512333966;22.53;0.4681710544644101;0.5944022770398482
3200805;Baixo Guandu (ES);3;30674;0.6883;168065550.12;1452.976537132425;1205.2603892547434;15.47;0.48054831547446664;0.6693494299128102
3200904;Barra de São Francisco (ES);3;42498;0.6682;200090199.09;1158.2027918960891;971.0426817732599;33.88999999999999;0.47475448519970853;0.5768787459658828
3201001;Boa Esperança (ES);3;13608;0.6258;92577376.99;1758.8859773662552;1003.9088389182834;20.359999999999996;0.463855421686747;0.597037037037037
3201100;Bom Jesus do Norte (ES);3;10254;0.5911;60269708.22;1590.3584864443144;1406.114105714843;6.67;0.47116212338593977;0.7570893525949706
3201159;Brejetuba (ES);0;12985;0.6241;76939836.54;1722.3562156334233;1281.084959568733;41.56;0.435599778883361;0.3709116214335421
3201209;Cachoeiro de Itapemirim (ES);3;185786;0.7348;821319629.39;1164.776810793063;628.4243011314093;6.05;0.43851770408281776;0.6556552752360628
3201308;Cariacica (ES);3;353491;0.6602;1354630933.97;1189.5592080986505;450.37620157231726;15.25;0.447392988461507;0.4945696777370466
3201407;Castelo (ES);3;36930;0.7429;184588375.03;1482.6923560790683;1107.3649916057407;24.769999999999996;0.43713273923026036;0.7987189751801441
3201506;Colatina (ES);3;120033;0.7535;624829634.04;1396.1842170903;1936.290152791316;10.399999999999999;0.43087211520122065;0.6936882058010403
3201605;Conceição da Barra (ES);3;27458;0.6306;167415990.72;1853.6945378396097;1073.8091270303737;39.080000000000005;0.49374387988249374;0.49620837454665345
3201704;Conceição do Castelo (ES);3;11937;0.6244;75162091.51;1855.049164781771;1018.7974290022619;19.509999999999998;0.4635850907307504;0.6671075837742504
3201803;Divino de São Lourenço (ES);3;5083;0.5108;40203587.96;1423.6095888254968;1511.8745209521937;37.91;0.4423950056753689;0.5715725806451613
3201902;Domingos Martins (ES);3;35416;0.7389;219347574.53;1804.5889434154055;1070.097182346962;31.08;0.4281221016976491;0.6785770750988143
3202009;Dores do Rio Preto (ES);3;6596;0.6165;52948638.66;1974.5193617343843;1362.351149181322;36.95;0.4483970136144049;0.615506329113924
3202108;Ecoporanga (ES);0;21992;0.5745;116960295.44;1412.8097058021099;1168.933754547108;43.21999999999999;0.47994616419919245;0.7189684261267776
3202207;Fundão (ES);3;18014;0.6786;120588071.75;1522.668556678139;1132.425909847896;28.95;0.4712512250898399;0.6768381284510316
3202256;Governador Lindenberg (ES);3;11009;0.6669;65775064.78;1510.9577391225362;1705.819393223726;41.25;0.44399265477439664;0.65283203125
3202306;Guaçuí (ES);3;29358;0.6201;141210794.1;1396.542808433817;931.8277651747395;18.560000000000002;0.501764796153256;0.6693328795098706
3202405;Guarapari (ES);3;124656;0.6329;516625443.54;1366.6666588852522;581.887863400077;20.279999999999998;0.44758631100995205;0.6089751617616364
3202454;Ibatiba (ES);3;25380;0.6319;103931266.85;1404.842905437352;748.5164432624113;32.18;0.45636081941814427;0.5174585002862049
3202504;Ibiraçu (ES);3;11723;0.6869;77225863.01;1336.4254934743667;1364.9186564872473;18.900000000000002;0.4681277395115842;0.6583850931677019
3202553;Ibitirama (ES);0;9520;0.4946;56870680.09;2371.1644390756305;1145.0556575630253;46.440000000000005;0.476197860133354;0.43370681605975725
3202603;Iconha (ES);3;12326;0.757;86201273.95;1539.914533506409;1603.120089242252;38.38000000000001;0.43292257614508256;0.9048593350383631
3202652;Irupi (ES);0;13710;0.5252;74317530.3;1548.8090320933627;1008.7280080233406;37.3;0.45510507323285926;0.4904414320472715
3202702;Itaguaçu (ES);3;13589;0.6284;79394512.09;1437.9761512988448;1318.7924990801382;21.82;0.4947750522494775;1.0529438612505706
3202801;Itapemirim (ES);2;39832;0.6334;504138274.88;2912.2969680156657;2478.4654709781084;44.26000000000001;0.47783178124884057;0.5275767999051121
3202900;Itarana (ES);3;10597;0.6996;67481751.12;1493.752731905256;1637.2309200717186;50.57;0.4759052924791086;1.0485611510791366
3203007;Iúna (ES);3;28590;0.6083;133051605.12;1406.5230017488632;962.2615767750962;33.61;0.4607602697731453;0.4990026595744681
3203056;Jaguaré (ES);3;28931;0.6901;191409173.02;2059.0050547855244;1731.5175517610867;30.39;0.46895151053566897;0.3776849642004773
3203106;Jerônimo Monteiro (ES);3;11575;0.6335;63957665.68;1271.04136587473;1140.8417831533477;14.4;0.4974126778783959;0.7992512868507253
3203130;João Neiva (ES);3;14079;0.7669;116910423.72;1643.901988777612;1426.2097748419633;14.27;0.48122041031036294;0.8753587535875359
3203163;Laranja da Terra (ES);0;11094;0.6247;68895854.41;2129.586859563728;1606.1057896160085;43.589999999999996;0.4684315023163468;1.029243119266055
3203205;Linhares (ES);3;166786;0.7523;1037827561.5;1536.8055398534648;1739.9943742880096;13.469999999999999;0.4307061487784793;0.4152432493376177
3203304;Mantenópolis (ES);3;12770;0.5511;65937464.7;1301.2830845732185;770.9408778386844;39.010000000000005;0.503060263653484;0.6879936808846762
3203320;Marataízes (ES);3;41929;0.6091;448499529.42;3182.3727000405447;1870.1357060745545;22.53;0.4776740088105727;0.6294782399615292
3203346;Marechal Floriano (ES);3;17641;0.7276;108019434.75;1719.6701048693383;964.3329408763676;30.19;0.44515441959531415;0.5759860788863109
3203353;Marilândia (ES);3;12387;0.7432;77563330.84;1593.3551352224106;1534.7530257528053;31.019999999999996;0.4465724629218732;0.8358137301968315
3203403;Mimoso do Sul (ES);3;24475;0.5495;130277200.24;1271.9855472931563;1305.314033094995;44.35;0.45675852627819774;0.8389647735442128
3203502;Montanha (ES);3;18900;0.6863;98998317.57;1843.3697989417988;1510.2625047619047;16.78;0.49030121431950796;0.6025773195876288
3203601;Mucurici (ES);3;5466;0.5516;48870590.52;2143.4352616172705;2585.1547969264548;17.46;0.48049837486457203;0.7495069033530573
3203700;Muniz Freire (ES);0;18153;0.6412;110306711.92;1597.4958623918913;1172.9175089516887;60.51;0.4807896239497512;0.6509803921568628
3203809;Muqui (ES);3;13745;0.616;71644173.37;1472.866215351037;1249.0771727901054;33.68;0.47763921737260806;0.7764894042383047
3203908;Nova Venécia (ES);3;49065;0.6593;239398753.83;1550.78194069092;1069.7783026597372;31.76;0.43750732450486346;0.6114168555087947
3204005;Pancas (ES);0;18893;0.5989;100670370.21;1555.9496056740593;1148.3613396496057;50.690000000000005;0.4724495362793235;0.7344778254649499
3204054;Pedro Canário (ES);3;21522;0.5954;120873135.18;1213.077406839513;1204.941779109748;15.1;0.4810074318744839;0.45564348188254894
3204104;Pinheiros (ES);3;23915;0.6209;123273122.8;1785.059680535229;1138.7462964666527;15.24;0.4807132685282645;0.5137453694677325
3204203;Piúma (ES);3;22300;0.6263;117774878.92;1895.053959192825;1193.7814278026906;13.460000000000003;0.4649848902903692;0.5891333632689717
3204252;Ponto Belo (ES);2;6497;0.5314;51869789.21;2055.9425319378174;1841.2615499461292;21.36;0.5524492234169653;0.7370398196844478
3204302;Presidente Kennedy (ES);2;13696;0.643;534023886.48;8012.369334842289;5436.761193049065;60.14;0.49177649493519227;0.5161182001343183
3204351;Rio Bananal (ES);0;19274;0.6294;140838481.9;1959.1709556916053;1320.4881238974785;49.24;0.45004513993379475;0.551750972762646
3204401;Rio Novo do Sul (ES);3;11069;0.6674;70418541.27;1404.5624284036498;1289.6414716776583;33.36;0.4804065801792163;0.7764589515331355
3204500;Santa Leopoldina (ES);0;13106;0.54;81065434.02;1378.677790325042;921.6925614222495;58.31000000000001;0.46452117555034084;0.7547488391726467
3204559;Santa Maria de Jetibá (ES);3;41636;0.6746;241279585.79;1493.6053883658374;1144.5252896531847;41.5;0.41182055542368856;0.45903411821239787
3204609;Santa Teresa (ES);3;22808;0.7574;140765263.83;1540.1529437039637;1638.8516494212558;27.069999999999997;0.4600857819601818;0.8938076416337286
3204658;São Domingos do Norte (ES);0;8589;0.6413;66409933.18;2348.626359296775;1564.6148457329143;60.2;0.43269391159299414;0.6811406351263772
3204708;São Gabriel da Palha (ES);3;32252;0.7225;172520021.08;1024.6089864194469;1337.7727285129604;20.62;0.43304007820136853;0.6289486879491893
3204807;São José do Calçado (ES);3;10878;0.6032;83062443.97;1434.0497802904945;1337.9752086780659;22.75;0.5316812165587158;0.8767395626242545
3204906;São Mateus (ES);3;123752;0.6478;487754646.55;1301.4179747398023;754.9483773191544;27.23;0.4273257825655694;0.4657593860030858
3204955;São Roque do Canaã (ES);3;10886;0.7132;69919039.96;1700.1027723681793;1313.83033804887;45.150000000000006;0.4476063829787234;1.0179856115107915
3205002;Serra (ES);3;520653;0.733;2151260740.27;1141.6837671923527;733.1186200213962;5.63;0.4168469520209648;0.3947770979020979
3205010;Sooretama (ES);3;26502;0.6572;149713779.44;1727.2036423666138;1164.3692181722133;23.94;0.4720879853357774;0.3234194954842728
3205036;Vargem Alta (ES);3;19563;0.6202;126037538.83;2128.520062873792;1130.4634386341563;55.970000000000006;0.4458980044345898;0.6126704089815558
3205069;Venda Nova do Imigrante (ES);3;23831;0.8202;138154657.91;1400.061269355042;1608.8339629054594;9.139999999999999;0.4075364715610419;0.6113965436711817
3205101;Viana (ES);3;73423;0.7249;451209487.95;1592.4812348991459;891.4563549568936;14.680000000000001;0.4087028261161528;0.4204174168166967
3205150;Vila Pavão (ES);0;8911;0.6084;57134739.22;1720.75943665133;1044.8921119964089;65.64;0.43563718382471406;0.5962219598583235
3205176;Vila Valério (ES);0;13728;0.6587;93048514.95;2046.618760198135;1386.2153751456874;56.870000000000005;0.4237710018668326;0.5601374570446735
3205200;Vila Velha (ES);3;467722;0.7325;1771236738.98;1183.767774767918;573.73863566392;5.18;0.41374932746540605;0.6808782356697284
3205309;Vitória (ES);3;322869;0.8113;2765813192.63;1882.7438373457965;1096.7332801848427;0.22000000000000003;0.4409999152009069;0.8519698616785996
3300100;Angra dos Reis (RJ);3;167434;0.6339;2402544976.36;1697.640177323602;2874.1036953665325;14.82;0.43145133711784417;0.49043118724158297
3300159;Aperibé (RJ);2;11034;0.6745;101145435.78;1908.150970636215;3088.7709235091534;12.670000000000002;0.4575957727873184;0.8386411889596603
3300209;Araruama (RJ);3;129671;0.6195;822224082.1;1820.9237648356225;1422.340899661451;8.68;0.49740753143873345;0.7931063192073933
3300225;Areal (RJ);3;11828;0.6826;146804918.19;1678.7350938451134;2391.086636794048;45.410000000000004;0.4680402134789624;0.6708019494904741
3300233;Armação dos Búzios (RJ);2;40006;0.6854;586702441.06;3459.5967699845023;3521.8411855721642;8.07;0.4013591144738686;0.4773078906652914
3300258;Arraial do Cabo (RJ);2;30986;0.6256;498997254.64;3108.8388914348416;4023.421984444588;3.11;0.4566566378337721;0.7601014676571842
3300308;Barra do Piraí (RJ);3;92883;0.5953;357346815.02;875.0337564462818;1430.8634731866973;16.470000000000002;0.47440354302585835;0.7912970510668904
3300407;Barra Mansa (RJ);3;169894;0.6537;824328574.07;1043.9235691077965;1530.4120317962966;16.369999999999997;0.44630026900943237;0.7893443462234206
3300456;Belford Roxo (RJ);3;483087;0.3535;1149927003.01;746.7135546185262;820.6372234814847;10.32;0.42339786086802794;0.474616971276694
3300506;Bom Jardim (RJ);3;28102;0.6081;160515197.85;1088.8719318909687;1368.1998202974878;38.209999999999994;0.45282531148218996;0.7211632933778739
3300605;Bom Jesus do Itabapoana (RJ);3;35173;0.623;221239401.71;1467.0581963437864;3293.2557470218635;15.95;0.48937161246612465;0.8179959100204499
3300704;Cabo Frio (RJ);3;222161;0.6198;1319466671.5;1398.8247279225427;1790.9470061351901;4.96;0.4646980095861601;0.6418355462380619
3300803;Cachoeiras de Macacu (RJ);3;56943;0.5375;431928583.92;1871.0635284407215;2482.114839752033;19.02;0.45307236909257936;0.6895042344656961
3300902;Cambuci (RJ);3;14616;0.5694;123807481.98;1425.4177415161469;2221.1618842364533;39.13;0.4792025098674223;1.061384414453635
3300936;Carapebus (RJ);2;13847;0.6179;209475363.57;2677.3215266844804;2986.418712356467;23.599999999999998;0.4677761288954844;0.582287558264611
3300951;Comendador Levy Gasparian (RJ);2;8741;0.729;95126034.5;2396.3875677840065;2714.325153872555;22.41;0.47403035413153455;0.6752085816448152
3301009;Campos dos Goytacazes (RJ);3;483540;0.5848;3031580414.72;1203.099143276668;2271.8269293957064;22.15;0.45516593839153513;0.5902930383673126
3301108;Cantagalo (RJ);2;19390;0.6128;163910948.97;1402.62331923672;2493.761726147499;14.399999999999999;0.49464271949433436;0.8015160022459292
3301157;Cardoso Moreira (RJ);2;12958;0.5678;94473711.32;1978.6720967741937;2310.2041140608117;38.21;0.5207135312756719;0.8603773584905661
3301207;Carmo (RJ);3;17198;0.6716;142228907.02;;;11.28;0.4735669608431154;0.8447930574098799
3301306;Casimiro de Abreu (RJ);3;46110;0.6009;569567919.9;2623.4650346996314;2130.4472838863585;5.409999999999999;0.4711418817598826;0.5503412073490813
3301405;Conceição de Macabu (RJ);3;21104;0.559;152325047.29;1416.6827203373768;1694.2352980477633;33.43;0.4761138700426663;0.6501818181818182
3301504;Cordeiro (RJ);3;20783;0.6561;142779255.12;1406.5253173266613;1858.0126141558003;9.14;0.47932237169905334;0.8102150537634408
3301603;Duas Barras (RJ);3;10980;0.4783;101051441.22;;;58.0;0.46497665110073383;0.7049902152641878
3301702;Duque de Caxias (RJ);3;808161;0.5355;3929445800.64;1050.468965824879;2155.3448505186466;8.309999999999999;0.4397278601319369;0.5343855483100947
3301801;Engenheiro Paulo de Frontin (RJ);3;12242;0.6258;114953293.38;1966.3583679137396;2595.624673256004;47.54999999999999;0.4636537541846007;0.9805924412665986
3301850;Guapimirim (RJ);3;51696;0.5793;553054947.63;2029.7828924868463;1831.6471914654903;16.41;0.44997615908899674;0.5501980867716688
3301876;Iguaba Grande (RJ);2;27920;0.5832;367285094.21;2807.6009344555873;2404.0090107449855;6.75;0.5224385190032171;0.9869348817917877
3301900;Itaboraí (RJ);3;224267;0.5359;1015046953.77;1209.8868529476024;954.3184917531336;20.12;0.43178089188240176;0.5833684506250878
3302007;Itaguaí (RJ);3;116841;0.6365;996892945.01;2061.4180979279536;2196.153743035407;13.08;0.4562892611426862;0.4938790500285644
3302056;Italva (RJ);2;14073;0.5775;113700986.49;1372.8620976337666;2498.161915014567;13.34;0.5061001712328768;1.060566448801743
3302106;Itaocara (RJ);3;22919;0.6128;143413537.86;1351.3632972642788;1604.5445054321742;20.37;0.4895041268603367;1.074931129476584
3302205;Itaperuna (RJ);3;101041;0.719;514852700.69;972.9478928355816;1924.0025638107302;7.1499999999999995;0.4464183463124141;0.8252853380158033
3302254;Itatiaia (RJ);3;30908;0.6424;378538135.26;2121.9904218972433;2302.473259026789;11.450000000000001;0.4317213266629609;0.6063426404688038
3302270;Japeri (RJ);3;96289;0.4096;365448276.94;1314.2575965063506;960.3113544641652;24.730000000000004;0.39826902690849947;0.38718324819179606
3302304;Laje do Muriaé (RJ);2;7336;0.6188;88479925.84;1789.4719124863684;3179.486207742639;26.21;0.464563785186664;0.8366219415943172
3302403;Macaé (RJ);2;246391;0.721;3949268272.25;2623.100330815654;4011.578237557378;8.52;0.42133347177996217;0.40581272254835915
3302452;Macuco (RJ);2;5415;0.6162;83134351.04;2479.124409972299;4566.330576177285;7.7299999999999995;0.47950819672131145;0.7038834951456311
3302502;Magé (RJ);3;228127;0.5361;1288192696.59;1699.2941157776152;1520.8963240212688;24.659999999999997;0.45453907853963965;0.5406509336099585
3302601;Mangaratiba (RJ);2;41220;0.6404;524170881.93;2475.362369966036;2706.3301972343525;24.770000000000003;0.4503360191407762;0.7523274917853231
3302700;Maricá (RJ);2;197277;0.6431;6273535024.38;3356.019449961222;3897.1163641478734;8.559999999999999;0.44689574241813046;0.7254835329765242
3302809;Mendes (RJ);2;17502;0.6423;146168376.14;1781.9308787567134;2840.8418506456405;26.77;0.4728603887907094;0.9496877168632893
3302858;Mesquita (RJ);3;167127;0.5173;543093198.84;903.013617668001;986.5890198471819;2.7399999999999998;0.4369470453197142;0.6370313103981445
3302908;Miguel Pereira (RJ);2;26582;0.6734;290802165.87;1857.858323301482;5440.772806786547;10.76;0.5062330009066183;1.1045936395759717
3303005;Miracema (RJ);2;26881;0.6623;180104706.46;1353.3640761132397;1972.5059558796177;5.52;0.48513812154696134;0.7547961630695443
3303104;Natividade (RJ);2;15074;0.609;123796096.72;1334.7617520233514;2167.157686745389;24.06;0.5024419415927439;0.9225781845919145
3303203;Nilópolis (RJ);3;146774;0.5388;391689711.41;760.0675691880034;732.1610076035265;1.12;0.438791514723758;0.8287371818441802
3303302;Niterói (RJ);2;481749;0.7145;6033423147.17;1460.512307778532;1960.2162137544656;3.89;0.46673466281016895;1.181540037853453
3303401;Nova Friburgo (RJ);3;189939;0.7022;796938348.52;1002.111460100348;1493.6946765540517;8.79;0.44905323547811227;0.9258277712341316
3303500;Nova Iguaçu (RJ);3;785867;0.4822;2240174228.14;562.7808265011764;875.2454440255158;9.53;0.4349541686447796;0.5579776971123974
3303609;Paracambi (RJ);3;41375;0.5578;261909753.94;1356.7066143806646;2187.830265619335;23.159999999999997;0.4179718290551424;0.7591230347612866
3303708;Paraíba do Sul (RJ);3;42063;0.6809;255956728.79;1393.9233010008797;1446.173213275325;14.03;0.48297137216189534;0.7128032008002001
3303807;Paraty (RJ);3;45243;0.6446;491823882.55;2127.0566271025355;2826.971859293151;12.99;0.4112857944974733;0.44588222392806226
3303856;Paty do Alferes (RJ);3;29619;0.5624;226495750.3;1935.2741976434047;2054.662135115973;27.299999999999997;0.471824686940966;0.6541811846689896
3303906;Petrópolis (RJ);3;278881;0.7142;1686057470.06;1186.0107831297219;2366.1541437387273;15.76;0.4672232919810179;0.9290772438960814
3303955;Pinheiral (RJ);3;24298;0.656;204378388.88;1267.585030043625;1949.2516630998434;5.65;0.4556673855739276;0.6459640770396018
3304003;Piraí (RJ);2;27474;0.7034;351826315.23;2228.1097230108467;3793.709016888695;12.049999999999999;0.4648893628365769;0.6920240636522415
3304102;Porciúncula (RJ);3;17288;0.5567;134978317.73;1359.5724230680241;2285.2238032161035;19.530000000000005;0.485733929185287;0.7210718635809987
3304110;Porto Real (RJ);3;20373;0.7411;244852142.32;2452.229414911893;3982.5728405242235;2.6299999999999994;0.42398825749633046;0.4480783003103366
3304128;Quatis (RJ);3;13682;0.5567;64213018.12;2200.6063346002047;1713.3849693027335;10.690000000000001;0.4601921024546425;0.6458015267175573
3304144;Queimados (RJ);3;140523;0.4711;513313536.94;954.2133733979491;1025.8447344562812;9.04;0.43336699409406654;0.4684778100373289
3304151;Quissamã (RJ);3;22393;0.5801;120724461.91;740.159070691734;1061.252165408833;7.590000000000001;0.48356963031668215;0.5778210116731517
3304201;Resende (RJ);3;129612;0.7142;950983681.54;1506.279188578218;2438.2060073141374;4.089999999999999;0.4231347790282734;0.6467395949064183
3304300;Rio Bonito (RJ);3;56276;0.6207;347272336.76;1715.199742696709;2949.4307884355676;14.91;0.44701859041937725;0.7341645885286783
3304409;Rio Claro (RJ);2;17401;0.6032;230101422.68;2219.009390264928;3203.0658180564333;36.050000000000004;0.45969297877694826;0.7757615035644848
3304508;Rio das Flores (RJ);2;8954;0.6845;112924476.03;3469.3147945052488;3779.895919142283;22.1;0.46522664048437246;0.6557949912638322
3304524;Rio das Ostras (RJ);3;156491;0.6549;1095412973.57;1554.2754693880158;1889.4616687860644;3.31;0.431664943690706;0.4933063265499889
3304557;Rio de Janeiro (RJ);3;6211223;0.7662;33205920637.43;985.0312383954014;1218.1247700815122;4.0;0.44899638848692275;0.8644310138225189
3304607;Santa Maria Madalena (RJ);2;10232;0.5869;118308081.52;2107.203883893667;2707.8614611024236;39.040000000000006;0.5154028436018957;0.970554926387316
3304706;Santo Antônio de Pádua (RJ);3;41325;0.6232;255107454.65;1150.699345432547;1767.397688324259;11.03;0.4715308193569063;0.8409564854719866
3304755;São Francisco de Itabapoana (RJ);0;45059;0.4822;263394025.71;1861.6783022259701;1338.6121545085332;95.11999999999999;0.48337503292072687;0.6038230475150191
3304805;São Fidélis (RJ);3;38961;0.5382;221511994.44;1569.5077225943892;1558.6644044044044;24.33;0.48893644666946917;0.8316392269148175
3304904;São Gonçalo (RJ);3;896744;0.481;2457834873.81;503.6501983620744;875.1477010161205;12.55;0.4234280281084273;0.7815972964308613
3305000;São João da Barra (RJ);2;36573;0.6225;817367852.78;3207.220326196921;4767.716320236241;36.17;0.45303933253873657;0.6915887850467289
3305109;São João de Meriti (RJ);3;440962;0.469;986963158.89;524.4957025548687;842.0911190079872;2.15;0.43545588603906993;0.6084771237900559
3305133;São José de Ubá (RJ);2;7070;0.5283;85796173.9;1747.6069999999997;3311.289315417256;25.470000000000002;0.47260987294313683;0.8829875518672199
3305158;São José do Vale do Rio Preto (RJ);3;22080;0.6074;139119849.05;2012.0876530797102;2015.5427119565218;24.39;0.4336731381079151;0.5667370396434436
3305208;São Pedro da Aldeia (RJ);3;104029;0.568;461876416.55;1304.79365792231;1024.5100339328458;5.64;0.4458311906714292;0.5763919602928891
3305307;São Sebastião do Alto (RJ);2;7750;0.5172;101708521.38;2001.3894051612904;3137.3998296774193;33.56;0.5045622209279752;0.8511396011396012
3305406;Sapucaia (RJ);3;17729;0.6587;176829823.71;1627.8994145185854;2008.8240436572846;20.79;0.46496446868286234;0.7931803696622052
3305505;Saquarema (RJ);2;89559;0.6183;2657891155.12;4869.162997688675;2934.1723659263725;11.85;0.49496719915869597;0.8392259024934872
3305554;Seropédica (RJ);3;80596;0.5436;463394608.28;2022.6017895429054;2198.8542749019803;19.43;0.4480057491915199;0.5267250352048001
3305604;Silva Jardim (RJ);2;21352;0.5809;320468122.75;2866.960123641813;3034.186608748595;21.7;0.47448380636696363;0.5901411710252257
3305703;Sumidouro (RJ);3;15206;0.5103;138381797.72;;;48.32;0.4239160970128289;0.56806373397991
3305752;Tanguá (RJ);3;31086;0.5199;182598310.74;1987.3837174290677;1858.7445554268802;20.3;0.4482180293501048;0.5638816644993498
3305802;Teresópolis (RJ);3;165123;0.6999;770098545.29;1293.9927920398734;1436.7370012051622;20.56;0.45520000705025954;0.7695707286991675
3305901;Trajano de Moraes (RJ);2;10302;0.5038;110417267.07;2251.240991069695;2195.949728208115;50.12;0.4742415569547796;0.8421345191773207
3306008;Três Rios (RJ);3;78346;0.6544;532820730.98;1300.5212877492152;2512.629038240625;16.73;0.4695753301320528;0.6983717774762551
3306107;Valença (RJ);3;68088;0.6525;370221483.07;1194.6577274997062;1778.4463701386442;20.88;0.4838189465425938;0.9066472002748196
3306156;Varre-Sai (RJ);3;10207;0.5032;107836660.72;1823.358715587342;2897.877028509846;31.46;0.46568064330844344;0.5376955903271693
3306206;Vassouras (RJ);3;33976;0.6649;302335868.24;1459.0089454320696;3078.5428328820344;22.830000000000002;0.4684069496067076;0.7775955387895687
3306305;Volta Redonda (RJ);3;261563;0.728;702207494.53;961.5618050718182;1994.366278449169;3.2999999999999994;0.451337794497897;0.8700370140469458
3500105;Adamantina (SP);3;34687;0.8188;268875962.04;3208.894572894744;1565.9815567791968;1.92;0.4627224424390655;1.082953682611997
3500204;Adolfo (SP);2;4351;0.7527;44259588.55;2305.152259250747;2957.804376005516;0.42;0.5018985157059026;0.8617157490396927
3500303;Aguaí (SP);3;32072;0.7801;163002453.98;1418.1860410950362;1001.5647178223996;3.8799999999999994;0.45122171945701356;0.6201462225832657
3500402;Águas da Prata (SP);3;7369;0.7591;48848158.5;1151.943752205184;1135.3135690052925;6.819999999999999;0.5622217511129955;1.3101045296167246
3500501;Águas de Lindóia (SP);3;17930;0.8031;132786516.59;2050.898925264919;2247.8523898494145;4.64;0.4671467146714671;1.0602670516059185
3500550;Águas de Santa Bárbara (SP);3;7177;0.7967;58294833.6;2357.6592266963917;1688.9844252473179;2.5200000000000005;0.5199068191444304;0.8403298350824587
3500600;Águas de São Pedro (SP);2;2780;0.8626;44629425.44;3934.1494784172664;3977.003553956835;0.0;0.6144018583042973;1.8907103825136613
3500709;Agudos (SP);3;37680;0.8008;224804259.92;1484.7844251592358;1740.5163309447983;1.27;0.4597861459786146;0.5996765062676911
3500758;Alambari (SP);3;6141;0.7115;41409300.99;1872.2573147695814;1298.9916349128807;33.059999999999995;0.4765568646309209;0.6232596232596233
3500808;Alfredo Marcondes (SP);3;4445;0.6937;34058191.48;1480.4899100112486;1436.2205466816647;4.580000000000001;0.5201778385772914;1.0172413793103448
3500907;Altair (SP);3;3451;0.7531;37448931.16;2145.350423065778;3290.5255751955956;9.0;0.46104995766299744;0.6525037936267072
3501004;Altinópolis (SP);3;16818;0.7558;106872227.9;1787.7530063027707;1726.5256451421096;3.08;0.4856890459363958;0.7775622373100549
3501103;Alto Alegre (SP);2;3841;0.6073;38234150.79;1553.6450950273365;2802.3502603488673;1.9200000000000002;0.5388621794871795;1.3269896193771626
3501152;Alumínio (SP);3;17301;0.7251;140303772.35;2257.1185879428936;1557.7220039304086;4.92;0.427121999505073;0.5153643546971027
3501202;Álvares Florence (SP);2;3915;0.7412;36436673.99;2056.9899642401024;2387.00148403576;24.85;0.5498812351543944;1.4283216783216783
3501301;Álvares Machado (SP);3;27255;0.6312;117339917.67;1350.009690332049;997.9465268758026;5.06;0.4581884329356375;0.6542399072822098
3501400;Álvaro de Carvalho (SP);3;4808;0.5904;32427265.76;1221.6898939267887;1586.1878431780367;1.9800000000000002;0.290045613093641;0.7435483870967742
3501509;Alvinlândia (SP);3;2885;0.6285;27864581.03;2076.314613518198;1927.1726863084923;0.7999999999999999;0.4719387755102041;0.6696750902527075
3501608;Americana (SP);3;237240;0.8631;1221342585.61;1017.2771416287303;1617.293830214129;0.97;0.4160454108644658;0.8000413191126721
3501707;Américo Brasiliense (SP);3;33019;0.7992;170812707.64;1722.461276537751;1888.891487931191;0.26;0.39138679364544265;0.48181238034460755
3501806;Américo de Campos (SP);3;5870;0.7223;43060157.29;2311.0605366269165;2013.7630885860308;9.099999999999998;0.48909183155758496;1.0911062906724511
3501905;Amparo (SP);3;68008;0.8349;484412905.75;1684.0521957710857;2273.201898600165;8.1;0.43938367761598374;0.9079128756548112
3502002;Analândia (SP);3;4589;0.7305;48193368.16;2531.9646328176077;2151.8149945521905;10.37;0.4713049054184033;0.6610169491525424
3502101;Andradina (SP);3;59783;0.7983;282771653.95;1078.136139872539;1182.4918471806366;4.039999999999999;0.44879313687475764;0.8341091413291076
3502200;Angatuba (SP);3;24022;0.7309;142864479.21;2027.6124881358758;1585.182700441262;22.44;0.46163675083662914;0.5922350472193074
3502309;Anhembi (SP);2;5674;0.6874;58027521.76;2907.8513464927737;2770.50281459288;15.780000000000001;0.4927650618258353;0.6008547008547008
3502408;Anhumas (SP);3;4023;0.5538;37103371.19;2059.608876460353;2058.1389783743475;7.7700000000000005;0.4795880838543582;0.7550471063257066
3502507;Aparecida (SP);3;32569;0.7904;192157021.86;1915.5644198470936;1596.4588550462097;2.86;0.44072370167212244;0.7680567879325644
3502606;Aparecida d'Oeste (SP);3;4086;0.7294;36326068.16;1505.45281938326;2039.698022515908;8.23;0.513894034827714;1.2516233766233766
3502705;Apiaí (SP);3;24585;0.7227;125819289.35;1536.8910111856821;1090.2899259711205;29.64;0.45249911378943636;0.5598778004073319
3502754;Araçariguama (SP);3;21522;0.7261;198971640.31;3655.2443787752068;1675.7604037728834;18.76;0.4360445719623674;0.38659028219817526
3502804;Araçatuba (SP);3;200124;0.8063;903736896.07;1162.1229415262537;1025.2891814075272;1.1;0.44098502304147463;0.8150134842782206
3502903;Araçoiaba da Serra (SP);3;32443;0.7635;181891652.14;2310.43753167093;979.2099799648615;19.75;0.45673746127250686;0.8616398243045388
3503000;Aramina (SP);3;5420;0.6064;40446647.02;1947.1738505535059;1839.0204261992621;3.65;0.47885402455661663;0.8130165289256198
3503109;Arandu (SP);3;6885;0.6495;59131342.75;1672.1805388525784;1805.2255875090777;7.85;0.4873622812702528;0.6125804145818442
3503158;Arapeí (SP);2;2330;0.6068;41153493.43;3666.6246394849786;3746.1573304721032;9.379999999999999;0.4793650793650794;0.8688118811881188
3503208;Araraquara (SP);3;242228;0.8591;1347668243.75;1203.2824362584013;2394.671590526281;0.61;0.42825639604474136;0.773737423073166
3503307;Araras (SP);3;130866;0.8348;783860236.95;1450.7553768740545;1365.5342616111136;1.58;0.4295889273658798;0.7407374618210792
3503356;Arco-Íris (SP);2;2044;0.595;27342465.06;2273.414227005871;2502.356819960861;0.6900000000000001;0.5174461766889383;0.7690355329949239
3503406;Arealva (SP);3;8130;0.6836;52969754.3;1589.1545301353015;1491.9021894218943;11.069999999999999;0.5345413363533409;1.0869565217391304
3503505;Areias (SP);2;3577;0.6275;48300831.74;2947.8439166899634;3235.4733883142294;19.65;0.48177299088649544;0.6879535558780842
3503604;Areiópolis (SP);3;10130;0.6584;52486238.59;1823.6952991115497;1100.820502467917;2.21;0.41224034574097307;0.44596577017114913
3503703;Ariranha (SP);3;7602;0.7411;66940281.46;2194.2071454880297;2178.308621415417;2.8800000000000003;0.44469783352337516;0.9370860927152318
3503802;Artur Nogueira (SP);3;51456;0.7989;260780030.65;1382.0742686955844;1372.639802938433;4.499999999999999;0.41374289089760147;0.5285221274868047
3503901;Arujá (SP);3;86678;0.7834;528443048.9;1631.9019715498744;1499.9208183160663;6.789999999999999;0.4165386501062265;0.4908750584932148
3503950;Aspásia (SP);2;1842;0.6749;24259866.39;1676.9347882736156;2694.429956568947;15.02;0.5324459234608985;1.006269592476489
3504008;Assis (SP);3;101409;0.8122;526173806.47;1698.629072271692;1029.4681194962973;1.21;0.44059152768701876;0.7709701364700509
3504107;Atibaia (SP);3;158647;0.8487;1020275552.15;1611.440482265659;1964.5936861711848;15.440000000000001;0.4503277354713083;0.6888370817334065
3504206;Auriflama (SP);3;13692;0.6817;81465067.88;1282.8287898042652;1528.773624744376;3.86;0.4632895158704713;0.9430748543254146
3504305;Avaí (SP);3;4483;0.6277;45749943.24;2101.058407316529;1935.9583292438099;6.48;0.48051519154557465;0.6515323496027242
3504404;Avanhandava (SP);3;11263;0.695;71836245.12;1527.475703631359;1565.6228944330996;0.0;0.3956629491945477;0.5568015602145295
3504503;Avaré (SP);3;92805;0.7743;453207722.5;1335.8337015247023;1185.9208086848769;2.79;0.4493081800293594;0.6532207090731483
3504602;Bady Bassitt (SP);3;27260;0.7584;127136829.16;1260.621113719736;1228.0622674247982;3.0099999999999993;0.4096597373047885;0.4829651815799326
3504701;Balbinos (SP);3;3887;0.6177;25763162.54;845.1899768458966;2183.6335554412144;5.72;0.14458186101295642;1.0543933054393306
3504800;Bálsamo (SP);3;9596;0.753;52666268.07;1318.0502949145477;1511.9705471029595;3.5599999999999996;0.4436587934406499;0.8795411089866156
3504909;Bananal (SP);3;9969;0.6576;60460258.65;1859.3629421205735;1625.9619781322099;9.13;0.46775618374558303;0.8154285714285714
3505005;Barão de Antonina (SP);3;3531;0.7056;34552852.07;1613.4085046728972;1970.5631464174453;8.23;0.5527704485488126;0.731404958677686
3505104;Barbosa (SP);3;5640;0.6714;42129253.6;1904.82169858156;2031.704368794326;5.36;0.4932486100079428;0.7138914443422263
3505203;Bariri (SP);3;31595;0.7848;167483775.31;1867.1984431080866;1579.5916129134357;2.63;0.472685746247786;0.8108928571428572
3505302;Barra Bonita (SP);3;34346;0.7892;215774920.36;1304.832677167647;1839.8539212717637;0.48;0.4239044815720741;1.0009784735812133
3505351;Barra do Chapéu (SP);3;5179;0.6236;40993678.54;2504.0705309905384;1817.3745027997684;46.31999999999999;0.4625811917537419;0.5124653739612188
3505401;Barra do Turvo (SP);0;6876;0.5983;57293332.18;1970.4789645142523;1722.1476119837116;36.08;0.5574178935447338;0.6798634812286689
3505500;Barretos (SP);3;122485;0.8222;1000432682.13;1478.2686417928726;3034.1839303588195;0.92;0.42912981588220195;0.7081881937671265
3505609;Barrinha (SP);3;32092;0.7047;141876465.5;1728.555045494204;1204.1929998130374;1.06;0.4095840470856942;0.37051734273956494
3505708;Barueri (SP);2;316473;0.8332;4843941780.51;4558.316273742152;3687.3868484831246;1.07;0.39122464589982325;0.38412367606575737
3505807;Bastos (SP);3;21503;0.7497;122271329.14;1298.6770297167839;1500.5632367576618;9.74;0.45585646580907246;0.734862148930688
3505906;Batatais (SP);3;58402;0.7707;290644356.09;1089.4514513201602;1632.0014446423068;1.37;0.4619505356964053;0.8293021411578113
3506003;Bauru (SP);3;379146;0.8277;1730679159.4;882.7596549877883;1167.4392638455897;1.7200000000000002;0.4279537656722545;0.7234533072454535
3506102;Bebedouro (SP);3;76373;0.8536;409573193.99;1290.3061701124743;1841.6966852159794;2.6099999999999994;0.4571662977943982;0.8086503623188406
3506201;Bento de Abreu (SP);2;2606;0.713;36204909.29;2348.524765924789;2623.971519570223;6.89;0.4748160724391624;0.6196911196911197
3506300;Bernardino de Campos (SP);3;11607;0.8077;67332336.41;1424.2651288015852;1752.9575463082622;6.54;0.450875;0.8944327731092437
3506359;Bertioga (SP);2;64188;0.674;848375497.24;2902.559252508257;1970.5863190939117;10.839999999999998;0.42716115261472787;0.4087109546854377
3506409;Bilac (SP);3;7319;0.7218;52950337.45;1383.1753873479984;1970.6994821696953;4.82;0.49519918283963227;0.9868852459016394
3506508;Birigui (SP);3;118979;0.7847;549035185.81;1100.072738466452;1294.3623482295195;1.76;0.43146408075363646;0.7245491704736715
3506607;Biritiba Mirim (SP);3;29683;0.6862;142030677.14;1294.0203554222956;866.3982181720177;17.25;0.4579076620825147;0.6154912493501993
3506706;Boa Esperança do Sul (SP);3;12978;0.6877;93554127.29;2446.729214054554;1875.1674996147328;2.08;0.46462024602189367;0.5524132730015083
3506805;Bocaina (SP);3;11259;0.662;71591081.16;1932.4634843236522;1295.2317266187051;3.23;0.44680030840400925;0.6895043731778425
3506904;Bofete (SP);3;10460;0.6561;71544204.06;2190.3498757170173;1264.8307093690248;15.79;0.5128724327451547;0.8536330371144799
3507001;Boituva (SP);3;61081;0.8106;370077019.38;2115.4921103125357;1341.939193202469;7.37;0.43416294904907254;0.5784037558685446
3507100;Bom Jesus dos Perdões (SP);3;22006;0.7624;144261232.08;1508.7045505771152;1685.8340907025356;8.8;0.4264601024178388;0.5418326693227091
3507159;Bom Sucesso de Itararé (SP);3;3555;0.6686;30698098.66;2314.8617974683543;2461.6067369901543;23.66;0.45102040816326533;0.34101941747572817
3507209;Borá (SP);2;907;0.7741;22960849.95;3394.9172657111358;5188.160771775083;7.449999999999999;0.5167224080267558;0.7166666666666667
3507308;Boracéia (SP);3;4715;0.785;41026111.62;2088.5520636267233;2144.2971876988336;3.7300000000000004;0.4734375;0.5506653019447287
3507407;Borborema (SP);3;14226;0.677;90664851.58;1301.1653599044005;2172.5394144524107;4.539999999999999;0.4602750975159105;0.962363238512035
3507456;Borebi (SP);2;2713;0.7373;40460809.85;3284.9873940287507;2738.726678953188;7.449999999999999;0.47205642973412915;0.46959459459459457
3507506;Botucatu (SP);3;145155;0.8512;692375288.58;1233.094942440839;1195.543199269746;1.6900000000000002;0.44145978152929494;0.7280183471973879
3507605;Bragança Paulista (SP);3;176811;0.836;891398394.3;1474.5174236897026;1192.2879405127508;5.28;0.41643701733585414;0.6975149397511674
3507704;Braúna (SP);3;5356;0.6576;38226530.43;1712.4389861837194;1838.522789395071;5.85;0.5202952029520295;0.7900390625
3507753;Brejo Alegre (SP);2;2565;0.61;32386700.66;2799.768881091618;2890.4071228070175;10.6;0.4590443686006826;0.8094170403587444
3507803;Brodowski (SP);3;25201;0.7351;142188989.98;1557.101221380104;1523.2755089083767;1.4000000000000001;0.44393514009052887;0.6640893470790378
3507902;Brotas (SP);3;23898;0.8023;170597226.57;1805.1159791614361;1929.3564503305713;3.6699999999999995;0.4448609431680774;0.7423632488752072
3508009;Buri (SP);3;20250;0.7151;126658163.2;2164.7380819753084;1242.4773022222223;15.589999999999998;0.4765932623596325;0.40892433714162535
3508108;Buritama (SP);3;17210;0.7413;115859977.13;1262.3175438698431;1889.9721853573506;3.51;0.48093967816883226;0.8469927296761401
3508207;Buritizal (SP);2;4356;0.7319;48343345.7;3156.6709848484847;2366.8034573002756;10.72;0.4821367812181014;0.8620236530880421
3508306;Cabrália Paulista (SP);3;4299;0.7571;37512066.92;1989.19486159572;1985.5798604326587;9.970000000000002;0.45040485829959515;0.654275092936803
3508405;Cabreúva (SP);3;47011;0.7531;396769332.71;2090.500897236817;1696.978431856374;10.71;0.4137796222783592;0.41277338535783964
3508504;Caçapava (SP);3;96202;0.7793;429906366.84;1207.4993336936861;1144.3800752583106;4.58;0.4441058588648543;0.6296683926407404
3508603;Cachoeira Paulista (SP);3;31564;0.624;128673823.13;1157.1488734000764;1014.7962035863643;5.83;0.46987054111949333;0.6906836461126006
3508702;Caconde (SP);3;17101;0.6422;88990955.81;1325.2227045202035;1244.7616753406235;23.779999999999998;0.49693627450980393;0.921150592216582
3508801;Cafelândia (SP);3;16654;0.6594;107562396.02;1711.6792836555783;1950.4217359192987;4.930000000000001;0.4912249283667622;0.7594611930724824
3508900;Caiabu (SP);3;3712;0.6729;36114581.67;1890.2095959051724;1878.4117860991378;4.640000000000001;0.48361310951239006;0.890625
3509007;Caieiras (SP);3;95032;0.7772;489297242.55;1324.2188131366277;984.0625180991666;6.06;0.4021689413500553;0.4933705895244357
3509106;Caiuá (SP);3;5466;0.5702;45799654.56;2446.621886205635;1759.8531430662279;29.46;0.33382137628111275;0.9106145251396648
3509205;Cajamar (SP);3;92689;0.7732;980304744.03;2714.8053638511583;1694.3341780578062;14.809999999999999;0.38999445135941696;0.319498706174844
3509254;Cajati (SP);3;28515;0.7409;186687754.53;1812.4140782044537;1504.4489661581622;9.14;0.4846149841203728;0.47792950142902507
3509304;Cajobi (SP);3;9133;0.7243;59080134.8;1539.0743676776524;1809.6671674148693;2.9899999999999998;0.46785599485695917;0.9316522893165229
3509403;Cajuru (SP);3;23830;0.6904;118783518.18;1397.7955035669324;1632.5656600923205;5.31;0.4588307315580043;0.6519726691646462
3509452;Campina do Monte Alegre (SP);3;5954;0.6555;39264947.0;2095.9608901578767;1500.9967484044341;4.65;0.46469864698646984;0.694170403587444
3509502;Campinas (SP);3;1139047;0.8417;7544272785.17;1489.1981555194825;1481.4895361648817;3.7899999999999996;0.4214704311407734;0.7693182175375363
3509601;Campo Limpo Paulista (SP);3;77632;0.6978;355791075.03;1520.0720418126546;1043.7601071723002;10.389999999999999;0.4331708757938266;0.553701496490531
3509700;Campos do Jordão (SP);3;46974;0.8394;333121885.67;2232.2885208838934;1438.7152386426535;7.929999999999999;0.4158177105310748;0.5361318338715065
3509809;Campos Novos Paulista (SP);3;4888;0.6698;45418109.52;2094.7512172667757;2073.7999856792144;15.33;0.48211036992116435;0.6754478398314014
3509908;Cananéia (SP);3;12289;0.5499;96109218.42;1572.1149003173568;2002.1665749857596;5.37;0.49283284742468414;0.6904166666666667
3509957;Canas (SP);3;4931;0.5902;36612147.6;2303.674733319813;1316.7639545731088;9.460000000000003;0.4571513002364066;0.41537053979871913
3510005;Cândido Mota (SP);3;29449;0.7749;183209329.3;1291.1801884614079;1206.5839536147237;3.5899999999999994;0.468851314280014;0.8059558117195005
3510104;Cândido Rodrigues (SP);2;2889;0.7914;31998003.53;2662.3074212530287;2161.173028729664;8.89;0.46501014198782964;1.2365853658536585
3510153;Canitar (SP);3;6283;0.6296;37553465.39;1877.3303501512016;1725.2783558809485;2.36;0.43382017343678686;0.34822695035460993
3510203;Capão Bonito (SP);3;46337;0.7111;237788073.91;1820.271159548525;1252.3769467164468;15.809999999999999;0.4484386233628208;0.5808264462809918
3510302;Capela do Alto (SP);3;22866;0.6727;110803622.29;1871.3727866701654;942.4816181229774;14.689999999999998;0.403597078141305;0.501827318410233
3510401;Capivari (SP);3;50068;0.7331;320655719.48;1552.9286334584963;1523.9391805145003;3.32;0.4270485962662106;0.5992101611698154
3510500;Caraguatatuba (SP);3;134873;0.7914;1223954812.07;2034.845021168062;1941.3036545490945;5.890000000000001;0.46273561373446415;0.5776298761323719
3510609;Carapicuíba (SP);3;386984;0.6269;933328581.05;501.3824352169599;591.6220210137888;8.53;0.41159305044374006;0.459690564280355
3510708;Cardoso (SP);3;11345;0.6933;79285813.48;1464.2475434111943;1486.6726231820185;5.1;0.521593347639485;1.1332967635765223
3510807;Casa Branca (SP);3;28083;0.803;174654224.69;1751.9687173734999;1346.3252216643523;7.030000000000001;0.44578871499176276;0.783154859967051
3510906;Cássia dos Coqueiros (SP);2;2799;0.74;31262251.57;3000.7915576991786;2141.932808145766;26.849999999999998;0.48173636844891476;1.0871559633027523
3511003;Castilho (SP);3;19977;0.7221;170771715.22;2116.5344736446914;2144.8045667517645;14.609999999999998;0.48561017327284894;0.6895213454075032
3511102;Catanduva (SP);3;115791;0.8269;674805690.73;1492.5100470675613;1552.9601344664093;0.5700000000000001;0.4493078328785641;0.866233428645698
3511201;Catiguá (SP);3;7003;0.6388;39502050.36;1273.495981722119;1626.9757232614595;3.5500000000000003;0.4376924656128105;0.7319252640129975
3511300;Cedral (SP);3;12618;0.7876;75149599.16;1819.7532667617688;1652.5355999365984;4.34;0.44486430779800756;0.703200350723367
3511409;Cerqueira César (SP);3;21469;0.699;118573099.9;1314.8767134007173;1292.39962643812;7.580000000000001;0.44261523988711193;0.6089399120664387
3511508;Cerquilho (SP);3;44695;0.8257;265556742.54;1768.9438961852557;1503.4534068687772;4.33;0.4306520277840018;0.7060613745878772
3511607;Cesário Lange (SP);3;19048;0.7435;103030496.67;1915.5965802183955;1375.5012284754305;21.23;0.4342293501995332;0.5873933388384256
3511706;Charqueada (SP);3;15535;0.6866;94926581.4;1875.44467718056;1238.3834451239138;14.53;0.4471355379599441;0.606425702811245
3511904;Clementina (SP);3;6982;0.6946;42965744.86;1656.6133715267833;1808.940945287883;1.56;0.4748626953950148;0.5830985915492958
3512001;Colina (SP);3;18486;0.7671;146825255.24;2263.9750546359405;2302.4817126474086;0.9299999999999999;0.45193213949104616;0.6854130052724078
3512100;Colômbia (SP);2;6629;0.7936;79027745.45;3474.091719716398;2731.2219942676124;5.37;0.4740938403380031;0.5449275362318841
3512209;Conchal (SP);3;28101;0.6935;167694628.55;1443.8581029144873;1319.514742891712;4.85;0.43452958292919497;0.5012345679012346
3512308;Conchas (SP);3;15232;0.7267;95312170.9;2355.2340336134457;1454.0965579044118;12.729999999999999;0.4911404796867352;0.8343692870201097
3512407;Cordeirópolis (SP);2;24514;0.7601;262048536.04;2454.1116064289795;2977.251293954475;5.11;0.4250668526915475;0.5419654154365247
3512506;Coroados (SP);3;5400;0.7169;42936757.01;1844.298007407407;1741.690775925926;5.94;0.4721919302071974;0.7442094662638469
3512605;Coronel Macedo (SP);2;4280;0.6633;42633449.52;1737.579696261682;1734.8274088785047;8.819999999999999;0.479433114414103;0.8819538670284939
3512704;Corumbataí (SP);2;4195;0.7434;44617830.54;2789.7413373063173;2264.9384362336114;18.450000000000003;0.4435650378527185;0.5933250927070457
3512803;Cosmópolis (SP);3;59773;0.7152;300638673.02;1826.8176373948104;1335.4494758503001;3.98;0.41367484981788943;0.5607209779602035
3512902;Cosmorama (SP);3;8719;0.7301;58163695.81;2223.004349122606;1502.3004530336048;7.8;0.49785260264559356;0.906578947368421
3513009;Cotia (SP);3;274413;0.7517;1475427533.61;1446.3698168089702;767.7346150145947;14.700000000000001;0.4166834451035359;0.4023455824863174
3513108;Cravinhos (SP);3;33281;0.7229;215786846.11;1454.4575703855055;1368.236408461284;1.21;0.4145874952182599;0.6857932941583131
3513207;Cristais Paulista (SP);3;9272;0.6817;50613021.73;1840.204180327869;1371.6667935720448;6.07;0.45420326223337515;0.5920835623969214
3513306;Cruzália (SP);2;2108;0.7466;31594867.66;2454.733690702087;3104.053629032258;13.139999999999999;0.485553206483439;1.0205278592375366
3513405;Cruzeiro (SP);3;74961;0.6944;348234809.27;1078.5832676992036;1744.9367556462694;4.329999999999999;0.45929372371904686;0.7431104543775398
3513504;Cubatão (SP);2;112476;0.6993;1726985751.24;2431.280296240976;1887.0826681247556;20.279999999999998;0.4177527919933446;0.454808831921338
3513603;Cunha (SP);3;22110;0.6359;110053177.56;1612.887298055179;1086.5583894165536;38.24;0.44547594142259417;0.8401296246286795
3513702;Descalvado (SP);3;31756;0.7803;192378008.27;1796.1199530797328;1475.9454150396775;3.38;0.44773193526327787;0.8505747126436781
3513801;Diadema (SP);3;393237;0.7675;1704674914.9;1086.7752127088752;1334.6642353339082;0.54;0.37687061014978884;0.5025056884012452
3513850;Dirce Reis (SP);2;1620;0.6865;26840727.85;1983.4212222222222;2985.420672839506;13.71;0.5097856477166822;1.1792828685258965
3513900;Divinolândia (SP);3;11158;0.7669;70356772.59;1190.476753898548;959.2105574475713;34.39;0.45818086774699424;1.0794780545670226
3514007;Dobrada (SP);3;8759;0.6628;39921959.38;1299.4069494234502;1269.0123324580434;1.47;0.4230706742485784;0.44988864142538976
3514106;Dois Córregos (SP);3;24510;0.7266;141106912.43;1882.6632953896371;1578.9600171358627;1.12;0.480430055568978;0.6801858893113646
3514205;Dolcinópolis (SP);2;2207;0.7142;25779353.06;2201.4883642954237;2138.920462165836;6.54;0.4510190664036818;1.0058479532163742
3514304;Dourado (SP);3;8096;0.7659;60903634.5;2173.6406793478263;1851.3573381916997;0.28;0.4398008180686466;1.0073051948051948
3514403;Dracena (SP);3;45474;0.8143;217963417.7;1481.6898539824956;1428.7552482737387;3.7899999999999996;0.45530770954011585;0.9922979974793447
3514502;Duartina (SP);3;12328;0.7152;72959769.66;1524.3393389033097;1372.8530710577547;2.81;0.48601735776277727;1.0456621004566211
3514601;Dumont (SP);3;9471;0.8196;56368459.63;1842.4215478830113;1485.3853795797697;0.7;0.39095315024232635;0.5732860520094563
3514700;Echaporã (SP);3;6205;0.6991;39086139.55;2372.7180902497985;1598.0946349717972;10.51;0.5027851780092032;0.743073047858942
3514809;Eldorado (SP);3;13069;0.6528;83890657.4;1741.5113979646492;1413.912637539215;24.02;0.5422468727873495;0.5576271186440678
3514908;Elias Fausto (SP);3;17699;0.6962;111739224.36;2255.6880998926495;1525.702130628849;7.349999999999999;0.4297600775506907;0.5178316690442225
3514924;Elisiário (SP);3;3138;0.7254;28137417.15;1593.2252294455066;1465.9773231357551;4.5600000000000005;0.46225535880708296;0.8168498168498168
3514957;Embaúba (SP);2;2323;0.7172;27190092.95;2204.0453637537667;3639.9315755488587;7.920000000000001;0.47679593134138587;0.948051948051948
3515004;Embu das Artes (SP);3;250691;0.6997;1147967991.76;1099.270739356419;1124.0599834058662;15.06;0.41080171530833903;0.3946161782125253
3515103;Embu-Guaçu (SP);3;66970;0.6427;239596086.37;1142.535126026579;1090.4708170822757;28.44;0.44148604145590736;0.4973718791064389
3515129;Emilianópolis (SP);2;3014;0.6095;29529843.13;2263.5287558062373;1910.9736994027871;6.53;0.49950248756218907;1.100418410041841
3515152;Engenheiro Coelho (SP);3;19566;0.736;102328006.02;1597.0528242870284;1727.0119661657975;5.279999999999999;0.39827056385335524;0.38562904027846845
3515186;Espírito Santo do Pinhal (SP);3;39816;0.816;189433446.8;1174.3980580671086;1539.4338286116135;5.2;0.4322302158273381;0.948435219717853
3515194;Espírito Santo do Turvo (SP);3;4157;0.7351;37229170.69;2234.4390546066875;2050.8278061101755;11.4;0.4621878297572986;0.44713656387665196
3515202;Estrela d'Oeste (SP);3;9417;0.7709;73908136.95;1228.1371264733991;1479.4491600297335;5.78;0.44255514705882354;0.8845401174168297
3515301;Estrela do Norte (SP);2;2703;0.6514;31298528.06;2568.5466814650385;2296.9509174990753;15.34;0.45871559633027525;0.6536964980544747
3515350;Euclides da Cunha Paulista (SP);3;7924;0.6234;52993916.69;1701.3059528016151;1411.1680350832912;35.480000000000004;0.4783582089552239;0.6649350649350649
3515400;Fartura (SP);3;16641;0.7641;93826150.93;1724.5097776575926;1354.3907096929272;12.219999999999999;0.48183437221727515;0.8060747663551402
3515509;Fernandópolis (SP);3;71186;0.8444;349789118.03;1071.5081990840895;1041.9103350377884;1.9;0.4604952709218112;0.9262787504291109
3515608;Fernando Prestes (SP);3;5942;0.8335;46561133.42;1932.0623897677547;2162.8391198249747;8.399999999999999;0.4740759116844456;1.0526315789473684
3515657;Fernão (SP);2;1656;0.7506;29972944.42;2345.741896135266;3233.485169082126;20.72;0.515096065873742;0.8220064724919094
3515707;Ferraz de Vasconcelos (SP);3;179198;0.6062;626365603.56;1141.0363602272346;535.7400497215372;7.819999999999999;0.40957609986706417;0.3961014586014586
3515806;Flora Rica (SP);2;1487;0.6183;25421633.06;2295.368950907868;2828.3208069939474;5.08;0.555439330543933;1.3289473684210527
3515905;Floreal (SP);2;2733;0.6874;32672331.55;1919.18951701427;2195.893062568606;0.27;0.556378132118451;1.7834757834757835
3516002;Flórida Paulista (SP);3;12958;0.6548;61562231.85;1157.5347144621085;1189.4665735453002;3.86;0.40071343638525564;0.8798174442190669
3516101;Florínea (SP);3;3851;0.6597;41017952.74;1857.0280576473642;2230.7168345884184;9.96;0.3152322404371585;0.8241106719367589
3516200;Franca (SP);3;352536;0.788;1186686999.48;1280.452541726235;852.9133366805092;0.8300000000000001;0.42833527810190586;0.6502505346299736
3516309;Francisco Morato (SP);3;165139;0.5822;541512281.43;1191.8110271347166;494.7451946542004;21.16;0.42805627859113277;0.35101940555146155
3516408;Franco da Rocha (SP);3;144849;0.7275;647074817.36;1311.9226493106614;1144.7867152690044;15.549999999999999;0.39848034293658763;0.4230596834810192
3516507;Gabriel Monteiro (SP);2;2763;0.7576;31514413.98;2103.983072747014;2839.9910712993124;2.9;0.5164654226125137;1.0590809628008753
3516606;Gália (SP);3;6380;0.6961;42840056.8;1595.6999561128528;1862.497224137931;7.65;0.5089877010406811;1.0495238095238095
3516705;Garça (SP);3;42110;0.744;236492552.44;1183.6445473759202;1786.1275226786988;1.2200000000000002;0.46281307534651056;0.8746306458421275
3516804;Gastão Vidigal (SP);2;3252;0.6124;32115141.21;1729.7663468634687;1928.2774723247232;7.0600000000000005;0.5125581395348837;0.9504424778761061
3516853;Gavião Peixoto (SP);2;4702;0.8336;92188654.58;5235.240880476394;4332.230165886857;0.12;0.45123456790123456;0.5025693730729702
3516903;General Salgado (SP);3;10312;0.7261;73628950.64;1891.7531526377038;1450.3755129945694;2.94;0.4942761918562527;1.0029359953024075
3517000;Getulina (SP);3;10232;0.6364;64527662.73;1193.1783062939796;1555.4018266223613;6.17;0.3919194667392192;0.9003957783641161
3517109;Glicério (SP);2;4138;0.6859;42870251.26;2243.5250845819237;2281.470637989367;14.3;0.5213235294117647;0.8707124010554089
3517208;Guaiçara (SP);3;11239;0.6733;62987061.56;1499.6126585995196;1375.0601539282854;2.4099999999999997;0.46379265433706696;0.5536649214659686
3517307;Guaimbê (SP);3;5512;0.557;42747839.25;1830.5509778664732;2058.824646226415;5.3;0.496199782844734;0.7442748091603053
3517406;Guaíra (SP);3;39279;0.7596;297339850.97;1445.6826405967565;1631.7889022123782;1.81;0.42021911270202844;0.6998683633172444
3517505;Guapiaçu (SP);3;21711;0.7289;124268930.28;1783.7731477131408;1489.258116162314;2.9299999999999993;0.4323129700488191;0.6148348940364712
3517604;Guapiara (SP);3;17071;0.624;89109601.0;1868.1670921445727;1556.549547185285;56.970000000000006;0.4689785732725239;0.6450347117416239
3517703;Guará (SP);3;18606;0.7286;116371599.99;2060.1052477695366;1436.23547296571;2.6299999999999994;0.4460247143856377;0.6529377880184332
3517802;Guaraçaí (SP);3;7441;0.6447;53315384.26;1430.4494785647091;2067.4031756484346;10.75;0.4995969367190649;1.28690036900369
3517901;Guaraci (SP);3;10350;0.7508;98334151.5;2230.088751690821;1744.95954589372;6.06;0.4639321074964639;0.7577706323687031
3518008;Guarani d'Oeste (SP);2;1968;0.7804;26517488.22;3191.701097560976;2791.115787601626;8.66;0.5022900763358779;1.0
3518107;Guarantã (SP);3;6427;0.6172;45554291.56;1507.2846942585966;1769.7022016492922;15.120000000000001;0.49848449522033106;0.642089093701997
3518206;Guararapes (SP);3;31043;0.7433;171178224.25;1497.6957252842833;1725.9606887220953;2.5300000000000002;0.46567516525023606;0.8342942161056351
3518305;Guararema (SP);3;31236;0.8286;342635309.24;2099.647646305545;2153.2925886797284;13.489999999999998;0.4609232496141434;0.6568594485541358
3518404;Guaratinguetá (SP);3;118044;0.7692;517877631.25;1158.5971155670766;1358.6727388939717;8.73;0.43984192037470726;0.7577382403119669
3518503;Guareí (SP);3;15013;0.7279;80368851.94;1865.41944381536;1322.7173769399853;26.859999999999996;0.347787054493222;0.6961471103327496
3518602;Guariba (SP);3;37498;0.7057;186905094.36;1677.0336668622328;1163.4284863192704;0.92;0.40441947565543074;0.49826557513528513
3518701;Guarujá (SP);3;287634;0.6716;2111897528.43;1844.7928345744938;1557.959630780784;10.509999999999998;0.41936343449296815;0.5020148462354189
3518800;Guarulhos (SP);3;1291771;0.7576;5977636871.44;1120.1633665874215;1067.4486675811734;6.85;0.40500453009385395;0.4626945406836519
3518859;Guatapará (SP);3;7320;0.7128;55090888.3;2222.877639344262;1971.086819672131;1.5;0.4935727402570904;0.6579849211788896
3518909;Guzolândia (SP);3;4246;0.6082;34744577.33;2047.2939024964674;1739.4754427696657;7.359999999999999;0.47124047124047125;0.7503217503217503
3519006;Herculândia (SP);3;9125;0.6332;55988653.2;1575.3457106849314;1557.6864756164384;5.11;0.4500238360082631;0.6817102137767221
3519055;Holambra (SP);3;15094;0.8254;137499856.07;2498.6405266993506;2073.5670749966876;4.859999999999999;0.41927597555242124;0.5601819454163751
3519071;Hortolândia (SP);3;236641;0.7614;1417723610.07;1511.609054939761;1321.0504879965854;1.71;0.382709196403008;0.42056520701845707
3519105;Iacanga (SP);3;10437;0.7227;81485255.13;2237.168714189901;2217.9834368113443;0.39;0.46176470588235297;0.7109496626881162
3519204;Iacri (SP);3;6131;0.6235;40986258.2;1304.0677181536453;1583.1011515250368;13.99;0.4802028005794302;0.9088291746641075
3519253;Iaras (SP);3;8010;0.6817;49029807.2;2160.8841086142324;1450.9673583021222;16.41;0.3383458646616541;0.62
3519303;Ibaté (SP);3;32178;0.7569;149037205.85;1530.7803387407546;1113.0028901734104;0.7;0.40816594459761063;0.45325646618884385
3519402;Ibirá (SP);3;11690;0.7302;67876149.68;1634.8102429426858;1448.5903438836613;0.9;0.4825618262523779;0.8920934858279463
3519501;Ibirarema (SP);3;6385;0.7517;48792038.78;2247.281412685983;1912.6092294440093;1.33;0.4814385150812065;0.7980935875216638
3519600;Ibitinga (SP);3;60033;0.786;271646183.26;1168.9956828744191;1446.1746371162528;2.0700000000000003;0.4367805088193763;0.6439960363931178
3519709;Ibiúna (SP);3;75605;0.6639;329202884.37;1169.845596190728;1206.5003405859402;41.94;0.46663433559650824;0.5944190362563797
3519808;Icém (SP);3;7819;0.7345;75672044.05;2328.9370968154494;2185.1448893720426;4.86;0.40075241848799714;0.7967871485943775
3519907;Iepê (SP);3;7619;0.64;65333681.35;1725.711162882268;2948.0531421446385;7.720000000000001;0.4866341463414634;0.8542750929368029
3520004;Igaraçu do Tietê (SP);3;23106;0.5984;100881601.13;1126.1445784644682;1094.708472691076;1.53;0.3968081247733043;0.5786435786435786
3520103;Igarapava (SP);3;26212;0.7459;161796790.96;1531.302165420418;1314.4126476423012;1.26;0.46362164274945555;0.7813773868268612
3520202;Igaratá (SP);3;10605;0.6992;78608138.44;2291.683128712871;1315.6065252239512;33.47;0.4593367276730425;0.6748620170597089
3520301;Iguape (SP);3;29115;0.681;190427652.34;1878.9272993302422;1040.3083685385539;16.64;0.5234681596986029;0.8093687827816965
3520400;Ilhabela (SP);2;34934;0.8108;1202787293.65;7396.355423656038;7831.675575084444;4.88;0.395685177786656;0.45518660005877165
3520426;Ilha Comprida (SP);2;13419;0.6437;145104590.03;2351.814989194426;2592.3050353975705;9.23;0.5805653710247349;1.1172680412371134
3520442;Ilha Solteira (SP);2;25549;0.7535;221547625.2;1807.699615249129;2054.4361020000783;10.77;0.45462309268959233;0.9853306812531079
3520509;Indaiatuba (SP);3;255748;0.8576;1919470358.31;1655.5780514803635;1837.8914387600294;0.91;0.4098178109754417;0.6167145093945721
3520608;Indiana (SP);3;5090;0.6676;30201679.8;1403.4204047151277;1872.7323182711198;9.48;0.46348476135710176;0.8011173184357542
3520707;Indiaporã (SP);2;4035;0.7079;39699413.85;1908.9939677819084;2141.3538686493184;12.64;0.5330547112462006;1.1452599388379205
3520806;Inúbia Paulista (SP);3;3615;0.7684;28897317.36;1699.7082185338866;1567.6182213001384;2.36;0.445421831267493;0.9108061749571184
3520905;Ipaussu (SP);3;13712;0.6551;95283179.1;2133.4202129521586;1489.6586034130687;1.5500000000000003;0.4709289851963098;0.6411214953271028
3521002;Iperó (SP);3;36459;0.695;161563227.31;1616.9353835815573;1105.5257176554487;17.21;0.4134682484298674;0.4416058394160584
3521101;Ipeúna (SP);3;6831;0.8363;53642413.15;2354.462062655541;2546.0383618796664;5.85;0.44663278271918677;0.6062452399086062
3521150;Ipiguá (SP);3;6761;0.7571;38113918.5;1379.528359710102;1550.6412069220528;14.44;0.4888791015194891;0.6287600880410859
3521200;Iporanga (SP);2;4046;0.592;40050682.68;2475.822367770638;2052.264078101829;33.8;0.49519586104951957;0.5244596131968146
3521309;Ipuã (SP);3;14454;0.7336;101936054.09;2491.394405700844;2391.8913504912134;0.62;0.397061666344481;0.5554714123438091
3521408;Iracemápolis (SP);3;21967;0.7601;141433360.31;1608.5473168844178;1350.3077889561614;0.29000000000000004;0.4008672916268095;0.5869729866195406
3521507;Irapuã (SP);3;6867;0.6898;43164475.9;1709.277629241299;1724.9858904907528;6.09;0.47995689655172413;0.7844551282051282
3521606;Irapuru (SP);3;7085;0.6505;36928788.38;1115.279782639379;1402.8768087508824;8.67;0.4107925129430506;1.2302702702702704
3521705;Itaberá (SP);3;17983;0.7146;113425831.63;1228.754568203303;1633.6269232052493;23.66;0.45176394607249537;0.6449147560258671
3521804;Itaí (SP);3;25180;0.7212;181750960.24;1731.8015011914217;1458.774289912629;7.67;0.45196632453004265;0.5374656728128678
3521903;Itajobi (SP);3;16989;0.7192;114629255.64;1867.6366001530405;1720.5107245864972;4.859999999999999;0.4720561476475175;0.894297635605007
3522000;Itaju (SP);3;3618;0.6643;35780706.34;1994.9868850193477;2030.022034273079;12.700000000000001;0.5157100963552577;0.7535612535612536
3522109;Itanhaém (SP);3;112476;0.6634;613648826.87;1686.5610663608236;1038.2841872932893;9.54;0.5278328669618844;0.7856716143559579
3522158;Itaoca (SP);1;3422;0.6295;1361518.11;3028.848591466978;1661.9509146697837;53.79999999999999;0.5041758241758242;0.6892488954344624
3522208;Itapecerica da Serra (SP);3;158522;0.6875;651946997.16;1153.9713895232208;1037.3516070955452;14.8;0.42112293472706575;0.4113387813964668
3522307;Itapetininga (SP);3;157790;0.7896;718835693.68;1170.196283414665;1287.9797524557955;6.699999999999999;0.43303453850275636;0.5849288658423082
3522406;Itapeva (SP);3;89728;0.7533;505347375.23;1750.0316581223253;1581.1321092635521;15.909999999999998;0.4338356317614535;0.5299520991828685
3522505;Itapevi (SP);3;232297;0.6438;1167219395.48;1409.889357804879;1022.4971285466451;12.549999999999999;0.4084239756508664;0.31815513462742645
3522604;Itapira (SP);3;72022;0.7848;455050126.97;1121.0703614173447;1595.1117929243842;2.19;0.42980227110299374;0.8628463259335742
3522653;Itapirapuã Paulista (SP);3;4306;0.6422;34848198.39;1830.7077078495122;2070.805840687413;37.199999999999996;0.4305647840531561;0.4336283185840708
3522703;Itápolis (SP);3;39493;0.7517;214951404.86;1549.8647702124426;1519.7538697997113;5.38;0.4487527512839325;0.8568609593199757
3522802;Itaporanga (SP);3;14085;0.6738;75887846.66;1651.591199858005;1379.0478764643237;13.92;0.5040042712226375;0.7436276320650166
3522901;Itapuí (SP);3;13659;0.71;88466295.58;1440.821682407204;1860.755120433414;1.03;0.46288957909392736;0.5353463587921847
3523008;Itapura (SP);2;3979;0.6977;44135628.16;1943.701731590852;2539.3088715757726;13.75;0.47863247863247865;0.7547683923705722
3523107;Itaquaquecetuba (SP);3;369275;0.6271;1134982945.27;1067.6815362263897;564.9892800487441;17.120000000000005;0.4191804091420929;0.32673243239955724
3523206;Itararé (SP);3;44438;0.6837;205152935.89;1278.2123619424817;963.329912462307;8.120000000000001;0.46009528503367836;0.6362467866323908
3523305;Itariri (SP);3;15528;0.6283;79133687.38;1558.165464322514;1320.2948435085007;15.24;0.5244453171019046;0.5615317158725519
3523404;Itatiba (SP);3;121590;0.8105;677626910.44;1704.6384253639278;1103.7995321983717;4.41;0.40804131829446233;0.6565276667763622
3523503;Itatinga (SP);3;19070;0.6878;112308675.94;1689.8421714735184;1100.6318201363397;5.55;0.40893978574067236;0.480342337523402
3523602;Itirapina (SP);3;16148;0.803;134859655.96;2089.2568206589053;2060.5846055239035;6.819999999999999;0.3527687023540253;0.6372472783825817
3523701;Itirapuã (SP);3;5779;0.6569;32641764.02;1427.3944817442464;1056.8612562727117;8.030000000000001;0.5308609271523179;0.6882898062342039
3523800;Itobi (SP);3;8046;0.6686;34895786.92;776.5569649515287;1194.3476559781259;6.43;0.43909855124306924;0.7203924316748423
3523909;Itu (SP);3;168240;0.8161;1155702308.75;1495.438933785069;2146.9332388849266;3.7;0.4235670406660913;0.577027282464873
3524006;Itupeva (SP);3;70616;0.7941;549076447.39;1996.296221252974;1705.457984167894;10.05;0.4085731953005007;0.3753441213993151
3524105;Ituverava (SP);3;37571;0.7107;227731863.45;1492.043652285007;1722.9312427137952;1.4800000000000002;0.4592379694721715;0.8649842271293375
3524204;Jaborandi (SP);3;6221;0.6328;51736302.66;2016.9747500401866;1585.6721620318276;4.08;0.43077276908923645;0.7521047708138447
3524303;Jaboticabal (SP);3;71821;0.8216;435050232.9;1248.4162504003007;2174.3134599908103;1.61;0.4373974302525718;0.8780613560195927
3524402;Jacareí (SP);3;240275;0.7962;1365984758.06;1090.2723741962336;1505.7602342316095;2.74;0.4334592140509131;0.6320589424502449
3524501;Jaci (SP);3;7613;0.8194;51758652.37;1777.8259201366081;1625.4142545645607;0.23;0.4190121155638397;0.4848084544253633
3524600;Jacupiranga (SP);3;16097;0.6916;92114638.34;1611.5544822016525;1298.997174007579;18.770000000000003;0.4950311135878146;0.6225266362252664
3524709;Jaguariúna (SP);3;59347;0.8387;679046391.32;2575.6326196774903;3236.131821659056;1.76;0.39571035488346934;0.5697359828342196
3524808;Jales (SP);3;48776;0.8167;233493266.24;947.4662520501887;1009.0739751107102;3.3999999999999995;0.46018440905280805;0.9881013967925505
3524907;Jambeiro (SP);2;6397;0.7531;57112868.24;2707.9491152102546;1421.4624073784587;29.91;0.48319035474147926;0.6752411575562701
3525003;Jandira (SP);3;118045;0.6799;499063843.73;1066.442871362616;781.7588500995382;7.18;0.3894021963018326;0.40180500826236176
3525102;Jardinópolis (SP);3;45282;0.7289;240210808.17;1697.7295002429223;1428.953129941257;1.5499999999999998;0.4277336360196746;0.556805141152169
3525201;Jarinu (SP);3;37535;0.7202;211176622.82;1958.3457660849872;1286.0802810710004;30.150000000000002;0.4450989450989451;0.48675411522633744
3525300;Jaú (SP);3;133497;0.7839;624670950.36;1043.1483070031536;1355.1838792632045;0.67;0.432417352489887;0.7919871937391614
3525409;Jeriquara (SP);3;3863;0.6571;35647611.31;2406.6911208905;1595.477685736474;7.590000000000001;0.4560874481718809;0.4268867924528302
3525508;Joanópolis (SP);3;12815;0.714;73895504.79;1751.7038181818182;1346.2780452594618;10.350000000000001;0.4779148887094914;0.773972602739726
3525607;João Ramalho (SP);3;4371;0.673;39770495.06;1923.4594371997252;2113.895220773278;8.680000000000001;0.4811928159945781;0.5367965367965368
3525706;José Bonifácio (SP);3;36633;0.7352;203807572.22;1461.624368465591;1560.9356184314688;2.66;0.43518119490695395;0.6703759398496241
3525805;Júlio Mesquita (SP);3;4254;0.6047;36385300.38;1600.6328020686415;2068.559941231782;0.13;0.49001751313485115;0.6794717887154862
3525854;Jumirim (SP);2;3056;0.7937;39147974.85;3288.9853697643975;2210.2423887434556;17.17;0.4671147383581373;0.5718901453957996
3525904;Jundiaí (SP);3;443221;0.8487;3408119148.81;1459.7950679457879;1726.4379894003218;1.79;0.4246852308414309;0.755864177021729
3526001;Junqueirópolis (SP);3;20448;0.7846;115147216.56;1618.8315908646323;1619.1407726917057;6.4399999999999995;0.45113902490951674;0.8598595669982446
3526100;Juquiá (SP);3;17154;0.6556;96305786.11;1535.44874373324;1115.520325871517;19.92;0.5184562273169868;0.7196124486200822
3526209;Juquitiba (SP);3;27404;0.5898;141324028.5;1698.530349219092;1137.842743395125;36.62;0.47151371959405036;0.5588496360731404
3526308;Lagoinha (SP);3;5083;0.62;39059483.4;1887.6013810741688;1699.780322644108;29.5;0.47547169811320755;1.1496062992125984
3526407;Laranjal Paulista (SP);3;26261;0.7784;161122522.89;1889.9748478732722;1379.6069871672823;9.68;0.45975541967759864;0.7515883100381194
3526506;Lavínia (SP);3;9689;0.5909;56309040.65;1010.480302404789;1229.51549695531;6.75;0.19794757665677548;1.031725888324873
3526605;Lavrinhas (SP);3;7171;0.5383;44122973.4;1840.1533705201507;1619.5427722772279;14.879999999999999;0.4443101711983887;0.43713355048859937
3526704;Leme (SP);3;98161;0.7863;537757054.06;1332.5268412098492;1582.9843365491388;1.2200000000000002;0.4184910622678863;0.6096937357567672
3526803;Lençóis Paulista (SP);3;66505;0.8212;455719536.32;1590.7574167355838;1677.5914538756485;1.7600000000000002;0.41980316389487843;0.5993493289955266
3526902;Limeira (SP);3;291869;0.8271;1496950748.49;1045.971479259531;1166.8071982636045;1.2;0.41071074699726917;0.7270085157409101
3527009;Lindóia (SP);3;7014;0.7628;57666074.84;2237.0226461362986;2148.1855645851156;7.300000000000001;0.46216385240775487;0.7965964343598055
3527108;Lins (SP);3;74779;0.7742;356636120.39;1142.259730405595;990.0500221987456;0.21000000000000002;0.4546462544011516;0.8026995757809487
3527207;Lorena (SP);3;84855;0.6953;376917089.79;1112.6041852572034;1202.4623846561783;1.82;0.4545158470320026;0.7215945981041423
3527256;Lourdes (SP);2;1950;0.6156;27744251.99;2709.074635897436;2923.0067948717947;10.49;0.5575079872204473;1.18125
3527306;Louveira (SP);2;51847;0.7526;669332883.82;3409.8449952745577;3264.9696088491137;5.01;0.4072033438280317;0.39407173387846123
3527405;Lucélia (SP);3;20061;0.7262;90926780.52;1344.6835641294053;1142.713383181297;2.06;0.4126469966903739;0.9429708222811671
3527504;Lucianópolis (SP);2;2372;0.7497;27759902.3;2116.126235244519;2436.9710413153457;11.91;0.5117909496494583;0.9876237623762376
3527603;Luís Antônio (SP);3;12265;0.7593;126178670.04;2663.550716673461;2591.950573175703;1.06;0.4236796285548462;0.4432582048240411
3527702;Luiziânia (SP);3;4701;0.7021;36921096.74;2126.912437779196;1894.0565922144224;2.14;0.4848389134554643;0.6364605543710021
3527801;Lupércio (SP);3;3981;0.6443;31267186.21;2147.636749560412;1594.1701833710124;3.4;0.5165714285714286;0.7273885350318471
3527900;Lutécia (SP);2;2661;0.5794;35011807.46;3252.2804396843294;3072.3682750845546;16.02;0.5008460236886633;0.7480314960629921
3528007;Macatuba (SP);3;16829;0.7702;120774905.24;1523.6784544536217;1968.0037530453385;0.35;0.437025019212706;0.5933997509339975
3528106;Macaubal (SP);3;7481;0.7427;46088119.31;1072.0398008287661;1565.7336171634809;3.3799999999999994;0.5125353821269713;1.1910112359550562
3528205;Macedônia (SP);3;3963;0.6652;35180699.04;1583.5807898057028;2519.1590158970475;18.05;0.47762863534675615;1.103448275862069
3528304;Magda (SP);2;3165;0.7188;34808387.61;1601.354552922591;2035.855017377567;5.65;0.5209034118212398;1.194331983805668
3528403;Mairinque (SP);3;50027;0.6892;236805225.56;1950.3426731564955;793.8493195674336;25.240000000000002;0.42579872887394193;0.5742887249736565
3528502;Mairiporã (SP);3;93853;0.6705;493471077.64;1266.6334391015737;1229.425241175029;24.86;0.4368627330904192;0.56759874745921
3528601;Manduri (SP);3;9871;0.7458;57072407.46;1245.3075858575628;1711.6392118326412;7.890000000000001;0.47372349955210513;0.7886133032694476
3528700;Marabá Paulista (SP);3;4573;0.5923;40658912.45;2025.322523507544;1784.9024513448503;45.55;0.32473928157589804;0.7737341772151899
3528809;Maracaí (SP);3;12673;0.7226;93236570.46;1944.685203976959;1745.3232178647518;8.28;0.45683411886423725;0.7323452484742807
3528858;Marapoama (SP);3;3292;0.7581;36774558.75;1990.9759507897934;2594.5448541919804;8.64;0.4394403148229121;0.7756183745583038
3528908;Mariápolis (SP);3;3513;0.6105;28575337.48;1678.400096783376;1879.029390834045;10.850000000000001;0.4816533108393083;0.9065108514190318
3529005;Marília (SP);3;237627;0.8286;1236118985.89;975.9736618734403;1603.147676905402;1.4300000000000002;0.4521682270405045;0.7421534694261966
3529104;Marinópolis (SP);2;1860;0.6738;25401005.31;2437.8527419354837;2405.242623655914;16.46;0.40589569160997735;1.0894941634241244
3529203;Martinópolis (SP);3;24881;0.6363;131106923.81;1328.5299750813874;1473.9278300711385;7.55;0.43563556632623623;0.7781441356570891
3529302;Matão (SP);3;79033;0.8255;377840786.5;1292.07431528602;997.0940752597016;0.24000000000000002;0.4132973301621931;0.7648136835675016
3529401;Mauá (SP);3;418261;0.7063;1548167838.43;751.6038029125355;1164.3185906885894;6.019999999999999;0.3904352537955474;0.5125500650362529
3529500;Mendonça (SP);3;6159;0.7679;55725342.57;1893.161760025978;2602.662516642312;1.68;0.47804175665946724;0.7994579945799458
3529609;Meridiano (SP);2;4572;0.7726;48350029.75;1893.1722944007;2090.9293153980752;17.27;0.45605095541401275;0.8501291989664083
3529658;Mesópolis (SP);2;1952;0.6797;26571168.38;2203.284538934426;2258.547243852459;11.84;0.4844106463878327;0.7404371584699454
3529708;Miguelópolis (SP);3;19441;0.5809;134349844.34;1615.7762831130085;1424.7482711794662;3.01;0.43677481339147145;0.6129912663755459
3529807;Mineiros do Tietê (SP);3;11230;0.681;55741552.42;1316.1845796972395;1302.9490284951023;1.76;0.45372168284789643;0.7411823149528067
3529906;Miracatu (SP);3;18553;0.6188;116488485.65;2071.678307012343;1196.9977432221203;19.9;0.5207377049180328;0.6112097387775806
3530003;Mira Estrela (SP);2;3126;0.7296;37026361.16;1712.4399999999998;2183.5064619321815;15.85;0.5331044629720452;1.123046875
3530102;Mirandópolis (SP);3;27983;0.6443;124978171.91;920.5798867169352;1272.124575992567;11.429999999999996;0.3923968751554959;1.0536458333333334
3530201;Mirante do Paranapanema (SP);2;15917;0.7007;120199516.04;2030.5784149023057;1744.571963309669;32.93;0.4990582030514221;0.8437717466945024
3530300;Mirassol (SP);3;63337;0.7716;285440753.02;1073.5215974864614;724.7771912152455;0.26;0.43608289497551245;0.7056580347641007
3530409;Mirassolândia (SP);3;4669;0.7889;36386683.95;1864.3117776825875;2198.752985650032;13.190000000000001;0.49217002237136465;0.7844727694090382
3530508;Mococa (SP);3;67681;0.7962;289502043.38;1263.5172287643504;1184.5848802470414;4.65;0.4557871415972984;0.871742778906457
3530607;Mogi das Cruzes (SP);3;451505;0.8024;2185384022.13;1187.3675942016146;1393.1131360893014;9.11;0.43170842304533535;0.5420791518474051
3530706;Mogi Guaçu (SP);3;153658;0.7567;786402109.02;1504.4619901990134;1666.4720767548713;1.77;0.4256766160383748;0.6824599361912794
3530805;Mogi Mirim (SP);3;92558;0.8154;635469540.24;1388.7742858531947;2371.273973616543;4.6899999999999995;0.4365222249813757;0.8017937219730942
3530904;Mombuca (SP);3;3722;0.7412;33499795.54;2713.4182079527136;2040.309672219237;8.12;0.47992047713717695;0.4403341288782816
3531001;Monções (SP);2;1937;0.7294;28653937.72;2897.747279297884;3480.077361899845;7.76;0.5558232931726907;1.22508038585209
3531100;Mongaguá (SP);3;61951;0.6252;373633147.9;2064.9132771061;1934.5034097916096;4.56;0.5115530071977553;0.845923578094735
3531209;Monte Alegre do Sul (SP);3;8627;0.6451;50452985.1;1816.1543653645533;1243.3810177350178;22.54;0.4644372772025123;1.0236686390532543
3531308;Monte Alto (SP);3;47574;0.7694;245794859.61;1561.4000363644006;1350.5081838819524;0.8400000000000001;0.44189852700491;0.9359978754481476
3531407;Monte Aprazível (SP);3;22280;0.6559;116163498.95;1618.07472037702;1214.8834115798923;3.98;0.4688818565400844;0.9320836729149687
3531506;Monte Azul Paulista (SP);3;18151;0.7348;131125247.11;1825.1959798358218;2141.781024185995;4.0200000000000005;0.4412418612037478;0.9208434151399931
3531605;Monte Castelo (SP);3;4222;0.6856;34875026.81;1324.4534604452865;1851.50259118901;0.18;0.5089349535382416;0.9012016021361816
3531704;Monteiro Lobato (SP);3;4138;0.5783;36190298.69;2267.4256234896084;1841.7989850169165;23.660000000000004;0.5308916019237884;0.7289156626506024
3531803;Monte Mor (SP);3;64662;0.7226;370753988.77;1634.8509098079242;1138.4994823853267;4.970000000000001;0.42086180755454966;0.4145494830132939
3531902;Morro Agudo (SP);3;27933;0.7308;213350879.58;1843.6505881931764;2130.218230050478;0.8899999999999999;0.4329759400810547;0.5376206959373292
3532009;Morungaba (SP);3;13720;0.7299;88382999.22;1805.3323134110788;1546.2630131195335;9.229999999999999;0.4386075285729265;0.6032962821004216
3532058;Motuca (SP);3;4034;0.6018;35964262.78;2174.590213187903;2119.56809370352;18.34;0.43968593861527483;0.6830601092896175
3532108;Murutinga do Sul (SP);3;3737;0.5882;35405253.54;2095.4690848274017;2120.4434653465346;15.55;0.5111200970481197;1.2815884476534296
3532157;Nantes (SP);2;2660;0.7019;36274256.41;2156.3624624060153;3325.403796992481;3.6;0.45038167938931295;0.5018181818181818
3532207;Narandiba (SP);2;5713;0.7097;61003715.68;3018.9797356905306;1897.303481533345;6.21;0.47546487603305787;0.410727969348659
3532306;Natividade da Serra (SP);3;6999;0.5283;46245440.67;1768.3816302328903;1396.4559579939992;36.43;0.5542971352431713;0.9333849728892332
3532405;Nazaré Paulista (SP);3;18217;0.7067;97298407.13;1475.326495032113;1112.4603024647306;37.21;0.4596955128205128;0.7074404761904762
3532504;Neves Paulista (SP);3;9699;0.6728;50206832.88;1053.0281142385813;1434.3265862460046;3.6099999999999994;0.4958359037631092;1.0944625407166124
3532603;Nhandeara (SP);3;9852;0.7055;68063013.46;1352.9938733252131;1449.1031709297604;7.039999999999999;0.5295761527713088;1.289261744966443
3532702;Nipoã (SP);3;4750;0.5934;31421856.78;1637.3378568421053;1278.3700378947367;8.18;0.4543784445805266;0.5298969072164949
3532801;Nova Aliança (SP);3;6693;0.8067;47980876.31;1941.9764709397878;2054.1010339160316;4.0;0.47357992073976224;0.7791563275434243
3532827;Nova Campina (SP);3;8497;0.6675;56171751.32;2298.958960809698;1634.160145933859;30.13;0.43578911794525177;0.36962294211364843
3532843;Nova Canaã Paulista (SP);2;2032;0.6795;27063526.62;1896.7647244094487;2821.4583956692913;30.89;0.563076923076923;1.7415730337078652
3532868;Nova Castilho (SP);2;1062;0.6585;27732994.98;5021.269039548023;3968.371412429379;20.85;0.5063829787234042;0.7163461538461539
3532900;Nova Europa (SP);3;9311;0.675;74543368.13;1970.9368854043605;1997.3806025131564;1.07;0.44670602858918584;0.5981100611450806
3533007;Nova Granada (SP);3;19419;0.6138;91011675.76;1360.7713548586437;1382.9744255625933;4.91;0.47359235088784335;0.7326485285952249
3533106;Nova Guataporanga (SP);2;2156;0.6215;24240946.39;1910.5047680890536;2096.3052411873837;0.8099999999999999;0.5444126074498568;1.0375335120643432
3533205;Nova Independência (SP);3;4609;0.767;51550159.55;3384.7349707094813;2782.3095074853545;9.66;0.3628030751034891;0.4981684981684982
3533254;Novais (SP);3;4412;0.6734;35000463.18;2083.5802878513146;2097.5479918404353;4.83;0.4522712310730744;0.46170212765957447
3533304;Nova Luzitânia (SP);2;2837;0.6237;30400422.31;1847.1313746915755;2198.4029714487137;4.81;0.46086508753862;0.9002123142250531
3533403;Nova Odessa (SP);3;62019;0.8095;327265501.36;1654.3040998726196;1581.7994180815556;0.79;0.40667740252670737;0.626746506986028
3533502;Novo Horizonte (SP);3;38324;0.7494;221346748.58;1612.6530563093622;1499.9983203736563;2.1699999999999995;0.4604069811752153;0.7827947469381732
3533601;Nuporanga (SP);3;7391;0.7996;64365000.11;1946.5669584629957;2002.1453051007982;3.79;0.4626954284583416;0.6820143884892086
3533700;Ocauçu (SP);3;4331;0.6939;37256114.78;2169.1662803047793;2483.12318171323;3.02;0.5462334880399857;0.7749419953596288
3533809;Óleo (SP);2;2512;0.6646;28030905.32;2739.476126592356;2066.462161624204;28.26;0.5178247734138973;0.9837962962962963
3533908;Olímpia (SP);3;55074;0.8221;378028593.63;1398.4379040926751;1630.42995696699;1.09;0.4623615942221396;0.7426941553242594
3534005;Onda Verde (SP);3;4771;0.747;45380360.81;1774.1058205826869;1950.1943051771116;9.46;0.4396499698249849;0.5549626467449307
3534104;Oriente (SP);3;6085;0.6808;38852678.97;1511.1234757600657;1509.8618208709943;2.9;0.47479398933591854;0.9056420233463035
3534203;Orindiúva (SP);2;6024;0.8152;62342210.64;2376.920395086321;2653.0307005312084;5.619999999999999;0.4346272922124315;0.4971287940935193
3534302;Orlândia (SP);3;38319;0.778;277322651.48;1805.6958268743965;1393.9895759283907;0.86;0.4240746246469451;0.7661352731775267
3534401;Osasco (SP);3;728615;0.7424;4290935536.4;1685.748795797506;1253.0745830514059;5.34;0.4055751145406318;0.5486950564628406
3534500;Oscar Bressane (SP);2;2470;0.6627;14432190.43;2988.0876477732795;2847.665352226721;5.619999999999999;0.5823190262652146;1.3129770992366412
3534609;Osvaldo Cruz (SP);3;31272;0.7846;132736372.06;1199.283102775646;1054.2314140445128;1.27;0.4661040787623066;1.072977481234362
3534708;Ourinhos (SP);3;103970;0.7898;621201003.64;1206.2638584206982;1942.553712032317;0.79;0.46125845033801355;0.747736713174992
3534757;Ouroeste (SP);3;10294;0.7934;113133454.78;2144.106067612201;2423.783146493103;3.46;0.4572480181200453;0.7291220556745182
3534807;Ouro Verde (SP);3;7779;0.5354;45339427.81;1828.3076886489266;1450.8643951664737;1.88;0.4836925424375358;0.6214833759590793
3534906;Pacaembu (SP);3;14877;0.6601;66168547.84;1092.2263574645426;1364.5053370975334;9.42;0.29466539030545646;1.1322418136020151
3535002;Palestina (SP);3;11476;0.7895;79162086.21;1954.794062391077;1629.0104043220633;8.729999999999999;0.4911642411642412;0.8412079883097906
3535101;Palmares Paulista (SP);3;9650;0.7073;50422065.79;1620.5558901554405;1181.360749222798;1.4900000000000002;0.3928983833718245;0.45717344753747324
3535200;Palmeira d'Oeste (SP);3;8903;0.6302;48538164.12;1036.0997304279456;1346.4471627541277;13.069999999999999;0.48556649424328385;1.2967640094711919
3535309;Palmital (SP);3;19594;0.7459;139005123.32;1684.10400939063;2159.261492293559;2.8200000000000003;0.4968678380443086;1.0504413619167718
3535408;Panorama (SP);3;14964;0.665;76467459.14;1199.0525167067628;1682.3629577653035;3.4;0.49118086696562036;0.5956620265458077
3535507;Paraguaçu Paulista (SP);3;41120;0.737;257059572.68;1523.5484924610894;1216.201674610895;3.1499999999999995;0.4577941645690786;0.7051366697477882
3535606;Paraibuna (SP);3;17667;0.5923;116470478.59;1373.755066508179;1187.0139599252843;35.18;0.48150943396226414;0.7667692307692308
3535705;Paraíso (SP);3;6099;0.6982;50842687.0;2155.473384161338;2126.060421380554;4.89;0.4486935866983373;0.866600790513834
3535804;Paranapanema (SP);3;19395;0.7494;145507036.49;2236.067984016499;1584.281926785254;21.590000000000003;0.4411502452073116;0.4943367732192298
3535903;Paranapuã (SP);3;4031;0.687;32574247.66;1654.2069560903;1959.7506325973704;4.58;0.47116788321167885;0.8234463276836158
3536000;Parapuã (SP);3;10580;0.6673;64131641.59;1428.205184310019;1420.6474196597353;5.31;0.48825432550288367;1.0648423557406306
3536109;Pardinho (SP);3;7153;0.6809;57395003.17;2388.2293946595832;1405.3228142038306;11.7;0.4660791145726583;0.5824634655532359
3536208;Pariquera-Açu (SP);3;19233;0.7211;107075126.83;1299.750852181147;1071.902249259086;12.93;0.48105652240874786;0.6530828261444827
3536257;Parisi (SP);2;2892;0.6928;29181287.58;2025.660134854772;2511.7772925311206;10.83;0.5125523012552301;0.9215686274509803
3536307;Patrocínio Paulista (SP);3;14512;0.6734;92313507.64;1814.834525909592;1515.6820941289968;1.3;0.46956962025316457;0.5639123102866779
3536406;Paulicéia (SP);3;7955;0.6617;56933868.58;1733.697994971716;1964.714612193589;25.970000000000002;0.4835882133532264;0.5397862232779097
3536505;Paulínia (SP);2;110537;0.7816;2298800287.53;3841.7730256837076;3505.164081348327;2.2199999999999998;0.4009226518636807;0.4982476082220328
3536570;Paulistânia (SP);2;2090;0.7309;32362505.22;2557.127215311005;3114.8138516746412;12.79;0.469760900140647;0.6997455470737913
3536604;Paulo de Faria (SP);3;7400;0.6689;61692232.11;1962.5837432432431;2039.2084256756757;2.3499999999999996;0.45841545132045725;0.9254966887417219
3536703;Pederneiras (SP);3;44827;0.7591;246392985.42;1488.4132832890891;1391.9057130747094;3.9799999999999995;0.43588840129408374;0.6190362879238549
3536802;Pedra Bela (SP);3;6557;0.6726;40334265.07;1636.4373158456613;1478.313904224493;69.58000000000001;0.4721598563089358;0.950834879406308
3536901;Pedranópolis (SP);2;2787;0.714;33715296.05;2546.0315177610332;2427.401790455687;22.34;0.5154975530179445;1.2571428571428571
3537008;Pedregulho (SP);3;15525;0.6339;102426377.64;1931.524895974235;1261.9181552334944;10.34;0.46048918156161806;0.6786694101508917
3537107;Pedreira (SP);3;43112;0.8023;246231923.48;1396.9968178233437;1781.1439826498422;2.03;0.39806077115153876;0.7515696347031964
3537156;Pedrinhas Paulista (SP);2;2804;0.8068;37675942.66;2461.6101747503567;3047.674329529244;8.28;0.45134575569358176;1.0326340326340326
3537206;Pedro de Toledo (SP);3;11281;0.576;65286160.87;1519.14709068345;1546.5094911798599;20.330000000000002;0.5144314673110485;0.6836555360281195
3537305;Penápolis (SP);3;61679;0.7345;329017423.32;1223.1634147765042;1947.4848779973734;2.4099999999999997;0.4781556306468234;0.810690625283601
3537404;Pereira Barreto (SP);3;24095;0.7033;158952096.5;1639.417737704918;1877.936499273708;4.709999999999999;0.4772239592912758;0.8511296076099881
3537503;Pereiras (SP);3;8737;0.774;46527317.99;1482.2063259700126;1282.1820144214262;6.619999999999999;0.48790871934604907;0.6666666666666666
3537602;Peruíbe (SP);3;68352;0.6581;424755193.42;1565.7105705758427;1477.0896159585675;4.79;0.5315258794532826;0.8242079360196862
3537701;Piacatu (SP);3;5519;0.6841;40786555.15;1578.6968128284107;1695.8763236093494;6.73;0.46977363515312914;0.8785942492012779
3537800;Piedade (SP);3;52970;0.6936;215069771.63;1694.1704021144044;1015.0824540305834;44.2;0.43932394978533773;0.7063852242744063
3537909;Pilar do Sul (SP);3;27619;0.7152;134531619.99;1620.5685256526303;1244.6448763532353;23.12;0.47050367373016716;0.6379981464318814
3538006;Pindamonhangaba (SP);3;165428;0.7363;891126593.71;1203.6206174891797;1415.360263135624;1.8900000000000001;0.44248057689457027;0.5861777944486122
3538105;Pindorama (SP);3;14542;0.7127;89941365.8;1977.7310528125429;1686.4018236831248;1.11;0.4663708782898054;0.9756514310123878
3538204;Pinhalzinho (SP);3;15224;0.6931;66087253.56;100.28928665265371;135.71007356805043;36.86;0.4838206627680312;0.9481946624803768
3538303;Piquerobi (SP);2;3264;0.629;36575376.19;1999.209411764706;2643.3651899509805;14.41;0.4416961130742049;0.9047619047619048
3538501;Piquete (SP);3;12490;0.5961;68349217.8;942.6465260208167;2770.3515004003198;18.0;0.47985781990521326;0.9555770159343312
3538600;Piracaia (SP);3;26029;0.7113;139481160.54;1816.603476506973;1006.0926946866956;11.33;0.44661812927249483;0.9024621212121212
3538709;Piracicaba (SP);3;423323;0.8377;2537299153.22;1236.1844680066995;1786.3886903853559;1.1900000000000002;0.4216824175012258;0.7057832601991604
3538808;Piraju (SP);3;29436;0.7603;147379126.98;1473.464033496399;1428.678211373828;5.999999999999999;0.4821005991641911;0.8488125120679668
3538907;Pirajuí (SP);3;22431;0.7359;114381456.65;1074.7105929294282;1248.9034416655522;1.77;0.38428783016539125;0.8716561466786895
3539004;Pirangi (SP);3;10885;0.728;61799212.37;1318.6213118971061;2238.3612227836475;7.05;0.4585287417928447;0.9289740698985344
3539103;Pirapora do Bom Jesus (SP);3;18370;0.6488;104825691.5;1889.4676499727816;998.3279847577571;25.81;0.4299058145870631;0.3225574712643678
3539202;Pirapozinho (SP);3;25348;0.7364;124385717.13;1336.5308272842037;1272.132207669244;3.85;0.4403091084720723;0.7151394422310757
3539301;Pirassununga (SP);3;73545;0.7985;377180490.79;1152.7140541165272;1511.2935661159836;2.0500000000000003;0.46506902527938804;0.82390625
3539400;Piratininga (SP);3;15108;0.7067;79601627.5;1319.607112787927;1209.2673292295472;8.069999999999999;0.4791462698257294;0.6934256055363321
3539509;Pitangueiras (SP);3;33674;0.7521;199667265.45;1474.1714191958185;1813.326170636099;3.0299999999999994;0.4167788623359138;0.519791347038969
3539608;Planalto (SP);2;4389;0.7126;50383687.37;2200.2952973342444;2660.068767372978;9.91;0.44185282522996056;0.6791510611735331
3539707;Platina (SP);2;3025;0.6066;38685426.28;2620.0907636363636;2525.4221983471075;5.92;0.5178123432012042;0.6890343698854338
3539806;Poá (SP);3;103765;0.7204;441832744.98;1653.0254199392857;1002.5203669830868;2.72;0.41928027246242017;0.5417965999396439
3539905;Poloni (SP);3;5592;0.7332;39333638.65;1339.4641773962803;1363.6055025035764;4.24;0.5312157721796276;0.9735503560528993
3540002;Pompéia (SP);3;20196;0.781;163176082.11;1666.7636938007524;2719.453156070509;1.8;0.4593539995664427;0.8178438661710037
3540101;Pongaí (SP);3;3395;0.68;32193479.69;2199.7109837997054;1939.1123740795288;9.76;0.4916520210896309;1.1519230769230768
3540200;Pontal (SP);3;37607;0.7179;202393481.28;1544.1601691174517;1458.9519376711783;0.3500000000000001;0.391048640651008;0.4062250598563448
3540259;Pontalinda (SP);3;4127;0.6163;29968713.0;1769.5456893627331;1422.213697601163;10.91;0.4802725968436155;0.6329268292682927
3540309;Pontes Gestal (SP);2;2387;0.8269;40941368.48;3404.675722664432;3583.2219480519475;7.31;0.5479896238651103;0.9248291571753986
3540408;Populina (SP);2;4127;0.6704;37180993.42;1709.8353719408772;1543.3609740731767;2.73;0.510614934114202;0.9871794871794872
3540507;Porangaba (SP);3;10451;0.6434;57947987.36;1526.34077504545;1195.546181226677;24.529999999999998;0.5362340144054094;1.071550255536627
3540606;Porto Feliz (SP);3;56497;0.8003;440143121.02;1968.998344513868;1871.5474527851036;8.459999999999999;0.4241385394872829;0.6515508441303495
3540705;Porto Ferreira (SP);3;52649;0.7872;310561943.38;1443.1130855286901;1011.6464538737678;1.57;0.4266088605879962;0.7545971247074557
3540754;Potim (SP);3;20392;0.5525;92852706.59;1503.975700765006;943.5329001569243;0.9;0.35288263782923107;0.39350275085145403
3540804;Potirendaba (SP);3;18496;0.743;107184658.75;1559.5905520112458;1118.1837586505192;5.670000000000001;0.4730805989168525;0.7398945518453427
3540853;Pracinha (SP);3;2578;0.6276;24499004.38;1514.4908611326612;2112.784309542281;1.11;0.2194891201513718;0.9094650205761317
3540903;Pradópolis (SP);3;17078;0.7378;140811739.28;2739.2520839676777;1340.1826015926924;6.02;0.41879205782171636;0.5987947986045037
3541000;Praia Grande (SP);3;349935;0.704;2236735466.57;1871.2885205252405;1519.440636803978;1.13;0.4620832288794184;0.6436310134201257
3541059;Pratânia (SP);3;5126;0.7765;40505264.57;1988.964566913773;1693.1579223566132;4.68;0.4278551532033426;0.41046831955922863
3541109;Presidente Alves (SP);3;3804;0.5973;31712602.29;1112.5284726603577;1746.5526498422714;7.33;0.5283246283648051;0.8920863309352518
3541208;Presidente Bernardes (SP);3;14490;0.6483;77273589.95;1124.7997481021393;1467.8751180124225;17.439999999999998;0.3985136569829167;1.1720147290899527
3541307;Presidente Epitácio (SP);3;39505;0.6565;177739260.44;1060.6340627768636;1118.1612998354638;5.88;0.4574801697103855;0.7561251947316244
3541406;Presidente Prudente (SP);3;225668;0.8226;1012874297.93;1021.0641604480919;918.2224578141341;0.73;0.44169168849421836;0.817746812146707
3541505;Presidente Venceslau (SP);3;35201;0.6823;178271830.32;1102.1360961336327;1392.4288815658647;2.5899999999999994;0.46159275867796046;1.0194368755676657
3541604;Promissão (SP);3;35131;0.6919;184145896.46;1270.8517753550996;1111.4108237738749;4.399999999999999;0.45548328292662715;0.7055538318336954
3541653;Quadra (SP);2;3405;0.7021;37724877.32;3723.300464023495;2710.5955007342145;56.07;0.49015317286652077;0.7364341085271318
3541703;Quatá (SP);3;13163;0.7594;95044747.55;1519.765017853073;1679.787365342247;2.63;0.45963628298957643;0.609083850931677
3541802;Queiroz (SP);2;3265;0.7009;49975874.33;3145.376327718224;3397.731188361409;8.41;0.43832599118942733;0.44622093023255816
3541901;Queluz (SP);3;9159;0.6153;76116659.42;2239.1702980674745;1696.9092302653128;10.09;0.45658396946564883;0.6003344481605352
3542008;Quintana (SP);3;7038;0.7399;51712244.88;1829.0398607558966;1940.5577919863597;2.86;0.46961787429526;0.6488269794721407
3542107;Rafard (SP);3;8965;0.6955;57576940.47;1442.2217278304518;1683.658913552705;5.16;0.4464343336560181;0.6305244549204478
3542206;Rancharia (SP);3;28588;0.7373;169994509.33;1674.0714541066181;1366.5953008255212;6.01;0.46275071633237824;0.745945945945946
3542305;Redenção da Serra (SP);3;4494;0.6399;36642683.12;1896.2500600801068;1965.4452091677792;50.72;0.5259762308998303;0.9558080808080808
3542404;Regente Feijó (SP);3;20145;0.7353;122873773.66;1495.554508314718;1114.7216778356913;3.4499999999999997;0.4504283965728274;0.7672316384180791
3542503;Reginópolis (SP);3;7662;0.7575;48857011.54;1275.4125502479772;1841.836122422344;3.3600000000000003;0.33090151120375194;0.8639921722113503
3542602;Registro (SP);3;59947;0.7648;288713088.77;1265.8826872070329;1039.084684471283;5.27;0.460447779374863;0.6130408807715285
3542701;Restinga (SP);3;6404;0.6686;47477925.37;2729.8958322923168;1752.9624141161776;11.970000000000002;0.44494584837545126;0.48382242287434163
3542800;Ribeira (SP);2;3132;0.6341;32714646.19;2421.762691570881;3284.8845530012773;42.65;0.5240875912408759;0.7483766233766234
3542909;Ribeirão Bonito (SP);3;10989;0.6626;61914414.83;2141.5734288834287;1353.6543024843027;1.93;0.46735211643744157;0.7199017199017199
3543006;Ribeirão Branco (SP);3;18627;0.6518;84643828.9;1592.5121624523542;1140.5879384764053;34.300000000000004;0.45160536159601;0.4007735073724921
3543105;Ribeirão Corrente (SP);3;4608;0.6757;44828948.12;3131.1414561631946;1860.0225390624998;14.08;0.489815712900097;0.5180360721442886
3543204;Ribeirão do Sul (SP);3;4677;0.6615;38763114.44;1688.7984284797947;2172.6423476587556;11.410000000000002;0.5014446227929374;0.9549436795994993
3543238;Ribeirão dos Índios (SP);2;2025;0.6138;26304094.58;2064.783733333333;2489.5403901234567;9.92;0.5033407572383074;1.2905405405405406
3543253;Ribeirão Grande (SP);3;7450;0.6152;48047299.52;2003.1268053691276;1096.5071906040268;35.42;0.458211000195733;0.696376811594203
3543303;Ribeirão Pires (SP);3;115559;0.7085;510657656.41;948.106098097076;1204.4025861248365;6.46;0.4219321020315249;0.7461934103987371
3543402;Ribeirão Preto (SP);3;698642;0.8389;3852342927.56;1001.8730812490518;1614.6311839826408;0.9900000000000001;0.40878532338007495;0.7222765001231872
3543501;Riversul (SP);3;5599;0.6136;37322619.3;1752.5177978210395;1609.7733077335238;22.18;0.5018776824034334;0.6916817359855335
3543600;Rifaina (SP);2;4049;0.7577;52416217.35;2516.9802074586314;2542.252916769573;2.0;0.456998920474991;0.7862165963431786
3543709;Rincão (SP);3;9098;0.6454;58478886.75;1461.6316047482962;1672.9638327104858;6.57;0.45381911153723237;0.7005988023952096
3543808;Rinópolis (SP);3;9259;0.7079;55748895.91;1079.4878734204558;1575.575803002484;5.340000000000001;0.5006482982171799;1.08013468013468
3543907;Rio Claro (SP);3;201418;0.813;1211283083.6;1250.0027572510896;2043.4199396280374;1.28;0.42795970309032777;0.742286489450746
3544004;Rio das Pedras (SP);3;31328;0.7159;156135625.93;1790.3355959525024;859.786850102145;1.4300000000000002;0.40996444484450245;0.4913228552717747
3544103;Rio Grande da Serra (SP);3;44170;0.5755;138651342.29;666.842295902196;513.4211102558298;12.08;0.4092460836550426;0.46360109539023275
3544202;Riolândia (SP);3;10309;0.666;74543699.92;1910.6405315743527;2184.4120486953148;5.489999999999999;0.3226841159866564;0.6546052631578947
3544251;Rosana (SP);3;17440;0.6668;147945626.36;1577.4386003440366;1781.9725808486237;16.319999999999997;0.46235116552071104;0.7667414290291573
3544301;Roseira (SP);3;10832;0.7652;62921503.28;1935.8887943131465;1374.1951846381094;3.0999999999999996;0.4452301534356238;0.5223540145985401
3544400;Rubiácea (SP);3;2700;0.6444;33212147.25;2508.074248148148;2396.9544962962964;8.1;0.46579804560260585;0.5132275132275133
3544509;Rubinéia (SP);2;3833;0.7064;43076474.4;2071.5670336551;1822.0327184972607;0.27;0.578665568369028;1.2697899838449112
3544608;Sabino (SP);2;5112;0.666;48655677.99;2262.7043192488263;1958.628141627543;2.41;0.5402229587225068;1.080046403712297
3544707;Sagres (SP);2;2474;0.5786;27073452.76;2025.4119563459983;1866.3963985448668;11.02;0.5337879727216367;0.7863070539419087
3544806;Sales (SP);3;6437;0.624;52148539.75;1735.223083734659;1874.922367562529;2.83;0.4928107606679035;0.90754039497307
3544905;Sales Oliveira (SP);3;11411;0.7516;74628285.53;1519.8441538866007;1841.545701516081;4.37;0.4462610899873257;0.7827848101265823
3545001;Salesópolis (SP);3;15202;0.606;87839510.8;1430.2525838705435;935.2573700828838;23.59;0.45864517367108043;0.6783707865168539
3545100;Salmourão (SP);3;4808;0.6154;30392264.45;1657.7015183028284;1372.4848939267888;3.79;0.49409571162212557;0.8068181818181818
3545159;Saltinho (SP);3;8161;0.808;53997548.55;1967.4889351795123;1676.712237470898;11.18;0.44544810485299324;0.9053030303030303
3545209;Salto (SP);3;134319;0.7291;615165606.53;1099.5287883322537;1799.6669133182945;1.62;0.4128580294312552;0.5512607698996127
3545308;Salto de Pirapora (SP);3;43748;0.6782;231814491.17;1400.1817742525373;1298.6862640577856;10.040000000000001;0.43846381481603264;0.6208824601920505
3545407;Salto Grande (SP);3;9050;0.6461;51955045.5;1633.450138121547;1811.3002519337015;18.849999999999998;0.5078307230923026;0.8317307692307693
3545506;Sandovalina (SP);2;3645;0.7526;58706557.54;4361.045119341564;2994.448776406036;25.18;0.4932404752150758;0.5318066157760815
3545605;Santa Adélia (SP);3;14018;0.7071;80851614.28;1626.483953488372;1678.292815665573;3.42;0.44739287558079505;0.827498945592577
3545704;Santa Albertina (SP);3;6393;0.7428;54790031.25;1573.6982402627877;1933.3907023306742;9.119999999999997;0.5367788461538462;0.991971454058876
3545803;Santa Bárbara d'Oeste (SP);3;183347;0.7812;838478934.69;1128.0477054983173;1697.341985197467;0.4600000000000001;0.4090283808396671;0.7206219894610933
3546009;Santa Branca (SP);3;13975;0.657;80624682.21;1501.9456314847941;1022.4139527728086;18.71;0.4533069883527454;0.8493848112006789
3546108;Santa Clara d'Oeste (SP);2;2598;0.8232;37252806.32;2648.5866166281753;2579.8890531177826;0.21;0.5327433628318584;0.7845849802371542
3546207;Santa Cruz da Conceição (SP);2;4277;0.7063;39386674.54;2131.1936544306755;2576.6989057750757;13.55;0.49650104968509445;1.2171875
3546256;Santa Cruz da Esperança (SP);2;2116;0.6475;28312432.53;3441.9998393194705;3054.846554820416;2.73;0.5422740524781341;0.828009828009828
3546306;Santa Cruz das Palmeiras (SP);3;28864;0.7027;133367034.65;1203.0569411723945;1335.3562070399114;1.61;0.4259460527615848;0.6491966335118592
3546405;Santa Cruz do Rio Pardo (SP);3;46442;0.8219;274195514.19;1512.449725679342;1843.9252263037768;5.31;0.48135625657873754;0.7580382106244176
3546504;Santa Ernestina (SP);3;6118;0.6864;33952558.97;1422.3753383458647;1096.5265560640732;0.68;0.4;0.5373790677220757
3546603;Santa Fé do Sul (SP);3;34794;0.8457;268322543.23;2210.1899258492845;1691.1521908949821;2.75;0.47008619232719284;0.8816167765939456
3546702;Santa Gertrudes (SP);3;23611;0.7395;213108049.94;2438.696293676676;1882.8177324128583;0.9099999999999999;0.3995850622406639;0.4167717528373266
3546801;Santa Isabel (SP);3;53174;0.6918;245862947.04;1334.9432634370182;1154.3936388084403;29.420000000000005;0.4331455677438482;0.6011756500946498
3546900;Santa Lúcia (SP);3;7149;0.6575;38826386.67;1480.4076192474472;1468.0659672681495;0.61;0.4204251937214385;0.645412130637636
3547007;Santa Maria da Serra (SP);3;5243;0.7393;40180667.4;2027.199650963189;2129.6736124356285;3.07;0.46207473508087005;0.5413953488372093
3547106;Santa Mercedes (SP);3;2956;0.6016;28230399.55;1609.6098274695532;1673.3248207036536;5.26;0.48022033049574364;0.7064056939501779
3547205;Santana da Ponte Pensa (SP);2;1670;0.6731;26231032.11;1989.1796646706587;2897.270443113772;11.99;0.5549348230912476;1.6371681415929205
3547304;Santana de Parnaíba (SP);3;154105;0.8166;1650868035.46;3139.1563212744554;2243.7263638428344;13.05;0.4337749576673303;0.4272201304068326
3547403;Santa Rita d'Oeste (SP);2;2733;0.6726;30880139.93;2105.7798390047565;2550.7711269667034;13.5;0.5475651189127972;1.4794871794871796
3547502;Santa Rita do Passa Quatro (SP);3;24833;0.777;143269843.84;1308.237128820521;1348.4393842870375;4.02;0.5047567109010483;1.239247311827957
3547601;Santa Rosa de Viterbo (SP);3;23411;0.6774;119558152.23;1375.9098594677714;1167.3860044423561;0.7100000000000001;0.4695248258113113;0.845546508758944
3547650;Santa Salete (SP);2;1645;0.6803;23659062.89;2009.7652826747722;2641.860887537994;19.81;0.525974025974026;1.1891891891891893
3547700;Santo Anastácio (SP);3;17963;0.6453;86033070.33;1138.9987290541667;1235.3471869954908;3.1299999999999994;0.4732223406872796;1.0090529247910864
3547809;Santo André (SP);3;748919;0.8087;3516459253.9;1007.6353760954122;1232.3825306074489;2.3299999999999996;0.4227563043090052;0.8383712380936645
3547908;Santo Antônio da Alegria (SP);3;6775;0.7134;46765320.08;2049.547766789668;1885.3456309963096;15.509999999999998;0.5068950177935944;0.8188347964884277
3548005;Santo Antônio de Posse (SP);3;23244;0.7277;157792451.62;1850.4133191361211;1818.5391279469973;2.6499999999999995;0.4197410212558026;0.5568645219755324
3548054;Santo Antônio do Aracanguá (SP);2;8379;0.6049;82718235.88;2791.3033237856544;2502.4275187969924;12.029999999999998;0.4610287707061901;0.6937860345932095
3548104;Santo Antônio do Jardim (SP);3;6126;0.6587;35917577.25;1769.829405811296;1559.0542539993469;25.060000000000002;0.4648493543758967;0.9171597633136095
3548203;Santo Antônio do Pinhal (SP);3;7133;0.6411;51241534.11;2265.259928501332;1393.0893523061825;25.209999999999997;0.42945891783567136;0.7144
3548302;Santo Expedito (SP);3;3000;0.6035;25325387.8;1681.4831933333332;1484.3814;4.51;0.5067805123053741;1.0676229508196722
3548401;Santópolis do Aguapeí (SP);2;3899;0.64;40427582.19;3021.4690869453707;2104.8957040266732;0.14;0.4521415270018622;0.6058201058201058
3548500;Santos (SP);2;418608;0.8104;3866240339.41;1798.324628721859;1985.681503650193;3.2099999999999995;0.4960009720604107;1.2989895643531555
3548609;São Bento do Sapucaí (SP);3;11674;0.7164;66595791.58;1307.726494774713;1264.8107863628575;22.460000000000004;0.4695367573011078;0.8914807302231237
3548708;São Bernardo do Campo (SP);3;810729;0.8489;5614425330.57;1498.1115677371847;1828.3171233420785;3.74;0.4058827507634362;0.6827953123876627
3548807;São Caetano do Sul (SP);2;165655;0.8675;2042467800.2;3650.830078415985;4215.9650491080865;0.04;0.49695918164484326;1.1703303208492837
3548906;São Carlos (SP);3;254857;0.843;1265482751.82;1166.180188183962;1605.9750693526173;1.11;0.4211541785859667;0.74509577393193
3549003;São Francisco (SP);2;2602;0.6457;28196431.56;1336.1743351268256;1715.5943735588007;9.67;0.5287896592244419;1.356020942408377
3549102;São João da Boa Vista (SP);3;92547;0.8283;540382792.94;1647.073523074762;1607.901892876052;3.03;0.43932254000839827;0.8801916932907349
3549201;São João das Duas Pontes (SP);3;2580;0.6614;27008017.16;2384.3089069767443;1666.8185930232557;6.7299999999999995;0.45516074450084604;0.930622009569378
3549250;São João de Iracema (SP);2;1846;0.6928;29092596.43;2110.4504387865654;2769.8550866738897;13.54;0.5168447000821693;0.855457227138643
3549300;São João do Pau d'Alho (SP);2;2242;0.6487;25913743.36;2335.918340767172;2783.2179170383583;0.54;0.5788732394366197;1.3965014577259476
3549409;São Joaquim da Barra (SP);3;48558;0.7664;254293043.96;1194.154543432596;1086.9503704847812;1.2300000000000002;0.43226263162551987;0.7202723324333842
3549508;São José da Bela Vista (SP);3;7626;0.5733;42077193.04;1670.6753894571202;1444.0219512195122;4.870000000000001;0.4687981510015408;0.547361729179911
3549607;São José do Barreiro (SP);2;3853;0.5873;48070309.1;2531.6537295613803;3049.4804775499615;29.4;0.5080234833659492;0.732977303070761
3549706;São José do Rio Pardo (SP);3;52205;0.7777;273821911.0;1103.9599783545636;1370.2846551096638;8.84;0.4778485491861288;0.8985490945900348
3549805;São José do Rio Preto (SP);3;480393;0.8469;2612036942.17;1030.1847752569251;1460.6856749577948;1.84;0.4238211958019781;0.7776065039841875
3549904;São José dos Campos (SP);3;697054;0.8387;4095931064.75;1437.0377731280503;1471.2270490378075;2.54;0.4292826459159926;0.6247642699157968
3549953;São Lourenço da Serra (SP);3;16067;0.7124;76624513.65;1312.5659276778488;1221.5891908881558;29.019999999999996;0.44604446044460444;0.611183355006502
3550001;São Luiz do Paraitinga (SP);3;10337;0.6302;65140609.34;1865.8064960820354;1526.8091012866403;31.680000000000003;0.4712496441787646;1.0667915106117354
3550100;São Manuel (SP);3;37289;0.739;188355882.85;1228.1618807154925;1171.570346482877;2.5999999999999996;0.4340268430565704;0.6897739182512352
3550209;São Miguel Arcanjo (SP);3;32039;0.6909;148260926.38;1441.0012628359189;1101.2650650769376;33.53999999999999;0.4565830150936534;0.5918529085433508
3550308;São Paulo (SP);3;11451999;0.8075;88977873623.73;1877.308264548399;1684.553688167454;3.9099999999999993;0.41696675547249634;0.7252529813557118
3550407;São Pedro (SP);3;38256;0.6958;218829176.4;1847.53329647637;1950.5621567858639;3.6999999999999997;0.4878655880522713;0.9206859592711683
3550506;São Pedro do Turvo (SP);3;7217;0.689;61642789.25;2499.312805875017;2325.1705362338926;17.549999999999997;0.498546511627907;0.6638946638946639
3550605;São Roque (SP);3;79484;0.8309;430499124.72;1882.1965070957676;1217.271937874289;21.28;0.4569517001191458;0.7110989086416364
3550704;São Sebastião (SP);2;81595;0.742;1240956233.53;3425.8345918254795;2790.6574220234083;10.21;0.4207731150966394;0.43676794101908556
3550803;São Sebastião da Grama (SP);3;10441;0.7174;58419346.13;1342.2135303131884;1517.9686064553205;7.6;0.4505418171714365;0.8876600698486612
3550902;São Simão (SP);3;13442;0.7567;92355293.94;1461.4835165897932;2267.602204285077;4.999999999999999;0.46076939795696586;0.9176843057440073
3551009;São Vicente (SP);3;329911;0.584;1506510774.65;1162.2390937859;906.2590394075978;5.470000000000001;0.42911414338314924;0.6399198755090554
3551108;Sarapuí (SP);3;10369;0.7485;60473746.67;1657.1362426463497;1195.7983064905006;27.550000000000004;0.47980590837733694;0.6504663721158567
3551207;Sarutaiá (SP);3;3704;0.6191;31033946.52;1778.4887607991361;1658.749184665227;10.57;0.4792332268370607;0.7777777777777778
3551306;Sebastianópolis do Sul (SP);2;3130;0.7593;51837794.82;2816.3589872204475;2964.9875942492013;10.97;0.5120772946859904;0.872791519434629
3551405;Serra Azul (SP);3;12746;0.6482;58333033.76;1174.2333759610858;1486.1273238663107;6.18;0.29664292980671414;0.62
3551504;Serrana (SP);3;43909;0.6907;220409917.78;1342.6984076157507;1137.2839192420688;0.54;0.40652828496380294;0.4178304100100547
3551603;Serra Negra (SP);3;29894;0.751;166672442.27;1295.4387214825717;1193.8137937378738;5.0699999999999985;0.48085401496012287;1.0539568345323742
3551702;Sertãozinho (SP);3;126887;0.7798;793075432.05;1351.3720969051203;1401.9111281691582;0.45000000000000007;0.414633874420264;0.542810918443541
3551801;Sete Barras (SP);3;12730;0.5586;75451311.14;1948.3415428122548;1395.3759937156326;14.92;0.5346594333936107;0.6293166789125643
3551900;Severínia (SP);3;14576;0.7139;88891170.7;1977.3072804610317;1312.8358150384192;1.61;0.41308773630635;0.5625229189585625
3552007;Silveiras (SP);3;6186;0.5343;50739788.31;2382.3185661170387;2014.488781118655;39.99;0.4648354250532797;0.7069565217391305
3552106;Socorro (SP);3;40122;0.7546;180245470.0;1337.742773540701;1278.581625043617;25.43;0.48473522554860676;1.0732826843937955
3552205;Sorocaba (SP);3;723682;0.8409;4222560840.18;1024.9304201845562;1753.9930539380557;1.34;0.40829781851441027;0.5894487246501974
3552304;Sud Mennucci (SP);3;7355;0.7255;62948725.51;2230.3446363018356;2556.088798096533;8.76;0.46135505662626664;0.7161862527716186
3552403;Sumaré (SP);3;279545;0.7593;1143200992.73;999.1298828811102;781.5225148366095;5.31;0.40167773120198963;0.462617078380895
3552502;Suzano (SP);3;307429;0.7114;1313313920.57;1106.3309459419897;973.2151762846056;5.6000000000000005;0.4177754001817016;0.44682414195135195
3552551;Suzanápolis (SP);2;3408;0.6716;44941473.01;2887.5545862676054;2570.35327758216;13.84;0.45578812473302005;0.7842809364548495
3552601;Tabapuã (SP);3;11323;0.648;69922734.77;1779.460708292855;1659.420939680297;3.4499999999999997;0.4570840303693218;0.9602649006622517
3552700;Tabatinga (SP);3;14769;0.6456;82921609.46;1560.9259814476268;1449.8471453720633;4.39;0.4667792233588241;0.6364902506963789
3552809;Taboão da Serra (SP);3;273542;0.7352;1095484716.01;1044.1766444641044;1018.0285651929136;2.43;0.38794625641858294;0.4696113481720678
3552908;Taciba (SP);2;6260;0.6568;61611037.42;2514.593976038339;2131.190258785942;5.56;0.4746760895170789;0.5779169929522318
3553005;Taguaí (SP);3;12669;0.7412;71895701.66;1841.644413923751;1518.9883952956034;7.029999999999999;0.4459027619265008;0.4900839054157132
3553104;Taiaçu (SP);3;5677;0.6276;37186178.61;1324.4618460454467;1548.0814091949974;4.839999999999999;0.4541495901639344;0.8054989816700611
3553203;Taiúva (SP);3;6548;0.7124;36410860.52;1520.042448075748;1631.9033995113014;5.45;0.3928951286960221;1.0185792349726777
3553302;Tambaú (SP);3;21435;0.7468;128667263.77;1343.3149017961277;1586.5975171448565;4.68;0.4764430362308858;0.7591556459816887
3553401;Tanabi (SP);3;25265;0.7423;133324643.88;1443.0891169602216;1502.1341634672472;4.37;0.4816443818906873;0.8674397453387903
3553500;Tapiraí (SP);3;7996;0.6437;50941699.05;1637.8338794397198;1435.37318034017;26.96;0.49962490622655664;0.5857142857142857
3553609;Tapiratiba (SP);3;11816;0.7252;70279986.49;1520.4508336154367;1261.050242044685;2.62;0.4386947522220869;0.8726611226611226
3553658;Taquaral (SP);2;2619;0.7679;30735733.83;2729.8100649102707;3791.804998090874;3.28;0.43743139407244785;0.8449074074074074
3553708;Taquaritinga (SP);3;52260;0.6911;267759767.67;1132.2199883275928;1448.7223765786453;3.27;0.44892979926804927;0.8136200716845878
3553807;Taquarituba (SP);3;24350;0.7541;129979229.78;1578.7978792607803;1312.8186238193018;7.39;0.4121672562779099;0.6379350080663747
3553856;Taquarivaí (SP);3;6876;0.7177;46557779.99;2257.423459860384;1458.0842655613728;46.57;0.4384937238493724;0.3991989319092123
3553906;Tarabai (SP);3;6536;0.6236;46477798.46;2484.7193864749083;1512.3681028151775;3.48;0.4402820625826355;0.5794466403162055
3553955;Tarumã (SP);3;14882;0.8121;113714969.0;2064.934588764951;1519.2003111140978;2.37;0.441914543164422;0.4585865046370323
3554003;Tatuí (SP);3;123942;0.7183;546528638.21;1434.456521195398;1182.1384594407061;3.2199999999999998;0.4381592230305984;0.5873302787002396
3554102;Taubaté (SP);3;310739;0.8004;1544816606.5;1401.408844528688;1395.6102812006218;2.03;0.43239941733967624;0.6782602472581539
3554201;Tejupá (SP);3;4127;0.6483;41638965.72;2497.819677732009;1614.699876423552;32.85;0.5012731902510004;0.6642512077294686
3554300;Teodoro Sampaio (SP);3;22173;0.6257;124451758.9;1677.9906354575385;1318.8840404997068;10.11;0.4655958754709498;0.5220397579948142
3554409;Terra Roxa (SP);3;7904;0.6916;45325619.57;1635.681432186235;1536.3331275303642;3.14;0.4470889783961919;0.7811816192560175
3554508;Tietê (SP);3;37663;0.8071;234334419.38;2007.1350248254255;1458.36222154369;1.8;0.4343984461286514;0.7610004631773969
3554607;Timburi (SP);2;2464;0.6591;33750208.89;2067.190888798701;2982.7945982142855;13.950000000000001;0.537117903930131;1.0847457627118644
3554656;Torre de Pedra (SP);2;2046;0.5824;25634911.82;3005.1525268817204;2402.1459090909093;6.510000000000001;0.5044117647058823;1.0356083086053411
3554706;Torrinha (SP);3;9335;0.7102;57442873.53;1555.242349223353;1569.2905891805035;5.6499999999999995;0.4926447073872721;0.9184308841843088
3554755;Trabiju (SP);2;1682;0.7168;24274034.57;3874.382461355529;3670.9781866825206;1.3399999999999999;0.4487510766580534;0.5552238805970149
3554805;Tremembé (SP);3;51173;0.6494;222877054.93;1320.3881890840873;784.9625306313876;5.329999999999999;0.3756922415183612;0.6046618440693535
3554904;Três Fronteiras (SP);3;6804;0.624;37651130.55;1190.3957466196355;1129.0481466784245;4.1;0.4921052631578947;0.8731218697829716
3554953;Tuiuti (SP);3;6778;0.645;34354829.41;1765.0981720271463;1028.5441959280024;4.44;0.5207538703163563;1.0816143497757849
3555000;Tupã (SP);3;63928;0.7961;284961127.09;1055.9651856776375;1157.7320216493556;2.6699999999999995;0.4807059804511975;1.0027019202933514
3555109;Tupi Paulista (SP);3;15854;0.6735;78982092.57;1185.186426138514;1547.4265617509777;6.6499999999999995;0.43787411572646473;1.2529164722351844
3555208;Turiúba (SP);2;1818;0.6452;30257846.64;2491.2784653465346;2874.0905830583056;1.98;0.579496090356212;1.3
3555307;Turmalina (SP);2;1669;0.7123;28751805.8;2681.1756980227683;3694.46257639305;9.26;0.5158946412352406;2.053763440860215
3555356;Ubarana (SP);3;5365;0.6927;59098456.81;2632.7541062441755;2328.319509785648;0.36;0.4670494941208641;0.5429087624209575
3555406;Ubatuba (SP);3;92981;0.7342;621138606.26;1584.5123592992118;1423.7784423699466;20.039999999999996;0.41573153463160617;0.5147850208044383
3555505;Ubirajara (SP);3;5132;0.7148;39467997.94;1921.7800058456742;1782.1181527669523;10.590000000000002;0.5085243974132863;0.5501792114695341
3555604;Uchoa (SP);3;10394;0.6477;65880797.89;1567.328650182798;1411.914974023475;4.3999999999999995;0.4842210481222333;0.9477311889718553
3555703;União Paulista (SP);2;1603;0.6656;23294787.53;2056.806849656893;3552.5309482220837;0.17;0.5108388312912346;0.5485714285714286
3555802;Urânia (SP);3;8833;0.6484;42231591.47;844.4230442658213;1379.7093603532207;8.97;0.48728742212493686;1.0553977272727273
3555901;Uru (SP);2;1387;0.7266;25639548.85;4148.664275414563;3582.1196467195387;0.56;0.544543429844098;0.9404761904761905
3556008;Urupês (SP);3;13744;0.7274;85197511.27;1586.9390628637952;1730.880026193248;4.06;0.4708904109589041;1.037037037037037
3556107;Valentim Gentil (SP);3;14098;0.7328;79061071.51;1259.2142928074904;1228.7793722513832;4.869999999999999;0.44284106028042164;0.636535552193646
3556206;Valinhos (SP);3;126373;0.8044;925075985.42;1432.4602359681262;1905.5910983358788;3.96;0.40570634037819797;0.7710498203360202
3556305;Valparaíso (SP);3;24241;0.6953;147962623.81;1378.5813332783302;2100.2785178004206;2.8499999999999996;0.3944431661297745;0.5340044742729306
3556354;Vargem (SP);3;10512;0.6297;48535618.68;1559.0582619863014;825.9947412480975;37.52;0.48202453122797123;0.6508932882665379
3556404;Vargem Grande do Sul (SP);3;40133;0.73;193127862.27;1062.8303787406871;1684.1220292527348;3.29;0.44790388916949275;0.7252640355753196
3556453;Vargem Grande Paulista (SP);3;50415;0.7768;273776416.49;1642.7648338788058;1467.1775933749877;11.94;0.43167490202760267;0.5089338892197737
3556503;Várzea Paulista (SP);3;115771;0.6947;408327924.16;971.4245763619559;632.7456417410232;2.4499999999999997;0.40080584662294605;0.47111071634764845
3556602;Vera Cruz (SP);3;10176;0.6705;54832430.89;1220.1401965408807;1414.495048152516;3.53;0.5026580035440047;1.0094451003541913
3556701;Vinhedo (SP);2;76540;0.81;812336897.82;2944.3158933890772;2688.8750446825193;1.2000000000000002;0.42974558224679643;0.700872393908029
3556800;Viradouro (SP);3;17414;0.6817;106455219.0;1620.8889083496038;1773.196259331572;2.56;0.4523769808173478;0.6627835683629675
3556909;Vista Alegre do Alto (SP);3;8109;0.7735;60038985.2;1708.2058490566037;2055.924778641016;4.49;0.42990654205607476;0.49387254901960786
3556958;Vitória Brasil (SP);2;1794;0.6115;25283194.26;2309.021739130435;2565.3600836120404;7.5;0.45028294260307195;0.8322368421052632
3557006;Votorantim (SP);3;127923;0.7304;542555996.44;1193.0207079258616;1098.4423415648475;2.69;0.4100082667401488;0.5185336381450033
3557105;Votuporanga (SP);3;96634;0.8365;502822091.07;1244.392016164083;1396.881546039696;1.57;0.4431600955794504;0.838196122158211
3557154;Zacarias (SP);2;2692;0.6903;39303330.64;2136.28661218425;2808.9338595839527;4.83;0.5183305132543711;0.8126232741617357
3557204;Chavantes (SP);3;12211;0.6071;60422585.6;1692.5558946851197;1351.5890770616659;5.39;0.48950963649670653;0.6953950147866498
3557303;Estiva Gerbi (SP);3;11295;0.7037;72284247.28;1919.7590748118637;1452.0785692784418;7.640000000000001;0.4252365930599369;0.5762394761459307
4100103;Abatiá (PR);3;7241;0.617;41299127.98;1221.8199281867144;1486.3414031211157;27.56;0.5158048984718443;0.7803468208092486
4100202;Adrianópolis (PR);3;6256;0.6747;53663341.32;1609.6341240409208;1997.9021323529412;39.97;0.5221411192214112;0.6381679389312978
4100301;Agudos do Sul (PR);3;10233;0.632;44747961.35;1221.1700703605982;1264.903429101925;65.83;0.4821842410196987;0.5214808043875686
4100400;Almirante Tamandaré (PR);3;119825;0.6037;348527271.49;714.1245602336741;605.3754213227623;13.670000000000002;0.42375922339325817;0.3160147601476015
4100459;Altamira do Paraná (PR);0;3590;0.6142;34598483.8;1670.698832869081;2179.7751810584955;82.19;0.48224607762180016;0.727810650887574
4100509;Altônia (PR);3;18742;0.728;92458854.87;1113.3202790523958;1261.9732493864049;38.18;0.5141379867506867;0.9255673222390318
4100608;Alto Paraná (PR);3;13909;0.5873;78075908.76;1279.5189639801567;1133.584568265152;33.64;0.5053030303030303;0.6313766596785465
4100707;Alto Piquiri (PR);3;9727;0.6661;43828049.48;1492.0888331448546;1715.4687005243138;33.54;0.4955412054120541;0.6830287206266319
4100806;Alvorada do Sul (PR);3;10326;0.6848;75709261.4;1375.0140528762347;1585.8039918651946;50.67;0.49673865777648935;0.9672789896670494
4100905;Amaporã (PR);3;4762;0.5958;42766381.82;1646.8168395632088;2415.8560394792107;62.08;0.43780193236714976;0.49638802889576883
4101002;Ampére (PR);3;19620;0.7463;101748730.73;1116.8072354740061;1243.0299362895005;15.17;0.45441067457375833;0.5534718702483528
4101051;Anahy (PR);2;2918;0.6963;35377863.9;1845.052474297464;2726.008834818369;16.669999999999998;0.5041237113402062;0.8314606741573034
4101101;Andirá (PR);3;19878;0.6732;126434105.12;1124.1438791628937;1494.2945029681057;18.2;0.48642787706572943;0.887695879280325
4101150;Ângulo (PR);2;3235;0.7215;38521875.3;1582.2406182380219;2087.2249860896445;52.169999999999995;0.503951650395165;0.6600306278713629
4101200;Antonina (PR);3;18091;0.6096;120549489.49;1319.0709629097341;1652.06576971975;22.950000000000003;0.5230678565415053;0.7234396671289876
4101309;Antônio Olinto (PR);0;7018;0.6021;44229300.04;1269.5090581362213;1344.6456982046166;61.419999999999995;0.4887568943572338;0.809897879025923
4101408;Apucarana (PR);3;130134;0.797;526805261.4;1108.8306829114606;1421.2095071234266;13.48;0.4560936311148906;0.6555113313297052
4101507;Arapongas (PR);3;119138;0.8108;524464085.79;985.856399553459;863.5494309120517;10.07;0.4396123590753652;0.6048789095240196
4101606;Arapoti (PR);3;25777;0.7678;171577341.61;1389.033806106219;1507.159524770144;22.41;0.4539455130012973;0.4532322137955941
4101655;Arapuã (PR);2;3527;0.5484;32629489.67;1737.1568613552595;1869.5261128437764;94.07;0.5027694929697486;0.9186991869918699
4101705;Araruna (PR);3;14485;0.6325;77521013.62;1136.8881104590955;1717.6936361753537;31.77;0.46594474243497624;0.6815193571950329
4101804;Araucária (PR);3;151666;0.7875;1722360448.11;2193.4144611844445;1695.9586082576188;9.479999999999999;0.40822655524605383;0.3566821982904928
4101853;Ariranha do Ivaí (PR);2;2329;0.645;33867144.54;2520.477127522542;3188.490154572778;93.18;0.5172638436482084;0.946078431372549
4101903;Assaí (PR);3;13797;0.738;76026353.68;1269.958195259839;1178.2255468580126;19.150000000000002;0.5309587217043942;0.9610655737704918
4102000;Assis Chateaubriand (PR);3;36808;0.7416;188882012.15;1487.8167892849378;1222.5650342316887;51.71999999999999;0.47521141437216946;0.7827394376785446
4102109;Astorga (PR);3;25475;0.7451;130428697.27;1242.1046261040235;1065.2992062806675;24.680000000000003;0.5012670163238847;0.8094022548393959
4102208;Atalaia (PR);2;3980;0.6698;39845852.84;1675.1219824120603;1658.346650753769;27.09;0.4626975376699743;1.060556464811784
4102307;Balsa Nova (PR);3;13395;0.7266;84282386.83;1651.1866360582305;1505.786494214259;24.099999999999998;0.4499891751461355;0.5138383102694829
4102406;Bandeirantes (PR);3;31273;0.6739;134970213.13;1326.5258098039842;1315.1308700796214;5.93;0.48635931558935364;0.7987343997187555
4102505;Barbosa Ferraz (PR);3;10795;0.6209;61366103.67;1312.4328151922186;1680.5060750347382;38.220000000000006;0.5093680089485458;0.9607104413347686
4102604;Barracão (PR);3;9759;0.7047;67302161.28;1307.3096065170612;1286.4053294394919;78.23;0.47372395046813653;0.5677161419290355
4102703;Barra do Jacaré (PR);2;2814;0.6546;30623592.57;2099.253702914001;2184.8811513859273;40.970000000000006;0.5243770314192849;1.029350104821803
4102752;Bela Vista da Caroba (PR);3;4031;0.601;31362466.25;1186.041587695361;1595.4954973951872;10.55;0.49851301115241636;0.7832446808510638
4102802;Bela Vista do Paraíso (PR);3;14833;0.6726;92297340.4;1109.7394222342075;1075.7579983819862;35.39;0.5084918132818061;0.8768768768768769
4102901;Bituruna (PR);3;15533;0.6983;114164277.0;1499.6055192171507;1373.7375349256422;39.790000000000006;0.47288071306656554;0.44886693782684484
4103008;Boa Esperança (PR);2;4558;0.6572;47700297.34;1504.4847455024135;1642.826761737604;77.3;0.46277278562259305;0.8092848180677541
4103024;Boa Esperança do Iguaçu (PR);2;2455;0.7035;32891621.6;1810.0590264765785;2180.3730020366597;90.01;0.48787878787878786;0.6805845511482255
4103040;Boa Ventura de São Roque (PR);0;6378;0.5918;61701811.43;1905.9279601756036;1606.7603747256194;91.86;0.4492160872528971;0.49546142208774585
4103057;Boa Vista da Aparecida (PR);0;7924;0.6888;55085023.21;1489.5857205956588;1494.276744068652;63.24;0.5294344721096313;0.6746031746031746
4103107;Bocaiúva do Sul (PR);3;13299;0.6138;66104755.25;1408.816278667569;1184.2997902097902;29.94;0.4827739993310291;0.46135673304083696
4103156;Bom Jesus do Sul (PR);2;3980;0.6729;33000437.87;2154.7491231155777;1599.4934899497487;89.02;0.5522620904836193;0.763387297633873
4103206;Bom Sucesso (PR);0;6581;0.5932;132521232.32;1194.5842698678014;1550.622478346756;97.04;0.5042285714285715;0.5950831525668836
4103222;Bom Sucesso do Sul (PR);2;3202;0.7293;44539967.35;2165.4036414740785;2570.935359150531;17.44;0.5291308500477555;0.7957860615883307
4103305;Borrazópolis (PR);3;7735;0.6667;43261730.95;1094.8503568196509;1853.4400245636716;82.28;0.4975798644724105;0.9907048799380326
4103354;Braganey (PR);3;4854;0.6357;38708387.35;1600.2522661722292;1505.243883395138;97.14999999999999;0.47942700396220667;0.8227114716106605
4103370;Brasilândia do Sul (PR);2;3708;0.6485;43077141.17;1574.3062189859763;2549.5981607335493;93.82;0.4714285714285714;0.659217877094972
4103404;Cafeara (PR);2;2627;0.6806;30902832.65;2086.968511610202;2249.8675789874383;88.89;0.4269418794133623;0.7161572052401747
4103453;Cafelândia (PR);3;18997;0.7932;148168080.59;1553.3827146391536;1299.2664778649262;14.45;0.41399330107927057;0.39819004524886875
4103479;Cafezal do Sul (PR);2;4473;0.6225;38632246.45;1946.5197965571206;2112.260102839258;97.86;0.5147307822553335;0.8905472636815921
4103503;Califórnia (PR);3;8710;0.6973;45458474.02;1229.8292376578643;1737.6342456946038;77.83;0.49348422496570643;0.6626227614095899
4103602;Cambará (PR);3;23212;0.6853;123775313.18;1038.1641353610203;1280.0322552989833;4.66;0.48861668697492466;0.7772334966176814
4103701;Cambé (PR);3;107208;0.7792;453202320.71;998.9327681702858;906.3961951533469;3.6199999999999997;0.4349117969858393;0.6595505617977528
4103800;Cambira (PR);3;9460;0.7273;47805580.16;1440.4737748414377;1033.9300359408035;38.61;0.4795120425398811;0.680921052631579
4103909;Campina da Lagoa (PR);0;15723;0.5606;60428041.38;1352.0701494625707;985.9220276028747;96.32999999999998;0.4925954053540915;0.6858349577647823
4103958;Campina do Simão (PR);2;3936;0.5845;42115446.69;2239.6227108739836;1675.7030157520326;95.50999999999999;0.4642857142857143;0.49819927971188477
4104006;Campina Grande do Sul (PR);3;47825;0.7177;254820890.62;1161.341021014114;867.8194103502352;8.62;0.4311149679813274;0.3818338768463457
4104055;Campo Bonito (PR);2;4027;0.7011;41403193.96;1975.3142811025577;2156.9636131114976;97.47;0.46970802919708027;0.6585051546391752
4104105;Campo do Tenente (PR);3;7508;0.6822;41469791.56;1422.1635908364412;1346.407029834843;48.739999999999995;0.4974072596729158;0.3894150417827298
4104204;Campo Largo (PR);3;136327;0.7832;566676471.55;1108.4423582269103;674.8277022893484;16.22;0.4169732876000416;0.5049894957983193
4104253;Campo Magro (PR);3;30160;0.655;135607687.34;1045.5276405835543;875.3316787135278;21.800000000000004;0.4009011101305216;0.40455655004068347
4104303;Campo Mourão (PR);3;99432;0.8233;566589365.54;1057.817261947864;1452.126569715987;6.76;0.432056802961128;0.575164085061696
4104402;Cândido de Abreu (PR);0;15244;0.6021;83018530.88;1335.7290730779325;1198.8271044345315;68.16;0.4831679315041837;0.6481911715897777
4104428;Candói (PR);3;14973;0.647;102372597.49;1637.3106772189942;1521.703440860215;42.730000000000004;0.4767728572837558;0.4481725584182145
4104451;Cantagalo (PR);3;10933;0.6172;67033603.6;1389.2102323241563;1093.5891960120734;28.19;0.49910873440285203;0.5582191780821918
4104501;Capanema (PR);3;20481;0.7332;108743301.67;1459.193272301157;1186.2724510521948;23.180000000000003;0.4815538194444444;0.7718924673941975
4104600;Capitão Leônidas Marques (PR);3;14648;0.7262;94872118.7;1433.9120787820862;1850.082852949208;79.62;0.503747048557643;0.6932367149758454
4104659;Carambeí (PR);3;23283;0.7779;152815955.03;1737.8227440621915;1365.5892200317828;13.049999999999999;0.4587431865171355;0.31738035264483627
4104709;Carlópolis (PR);3;16905;0.6601;79144913.58;1003.1214611061816;995.1293351079562;25.06;0.48380584569472485;0.6522781774580336
4104808;Cascavel (PR);3;348051;0.8313;1629700482.79;1074.5322272885296;1077.6475630295558;5.82;0.40776828617191674;0.47738096982663875
4104907;Castro (PR);3;73075;0.7815;386687996.75;1743.9600737598357;1306.2632361272665;23.41;0.4672516263753915;0.40916797868475235
4105003;Catanduvas (PR);3;10446;0.6494;60308202.53;1279.1373482672793;1081.2859754930118;81.31;0.4589385474860335;0.5767754318618042
4105102;Centenário do Sul (PR);3;10832;0.6154;53262990.59;1201.0873846011818;1125.8141820531757;76.91999999999999;0.48059048660470205;0.770392749244713
4105201;Cerro Azul (PR);0;16134;0.5433;80489869.74;1050.4993473410188;1053.6894576670386;42.31;0.46752774240494815;0.5306730196545563
4105300;Céu Azul (PR);3;11087;0.7377;80876471.46;1759.4511499954904;1385.894827275187;20.35;0.4667284032279402;0.7684210526315789
4105409;Chopinzinho (PR);3;21085;0.7888;154962382.07;1475.2987365425658;1934.7801565093669;24.54;0.47067029364581153;0.6028503562945369
4105508;Cianorte (PR);3;79527;0.8604;458547747.65;1165.7700828649388;1701.0495807713103;17.150000000000002;0.4516729642407316;0.6318670447800567
4105607;Cidade Gaúcha (PR);3;11467;0.6908;64834991.41;1281.0558611668266;1646.4733592046744;3.63;0.4583492305735724;0.5454545454545454
4105706;Clevelândia (PR);3;15070;0.663;88882020.82;1665.5020749834107;1364.1260623755807;19.9;0.5036918778686889;0.5580246913580247
4105805;Colombo (PR);3;232212;0.6982;793788197.82;1192.2679420960158;760.2006095722875;3.09;0.40659527040124055;0.3859145623851506
4105904;Colorado (PR);3;22896;0.7465;140335800.58;911.4008145527602;2230.0102227463312;8.68;0.4439959636730575;0.8271476771347003
4106001;Congonhinhas (PR);0;8320;0.5555;56391621.2;1743.5986478365385;1215.2677079326922;74.17;0.517694272163444;0.6822762299940723
4106100;Conselheiro Mairinck (PR);3;3461;0.6425;30197744.24;1603.417411152846;2135.532320138688;26.319999999999997;0.5067479320853286;0.7636363636363637
4106209;Contenda (PR);3;19128;0.6275;99015674.49;1220.3497741530741;1001.2152917189461;29.37;0.46171480972031176;0.5169470248556365
4106308;Corbélia (PR);3;17470;0.7366;115222548.46;1397.7571780194621;1702.0999004006867;29.330000000000002;0.4704149482366804;0.6356453028972783
4106407;Cornélio Procópio (PR);3;45206;0.8075;236341881.38;1090.8402245277177;1715.3914418440029;7.069999999999999;0.46687001103251347;0.9807268722466961
4106456;Coronel Domingos Soares (PR);2;5649;0.6808;58269433.51;2666.306240042485;2350.4146379890244;79.66;0.4815106215578285;0.3835719668425019
4106506;Coronel Vivida (PR);3;23331;0.7579;129076451.14;1622.2699194205136;1613.428907890789;49.97;0.49251535312180145;0.6920879120879121
4106555;Corumbataí do Sul (PR);2;3760;0.5908;33376682.5;1394.0551914893615;2063.4697712765956;32.7;0.5100401606425703;0.8703976435935199
4106571;Cruzeiro do Iguaçu (PR);2;4133;0.7356;41359629.27;1956.4556375514153;2164.380861359787;97.29;0.4915193071093468;0.6732186732186732
4106605;Cruzeiro do Oeste (PR);3;23831;0.7591;123483298.77;1003.6850065041333;1273.494532751458;25.820000000000004;0.4323235965861281;0.6964622641509434
4106704;Cruzeiro do Sul (PR);3;4494;0.6371;37187707.75;1396.5345549621718;1728.2174610591899;96.47;0.4748933377092222;0.7582017010935601
4106803;Cruz Machado (PR);3;15978;0.6222;94971255.38;1475.0922606083366;1582.296490173989;52.37;0.42698937215325533;0.6497584541062802
4106852;Cruzmaltina (PR);0;2892;0.6009;33144372.91;1982.7262932226831;2356.3789142461965;94.7;0.5213045765386639;0.8351851851851851
4106902;Curitiba (PR);3;1773718;0.8613;10826453808.49;1118.2064490691305;1553.8356827861026;1.23;0.4048294532016037;0.7784380925871157
4107009;Curiúva (PR);3;13647;0.626;68936670.67;1017.2322898805598;1076.9304697003004;57.37999999999999;0.46647324306898774;0.6161578555472822
4107108;Diamante do Norte (PR);2;5142;0.7072;43161360.14;1194.7712816024894;1847.2392687670167;32.11;0.47758620689655173;1.016990291262136
4107124;Diamante do Sul (PR);2;3171;0.5397;31444799.29;1534.1104383475245;1735.5718606117944;93.07000000000001;0.47419804741980476;0.639871382636656
4107157;Diamante D'Oeste (PR);2;4557;0.6289;31347998.44;1595.7374237436911;1839.440458635067;79.73000000000002;0.5215358931552587;0.6220145379023884
4107207;Dois Vizinhos (PR);3;44869;0.8113;241525920.43;1337.499273217589;1659.7238469767547;29.450000000000003;0.42355404676544306;0.509327303561334
4107256;Douradina (PR);3;9161;0.734;53374671.94;1332.4350354764763;1792.1604409998909;97.26;0.47306640939057726;0.6362625139043382
4107306;Doutor Camargo (PR);3;6327;0.7401;37388381.02;1589.4088952110005;1348.2015046625572;14.96;0.50356463878327;1.0335892514395393
4107405;Enéas Marques (PR);0;5999;0.727;49268075.05;1369.473005500917;1860.287614602434;84.23999999999998;0.4852686308492201;0.7375886524822695
4107504;Engenheiro Beltrão (PR);3;12454;0.6255;75119699.57;1555.6001991328087;1386.281713505701;69.17;0.47559241706161137;0.9050783103939251
4107520;Esperança Nova (PR);2;1849;0.7071;32449307.52;1976.1946673877771;2909.2653975121684;54.58;0.5590219224283305;1.1182108626198084
4107538;Entre Rios do Oeste (PR);2;4575;0.7548;65834359.35;2740.125272131148;4154.586128961749;57.050000000000004;0.46822849807445444;0.6598407281001137
4107546;Espigão Alto do Iguaçu (PR);0;4797;0.6242;40188635.96;1665.0586137169064;1537.6702376485302;96.14000000000001;0.5504201680672269;0.5453720508166969
4107553;Farol (PR);2;3039;0.5646;37565566.85;2168.938308654163;2257.72481408358;33.34;0.4824390243902439;0.7724014336917563
4107603;Faxinal (PR);3;16389;0.6816;89334389.36;1394.5941430227592;1423.739693696992;59.349999999999994;0.5114820621599189;0.6056745801968731
4107652;Fazenda Rio Grande (PR);3;148873;0.6646;527805309.32;1132.9766183928582;573.6026613287836;4.430000000000001;0.4142150110668858;0.22112691833762743
4107702;Fênix (PR);0;4492;0.6705;37846871.36;1433.712339715049;1475.030160284951;98.42;0.5150084317032041;0.940279542566709
4107736;Fernandes Pinheiro (PR);0;6255;0.737;55185189.44;2029.9469240607514;1490.5697681854517;87.51;0.47488799811365245;0.5097451274362819
4107751;Figueira (PR);3;8062;0.6328;37537332.69;1072.1905073182832;1264.3047841726618;54.82999999999999;0.4698268003646308;0.8096910112359551
4107801;Floraí (PR);2;4792;0.7249;37486195.87;1958.1337458263774;1757.471707011686;77.64999999999999;0.5665250081726054;1.2189500640204864
4107850;Flor da Serra do Sul (PR);2;4364;0.649;46857251.91;1943.8603620531624;2068.379635655362;87.13000000000001;0.475820087926953;0.6789976133651552
4107900;Floresta (PR);3;10458;0.683;60142464.2;1485.1662019506596;1337.5707161981259;61.08;0.4537114261884904;0.4722598105548038
4108007;Florestópolis (PR);3;11446;0.6604;56195789.36;968.3320732133496;1456.1680962781757;37.540000000000006;0.4428337325097693;0.6033774532177089
4108106;Flórida (PR);2;2652;0.6462;30719237.22;1757.1065196078432;2753.429347662142;3.61;0.49408450704225354;0.7062256809338522
4108205;Formosa do Oeste (PR);0;7635;0.6402;52925595.01;1431.060467583497;1246.2120615586116;84.53999999999999;0.5312876052948255;1.0455598455598456
4108304;Foz do Iguaçu (PR);3;285415;0.7541;1617301201.47;1042.3735087854527;1524.1011305993027;11.11;0.4058882638635759;0.4260916218133989
4108320;Francisco Alves (PR);3;8116;0.629;46463884.48;1263.517787087235;1667.8180704780682;37.080000000000005;0.5209895052473763;0.6247808299240211
4108403;Francisco Beltrão (PR);3;96666;0.8477;491050645.04;1096.1774853619681;1682.9238530610558;20.42;0.4190754415067749;0.5315735822737271
4108452;Foz do Jordão (PR);3;4926;0.5581;40241802.53;1491.0382927324404;1763.5711124644745;84.73;0.4945388349514563;0.5120593692022264
4108502;General Carneiro (PR);3;11062;0.599;69195180.83;1483.1754619417827;1340.0825366118243;29.990000000000002;0.48403541722565063;0.43745019920318723
4108551;Godoy Moreira (PR);2;2977;0.6413;29060781.27;1457.245948941888;2153.777987907289;29.9;0.5472972972972973;1.0728346456692914
4108601;Goioerê (PR);3;28437;0.6864;149272756.52;1189.778463269684;1395.0815838520239;22.16;0.4641643497065184;0.7296623177283192
4108650;Goioxim (PR);0;6566;0.5622;44320374.49;1736.762814498934;1405.031653975023;94.75;0.4692324904900425;0.48302687411598305
4108700;Grandes Rios (PR);0;5641;0.6088;32292590.06;1657.6075412160965;1712.1047597943625;98.91999999999999;0.5200754513608192;0.8037383177570093
4108809;Guaíra (PR);3;32097;0.7052;226253977.66;1374.1968283640215;1491.652132598062;34.1;0.48583464494028333;0.5350299839110721
4108908;Guairaçá (PR);3;6587;0.6608;42608096.52;1436.1615257325036;1810.661188705025;98.93;0.47955974842767296;0.5744837758112095
4108957;Guamiranga (PR);3;7856;0.6605;48904932.95;1129.8948930753565;1661.0395239307536;89.84000000000002;0.44624447717231225;0.520702634880803
4109005;Guapirama (PR);3;4626;0.6477;35755722.94;1887.5466493731087;2285.2297903156073;13.41;0.4784276126558006;0.5322415557830092
4109104;Guaporema (PR);2;2191;0.6625;26546124.55;1966.2237425832952;3076.4475034230945;81.75;0.45195493704440026;0.8284182305630027
4109203;Guaraci (PR);3;4748;0.6817;45498309.2;1452.7408761583824;1917.0133150800339;91.47;0.48886798369394796;0.8537455410225921
4109302;Guaraniaçu (PR);3;13735;0.6697;92010263.98;1222.6029945394976;1320.831269748817;58.010000000000005;0.5030641278179032;0.7565915170042032
4109401;Guarapuava (PR);3;182093;0.7506;815265141.37;965.2439230503094;919.7884258043966;15.219999999999999;0.44208092119330644;0.4557830225583518
4109500;Guaraqueçaba (PR);0;7430;0.4592;46783500.31;1481.8223203230148;1429.8703095558546;49.2;0.501010101010101;0.5375077495350279
4109609;Guaratuba (PR);3;42062;0.6972;282198578.53;1462.745883695497;1393.6921889116068;9.52;0.5113362796881176;0.6234314396532056
4109658;Honório Serpa (PR);2;4941;0.6859;45030174.04;1850.994905889496;2309.3695061728395;94.03;0.5077815074763503;0.5984630163304515
4109708;Ibaiti (PR);3;28830;0.7625;141738114.5;1019.4212379465833;1563.4412254595907;55.370000000000005;0.4690445859872611;0.6408199643493762
4109757;Ibema (PR);0;6218;0.6889;37359196.47;1504.7459472499197;1598.2645963332263;95.78;0.4868483978957437;0.5459377372817008
4109807;Ibiporã (PR);3;51603;0.7711;331329570.9;1569.5518121039474;1703.7016041703;2.8899999999999997;0.4677873538697841;0.6798774259448417
4109906;Icaraíma (PR);3;8991;0.625;66020821.94;1181.9683850517183;1503.2174174174174;98.62;0.48439821693907875;0.793398533007335
4110003;Iguaraçu (PR);3;5338;0.7791;45897742.65;1865.9118546272014;2508.572508430124;65.86;0.4525170068027211;0.5571161048689138
4110052;Iguatu (PR);2;2144;0.6487;25863245.7;2063.9893656716417;2321.6715625;96.62;0.463481228668942;0.9567723342939481
4110078;Imbaú (PR);0;14249;0.5404;63716565.95;1033.3791360797247;876.9039960698996;49.25;0.4776521829306232;0.4081320697034546
4110102;Imbituva (PR);3;29924;0.7336;158106489.33;1166.2189850955754;1204.4017099986634;34.74000000000001;0.43899975955758597;0.4127205199628598
4110201;Inácio Martins (PR);3;9670;0.6571;76300961.48;1414.0886473629785;1350.0043557394001;56.309999999999995;0.4806308375440208;0.4579656293543892
4110300;Inajá (PR);2;2536;0.6329;25664545.3;1456.0946648264985;2533.3223422712936;93.47;0.5277108433734939;0.825
4110409;Indianópolis (PR);2;4448;0.721;43846080.56;1724.4295571043165;2079.833941097122;56.27;0.49663526244952894;0.8177339901477833
4110508;Ipiranga (PR);3;14142;0.6264;85660511.87;1342.1275314665534;1381.0355692264177;58.599999999999994;0.4480851935285685;0.45478723404255317
4110607;Iporã (PR);3;15746;0.7085;111499028.11;907.6442531436555;1639.7463190651592;55.39;0.5150582122582508;0.7731036767141437
4110656;Iracema do Oeste (PR);2;2343;0.6263;30143341.66;2650.9506572769956;2633.725177123346;97.46000000000001;0.43566176470588236;0.7555555555555555
4110706;Irati (PR);3;59250;0.7588;273750856.41;1049.3555284388185;689.2493346835444;21.460000000000004;0.436572592377073;0.6096906847845521
4110805;Iretama (PR);0;10684;0.5897;72880043.5;1241.067011418944;1480.908960127293;96.25999999999999;0.4828591256072172;0.7053921568627451
4110904;Itaguajé (PR);3;4481;0.6163;37609922.26;1422.3420107118945;1433.7244677527337;62.99;0.5087542087542087;0.6388286334056399
4110953;Itaipulândia (PR);2;11485;0.7848;208202277.35;3675.978719198955;3060.299375707444;32.65;0.4733803720333547;0.49271844660194175
4111001;Itambaracá (PR);3;5908;0.6208;38251790.42;1243.04163337847;2037.1954739336493;25.560000000000002;0.5013977128335451;0.9211295034079844
4111100;Itambé (PR);3;6111;0.6784;40276795.12;1457.4489952544593;1461.3409834724268;15.12;0.4675792507204611;0.8939688715953308
4111209;Itapejara d'Oeste (PR);3;12344;0.7901;71364643.09;1284.352415748542;1460.4285069669475;56.260000000000005;0.4723282442748092;0.625615763546798
4111258;Itaperuçu (PR);3;31217;0.5332;105219210.57;981.5884809558894;777.9030409712657;15.750000000000002;0.42843415393063056;0.2808481532147743
4111308;Itaúna do Sul (PR);3;3572;0.6024;32229237.82;1304.73163493841;2420.42390537514;92.62;0.5206470838654746;0.7597122302158273
4111407;Ivaí (PR);3;13229;0.6298;71547945.2;1263.2773414468213;968.7883641998638;48.080000000000005;0.47185135736537603;0.4975282485875706
4111506;Ivaiporã (PR);3;32720;0.7448;159523930.14;1033.1860895476773;1029.1142145476774;80.28999999999999;0.4694390802532896;0.8367597961693902
4111555;Ivaté (PR);3;6831;0.7033;42195751.47;1579.0893675889326;1847.0404318547799;54.83;0.476972972972973;0.7301960784313726
4111605;Ivatuba (PR);2;2708;0.7587;32133264.07;1533.6955022156574;2014.577274741507;36.21;0.5128491620111731;1.0629213483146067
4111704;Jaboti (PR);3;5427;0.6301;35602232.43;1075.623583932191;1603.2158098396903;84.46000000000001;0.48036006546644844;0.7147030185004869
4111803;Jacarezinho (PR);3;40375;0.7567;178286640.13;1205.6959264396285;873.2247232198143;5.609999999999999;0.47693602077770053;0.6130149696894718
4111902;Jaguapitã (PR);3;15122;0.7034;92131392.44;1582.1800648062426;2027.0250581933606;6.43;0.4484674329501916;0.5161917098445595
4112009;Jaguariaíva (PR);3;35141;0.7107;204987308.97;1106.4259414928433;1268.135254261404;14.819999999999999;0.45240752221533376;0.41111254350908855
4112108;Jandaia do Sul (PR);3;21408;0.7662;103126159.46;1178.118119861734;1332.9725569880418;40.290000000000006;0.4695222405271829;0.8842975206611571
4112207;Janiópolis (PR);3;5870;0.6676;43376247.43;1060.1405110732537;1482.4348245315161;98.57000000000001;0.49821337417049516;1.008230452674897
4112306;Japira (PR);3;4972;0.6019;34825518.17;1370.826733708769;1867.2237208366855;87.55999999999999;0.5098694199817795;0.7220512820512821
4112405;Japurá (PR);3;9144;0.6783;56549013.46;1077.9044335083115;1229.926113298338;27.39;0.47412542318233114;0.991198375084631
4112504;Jardim Alegre (PR);3;12004;0.6092;60659370.39;1287.3235246584472;1192.9606097967344;45.50000000000001;0.5057701956848971;0.8876404494382022
4112603;Jardim Olinda (PR);2;1343;0.6574;30099559.59;3192.2249367088607;4579.162717795979;87.9;0.45346320346320346;0.48056537102473496
4112702;Jataizinho (PR);3;11813;0.6888;60287731.91;1215.8215516803523;1401.6227943790739;7.06;0.47773329997498126;0.6404639175257731
4112751;Jesuítas (PR);3;10506;0.6197;59696945.98;934.6117723205787;1249.4474176660956;98.55;0.5092659100703922;0.900804289544236
4112801;Joaquim Távora (PR);3;11945;0.7216;72977257.86;1450.5867300125574;1247.213549602344;11.870000000000001;0.47815864373221134;0.6
4112900;Jundiaí do Sul (PR);0;3333;0.5937;29867765.27;1818.3707260726073;2228.766603660366;96.32000000000001;0.5324137931034483;0.8236220472440945
4112959;Juranda (PR);3;7771;0.7057;50398544.99;1193.4858808390168;1275.1350920087507;98.22;0.44603647190174917;0.6328337874659401
4113007;Jussara (PR);3;6690;0.6515;57080873.51;1603.468995515695;2448.7165321375187;1.16;0.46871569703622395;0.6824271079590228
4113106;Kaloré (PR);0;4582;0.6712;38075423.72;1707.294921431689;2087.4720755128765;98.63;0.5122112211221123;1.0776439089692103
4113205;Lapa (PR);3;45003;0.7376;238529768.5;1159.123096460236;1160.975233206675;30.26;0.43991169130351315;0.6207709536720499
4113254;Laranjal (PR);0;5600;0.5565;44989801.19;1509.2801696428571;1083.7397660714287;91.42;0.48462354188759277;0.4247856586126267
4113304;Laranjeiras do Sul (PR);3;32227;0.7285;198983604.62;1271.3108021224439;874.1875833928073;42.55;0.4674650516825281;0.5317815577439571
4113403;Leópolis (PR);0;3752;0.6214;38722423.37;2261.800098614073;1678.5881396588486;95.69;0.5383353833538336;0.9597014925373134
4113429;Lidianópolis (PR);3;3938;0.6334;32284796.21;1367.8270975114272;1890.1821305231083;57.38;0.5364806866952789;0.9642857142857143
4113452;Lindoeste (PR);0;5175;0.7063;39215695.45;2054.421358454106;1881.1239149758453;87.30999999999999;0.5328791469194313;0.6971698113207547
4113502;Loanda (PR);3;23225;0.7451;105943453.16;1104.1627345532831;1560.223457050592;21.040000000000003;0.46317646317646316;0.5841413488472312
4113601;Lobato (PR);3;4601;0.6541;39173111.3;1459.859500108672;1952.7218778526405;3.92;0.434674150296227;0.7490589711417817
4113700;Londrina (PR);3;555965;0.8119;2867994643.19;1089.4620378800823;1439.7297143525223;4.43;0.43773888397544314;0.744810027418723
4113734;Luiziana (PR);0;6690;0.628;55274125.25;1894.3689103139013;1784.5305007473842;41.08;0.48964595858383436;0.5420757363253857
4113759;Lunardelli (PR);3;4872;0.5949;36397758.99;1490.9111884236454;1498.2460077996716;61.379999999999995;0.5106976744186047;1.0283251231527093
4113809;Lupionópolis (PR);3;4813;0.6979;31340685.69;1260.4657344691461;1825.5287762310409;73.78;0.47411944869831546;0.7630979498861048
4113908;Mallet (PR);3;13428;0.7035;85004801.56;1287.8219459338695;1307.4134986595175;40.27;0.4297274275979557;0.6520671305771593
4114005;Mamborê (PR);3;13452;0.6899;92367437.24;1285.3394766577462;1587.0644937555753;28.75;0.4692005242463958;0.7463414634146341
4114104;Mandaguaçu (PR);3;31457;0.712;128241748.19;1222.417299170296;734.7426738086912;11.66;0.43961374765456956;0.45215419501133786
4114203;Mandaguari (PR);3;36716;0.7977;174667438.4;1331.2503924719467;1050.0293787449614;21.23;0.4643640569536952;0.7279608192341941
4114302;Mandirituba (PR);3;27439;0.6544;130643028.87;1212.4876066912059;912.0166992237326;45.01999999999999;0.46779715416711243;0.5331346423562412
4114351;Manfrinópolis (PR);2;2770;0.6687;29905855.03;1741.474833935018;2182.3044801444044;95.74999999999999;0.4868491680085883;0.701688555347092
4114401;Mangueirinha (PR);2;16603;0.7245;148582669.92;1841.5255604408842;2501.0163705354457;51.52;0.4824107142857143;0.49750554323725055
4114500;Manoel Ribas (PR);3;14240;0.5853;78890357.78;1269.9326299157303;1325.274268258427;60.33;0.5010013702961948;0.515625
4114609;Marechal Cândido Rondon (PR);3;55836;0.832;342573872.74;1351.629668672541;1774.9984338061467;28.369999999999997;0.4427161387008423;0.6196237829662539
4114708;Maria Helena (PR);3;5865;0.6376;38886073.91;1333.7635413469736;2034.8079488491048;79.58000000000001;0.4751006036217304;0.8375486381322957
4114807;Marialva (PR);3;41851;0.7404;217997161.92;982.0406176674393;1268.9839982318224;14.999999999999998;0.46716914986853636;0.6504830319544216
4114906;Marilândia do Sul (PR);3;8677;0.6311;49998762.47;1352.396926357036;32.868924743574965;67.14;0.4857876712328767;0.6688235294117647
4115002;Marilena (PR);3;7253;0.6212;50752372.01;1360.921959189301;1836.3678726044395;65.10000000000001;0.4926939699526652;0.6966690290574061
4115101;Mariluz (PR);3;9847;0.5342;65546551.0;1041.3863501574085;1372.6822900375748;33.910000000000004;0.48544275154623623;0.5789990186457311
4115200;Maringá (PR);3;409657;0.8779;2472829649.43;1330.073594397264;1559.9801129481493;2.29;0.4139804431190222;0.7841013893434088
4115309;Mariópolis (PR);3;6371;0.7156;54829794.87;1403.012781353006;1699.8280897818238;26.400000000000002;0.5169047619047619;0.7148499210110585
4115358;Maripá (PR);3;6555;0.76;60226237.21;1752.9814919908467;1663.6900686498857;33.15;0.49862825788751713;0.6472809667673716
4115408;Marmeleiro (PR);3;15901;0.7386;90012744.58;1154.2623463933085;1483.0415936104646;53.61;0.4831638839660479;0.6428797970187123
4115457;Marquinho (PR);0;4504;0.5909;40270370.49;1528.8897446714032;1869.4128929840142;96.23;0.517009093971034;0.6056485355648535
4115507;Marumbi (PR);3;4699;0.6521;31112471.43;1503.9797744200894;1933.692564375399;98.67;0.48373855383643827;0.7609195402298851
4115606;Matelândia (PR);3;18450;0.7189;142603393.3;1458.8514493224932;1247.1079636856368;17.07;0.47246608140462887;0.5218508997429306
4115705;Matinhos (PR);3;39259;0.6566;263608761.81;1422.650118698897;1628.3499536412032;5.48;0.49296470946151505;0.7002885624344176
4115739;Mato Rico (PR);2;3267;0.5434;39972026.55;2205.3531007040096;2989.3940373431283;91.99;0.45848214285714284;0.7116666666666667
4115754;Mauá da Serra (PR);3;9383;0.6496;61948001.01;1631.498830864329;1336.886651390813;38.38;0.4711508309814989;0.34451901565995524
4115804;Medianeira (PR);3;54369;0.7888;271477605.01;1129.9337780720632;1159.726408431275;21.22;0.40932655917880656;0.5014738043168204
4115853;Mercedes (PR);2;5931;0.7832;60254142.44;1882.2276260327096;2198.01944191536;55.15;0.4772104607721046;0.6762904636920385
4115903;Mirador (PR);2;2238;0.7152;29534930.68;2554.9802457551386;3346.2448436103664;96.21000000000001;0.5;0.5193482688391039
4116000;Miraselva (PR);2;1966;0.606;22220649.35;2968.511556459817;3268.9785452695833;96.8;0.5030581039755352;1.0371517027863777
4116059;Missal (PR);2;11064;0.6569;106869582.87;1786.5263204989155;2102.1794495661607;37.20000000000001;0.49695575700175887;0.8475855130784709
4116109;Moreira Sales (PR);3;11175;0.645;63428900.09;1115.234812527964;1267.6673539149888;69.71999999999998;0.5074868474301902;0.9381761978361669
4116208;Morretes (PR);3;18309;0.5547;78183752.02;1532.9778737233055;1055.9826637172976;38.29;0.4910823356950892;0.6461916461916462
4116307;Munhoz de Melo (PR);2;3951;0.6824;38522365.96;1751.3837939762084;1892.086276891926;22.75;0.5161166538756715;0.8628808864265928
4116406;Nossa Senhora das Graças (PR);3;3669;0.5776;29225170.84;1536.1680566911964;2051.637078222949;96.39999999999999;0.45710881652104846;0.6827485380116959
4116505;Nova Aliança do Ivaí (PR);2;1323;0.7513;25514727.35;3315.801065759637;3561.744671201814;89.58;0.44906900328587074;0.6334661354581673
4116604;Nova América da Colina (PR);0;3280;0.643;35203917.9;;;76.2;0.4577777777777778;0.7850953206239168
4116703;Nova Aurora (PR);3;13765;0.7606;85100218.19;1289.4585339629498;1206.7653098438068;47.169999999999995;0.49522050836411036;0.6841521980051718
4116802;Nova Cantu (PR);0;6790;0.5278;51290027.7;1380.2244388807069;1589.0498865979382;78.96000000000001;0.4764079147640791;0.6892829606784888
4116901;Nova Esperança (PR);3;26585;0.7379;129986336.73;943.5479149896559;1013.8591152905775;29.849999999999998;0.46457690612604674;0.7862740944715103
4116950;Nova Esperança do Sudoeste (PR);0;5597;0.6876;46726654.04;1473.0767375379667;1775.8896551724135;97.17999999999999;0.4586916862131874;0.5813117699910153
4117008;Nova Fátima (PR);0;7225;0.6131;45398671.36;1473.153508650519;1890.1507252595156;99.14999999999999;0.4893836322407751;0.8460342146189735
4117057;Nova Laranjeiras (PR);0;12074;0.5319;63399667.3;1173.3990433990393;1134.1469264535365;78.13;0.5386772014782719;0.4304568527918782
4117107;Nova Londrina (PR);3;12923;0.7647;81056492.24;1262.512890969589;1548.5904836338311;2.59;0.45890720252878753;0.6221069433359936
4117206;Nova Olímpia (PR);3;5833;0.7617;40109710.5;1240.8202485856336;1747.5216852391566;20.78;0.49602462169787126;0.833175355450237
4117214;Nova Santa Bárbara (PR);0;4184;0.619;31427648.69;1926.5963456022944;2104.2499043977054;91.06;0.5034135824649658;0.7360594795539034
4117222;Nova Santa Rosa (PR);3;8322;0.7739;64520664.78;1618.9769370343668;1473.762305936073;11.629999999999999;0.475531914893617;0.6931818181818182
4117255;Nova Prata do Iguaçu (PR);3;12699;0.6993;84575269.33;1285.7729585006693;1533.6645491771005;64.24;0.47132429614181437;0.5616122840690979
4117271;Nova Tebas (PR);0;6848;0.5182;53230225.33;1408.9107768691588;2111.419234813084;86.83;0.5043936731107206;0.799373040752351
4117297;Novo Itacolomi (PR);2;3125;0.6168;34631683.58;1832.749376;2084.3957696;54.36000000000001;0.46507266760431315;0.9224806201550387
4117305;Ortigueira (PR);0;24192;0.6311;236410858.81;2166.273471395503;2117.9207647156086;55.73;0.4907567167858023;0.49671114452170645
4117404;Ourizona (PR);2;3187;0.6694;29692718.6;1858.5316881079382;2282.8195073737056;71.4;0.501885014137606;0.9541284403669725
4117453;Ouro Verde do Oeste (PR);3;6785;0.7078;48720611.02;1410.4201193809874;1520.9486337509213;72.25000000000001;0.4603960396039604;0.5567685589519651
4117503;Paiçandu (PR);3;45962;0.644;146782187.28;1213.4474809625342;818.8944830512162;11.83;0.4386503067484663;0.45343289773905826
4117602;Palmas (PR);3;48247;0.6619;204082502.57;1355.7139434576243;1026.1514821646942;16.259999999999994;0.46763399647137555;0.33957825026141514
4117701;Palmeira (PR);3;33855;0.7469;196546754.94;1351.761559297002;1313.1114054054055;21.999999999999996;0.4383125159316849;0.5307121661721068
4117800;Palmital (PR);0;13033;0.6165;79586218.08;1475.0733323102895;1080.6870682114632;59.74999999999999;0.4940960678665597;0.5712723295661685
4117909;Palotina (PR);3;35011;0.8108;261771004.22;1389.8203207563338;1750.604585987261;24.860000000000003;0.46747422248302456;0.557464041335009
4118006;Paraíso do Norte (PR);3;13245;0.7755;75176499.21;1582.2470637976594;1491.8007995469989;20.529999999999998;0.4515068493150685;0.5430711610486891
4118105;Paranacity (PR);3;9557;0.6925;59046593.86;1355.4311991210632;1367.3882588678455;35.4;0.45930676439151014;0.589012150026413
4118204;Paranaguá (PR);3;145829;0.638;1020102407.61;1547.5342700697395;1161.5850889740723;8.620000000000001;0.43710704219800145;0.4192691667733265
4118303;Paranapoema (PR);2;2398;0.7315;29862418.94;1901.5739366138448;2846.050704753962;28.82;0.47206875383670965;0.538
4118402;Paranavaí (PR);3;92001;0.7995;426562692.07;1127.8040056086345;885.0459145009294;11.639999999999999;0.46741418910297305;0.6583668156867184
4118451;Pato Bragado (PR);2;5733;0.7242;74400545.88;3238.2113099598814;2521.202806558521;78.02000000000001;0.4988235294117647;0.6781002638522428
4118501;Pato Branco (PR);3;91836;0.8568;516322244.77;1278.037881549719;2065.0991962846815;4.950000000000001;0.41921525599221127;0.5200605177630842
4118600;Paula Freitas (PR);2;5666;0.6732;44463974.74;2086.850243558066;1663.8025326509003;59.82;0.43624841571609635;0.6374881065651761
4118709;Paulo Frontin (PR);3;6343;0.7082;44913664.37;1765.6977597351413;1605.148032476746;40.41;0.4286036036036036;0.7868544600938967
4118808;Peabiru (PR);3;13346;0.6414;81845917.38;1549.0583320845196;1427.468338078825;9.489999999999998;0.48602605500501056;0.6434487951807228
4118857;Perobal (PR);3;7189;0.6915;45343517.11;1340.2659132007232;1222.925480595354;2.2;0.4686414708886619;0.6385714285714286
4118907;Pérola (PR);3;11878;0.6764;67340081.42;1421.135599427513;1305.9064539484762;75.66;0.5046871041297187;0.8076225045372051
4119004;Pérola d'Oeste (PR);3;6221;0.6559;48336817.07;1251.1037051920912;1784.741718373252;15.020000000000001;0.505566311713456;0.9763481551561022
4119103;Piên (PR);3;13655;0.729;89459873.43;1553.0092215305747;1302.9930333211278;85.26;0.45343267695582756;0.42570281124497994
4119152;Pinhais (PR);3;127019;0.8038;696274103.26;1213.2968258292067;902.6073613396421;0.9299999999999999;0.3930576880894933;0.5159038998392691
4119202;Pinhalão (PR);0;6566;0.6512;38875955.94;1321.3895476698144;1180.7527124581177;89.67;0.47418051189941623;0.7526970954356846
4119251;Pinhal de São Bento (PR);2;2761;0.6795;28209394.16;1935.2367222021007;2080.9273415429193;95.71000000000001;0.46394485683987274;0.6957364341085271
4119301;Pinhão (PR);0;29886;0.5557;192150108.18;1421.4333386870107;962.7727113029512;56.47999999999999;0.4865698368483884;0.38929129385030536
4119400;Piraí do Sul (PR);3;23651;0.6657;139110374.56;1501.9464542725468;1249.675535495328;29.34;0.4816137317546827;0.5169692186266772
4119509;Piraquara (PR);3;118730;0.6021;440705668.26;1010.3346107133834;535.163258990988;4.130000000000001;0.3967085063582999;0.2912773778526574
4119608;Pitanga (PR);3;33567;0.6723;177222302.93;1286.1255232817946;994.2770202877826;47.64;0.4526138133979574;0.5550104073743681
4119657;Pitangueiras (PR);2;3046;0.6711;32425340.99;1603.149458305975;1715.7472915298752;78.07000000000001;0.47078705939159826;0.6638225255972696
4119707;Planaltina do Paraná (PR);2;4070;0.6061;36515184.13;1836.0883488943489;2947.273658476658;28.23;0.4789244186046512;0.6683544303797468
4119806;Planalto (PR);0;14374;0.6195;83106852.98;1258.8787373034645;1302.436860999026;97.79;0.466734693877551;0.85257189145403
4119905;Ponta Grossa (PR);3;358371;0.7985;1337790832.72;1065.3813932488958;701.6724981932132;5.499999999999999;0.4358387755919708;0.4858762464144243
4119954;Pontal do Paraná (PR);3;30425;0.6185;180452849.34;1828.0125294987674;1531.1201278553822;13.679999999999998;0.49736699640730353;0.7940706550683473
4120002;Porecatu (PR);3;11624;0.6393;63974117.08;1298.7531555402616;1422.0931624225739;3.64;0.4771889693734909;0.9878242456326098
4120101;Porto Amazonas (PR);3;4098;0.7429;33820692.98;1714.613157637872;1819.0006490971207;6.25;0.4552556818181818;0.5945273631840796
4120150;Porto Barreiro (PR);2;3110;0.5856;43390406.34;2088.8844308681673;2389.9881736334405;96.02000000000001;0.49089165867689355;0.7038269550748752
4120200;Porto Rico (PR);2;3182;0.7319;43751744.07;2393.8895254556883;2458.2571967316153;17.98;0.4148510449088484;0.5170731707317073
4120309;Porto Vitória (PR);3;3562;0.6607;31779373.07;2166.9091240875914;2169.1275238629983;25.13;0.4978973927670311;0.6513249651324965
4120333;Prado Ferreira (PR);3;3709;0.6243;32249343.97;1813.1188002156916;2117.5050067403613;5.41;0.4889602569249297;0.6415094339622641
4120358;Pranchita (PR);3;5737;0.7202;44011822.79;1504.7554366393588;2068.711284643542;31.430000000000003;0.5045895620246525;0.7814814814814814
4120408;Presidente Castelo Branco (PR);3;4336;0.6699;32775505.15;1524.2990590405902;1853.245588099631;12.42;0.4272547728768927;0.6164383561643836
4120507;Primeiro de Maio (PR);3;10082;0.6399;65432648.19;1484.913971434239;1250.2740706209086;30.82;0.48789846517119245;1.0937302089930336
4120606;Prudentópolis (PR);3;49393;0.6733;223281308.91;1082.2257813860263;790.7301579171137;48.44000000000001;0.4562474202488354;0.6059568285595683
4120655;Quarto Centenário (PR);3;4201;0.6698;42185134.51;1674.2926517495837;1976.697893358724;35.870000000000005;0.46325322187391155;0.6583541147132169
4120705;Quatiguá (PR);3;8099;0.7143;42718360.05;1092.4320792690455;1449.5656673663416;14.68;0.4669443941314979;0.774260151410874
4120804;Quatro Barras (PR);3;24191;0.7801;169761759.42;1562.9193985366455;1235.886678103427;11.34;0.4179121974092961;0.4262852570514103
4120853;Quatro Pontes (PR);2;4480;0.8273;48252616.2;2080.0832254464285;2501.9612745535715;52.07;0.49732620320855614;0.8325123152709359
4120903;Quedas do Iguaçu (PR);0;30738;0.6866;140305190.97;1383.1045715401133;1277.5918693473877;47.80000000000001;0.47906842459821;0.5009799487411428
4121000;Querência do Norte (PR);0;10685;0.591;78920402.02;1435.853393542349;1637.2527711745438;83.0;0.4946146314169814;0.5556533216014078
4121109;Quinta do Sol (PR);0;5001;0.6069;39530958.31;1482.1194541091782;1855.639402119576;75.01;0.4977538185085355;0.73125
4121208;Quitandinha (PR);3;18398;0.6176;101115122.06;1183.6469632568756;1041.3272513316665;78.24;0.4631779863209798;0.6332024677509815
4121257;Ramilândia (PR);2;4221;0.5366;36446213.03;1694.1280478559581;1902.8044183842692;80.75999999999999;0.48679112363508276;0.49891540130151846
4121307;Rancho Alegre (PR);2;3512;0.5583;31508993.96;1745.8533798405467;2080.0577334851937;61.33;0.5079433233147274;1.2362948960302458
4121356;Rancho Alegre D'Oeste (PR);2;2618;0.5714;32005969.1;2107.2548281130635;2143.5021122994654;78.12;0.4900398406374502;0.7289156626506024
4121406;Realeza (PR);3;19247;0.778;97770340.52;1422.7313721618953;1533.3016355795708;7.279999999999999;0.4551296590307704;0.6806253489670575
4121505;Rebouças (PR);3;14514;0.6334;78259293.06;1439.2050544302053;1104.8019994488081;42.14;0.463695038321904;0.6065688329839273
4121604;Renascença (PR);3;6845;0.7489;56019908.57;1299.0050971512053;1589.4445376186998;43.339999999999996;0.4893385552654482;0.6634615384615384
4121703;Reserva (PR);3;24573;0.6256;134864789.46;1239.9431904936312;1293.621640825296;34.529999999999994;0.4703805648635711;0.5047856049004594
4121752;Reserva do Iguaçu (PR);0;6553;0.6163;62785878.71;1879.909616969327;1291.953605981993;43.040000000000006;0.5022925263640532;0.34747847478474786
4121802;Ribeirão Claro (PR);3;12364;0.6122;74620641.12;1676.555490941443;1309.2984430604984;21.41;0.48552204733869997;0.7920177383592018
4121901;Ribeirão do Pinhal (PR);3;13060;0.6004;60877014.54;1457.8121546707505;903.3311661562021;25.459999999999997;0.4913783259107;0.7048335974643423
4122008;Rio Azul (PR);3;14025;0.6584;78035128.07;1338.1563679144383;1188.0045098039216;43.690000000000005;0.4387566680344686;0.5518867924528302
4122107;Rio Bom (PR);2;3197;0.6347;32807874.31;1770.65233656553;2103.081814200813;54.68;0.5037629350893698;1.013157894736842
4122156;Rio Bonito do Iguaçu (PR);0;13929;0.5515;82999746.72;1334.6796740613108;939.6680170866538;37.29;0.4759987284094522;0.42739116619002226
4122172;Rio Branco do Ivaí (PR);0;3808;0.5275;37418375.96;1752.4681486344539;2596.5960714285716;99.42;0.4945054945054945;0.5017878426698451
4122206;Rio Branco do Sul (PR);3;37558;0.5824;155522847.37;1204.0379293359606;915.95347835348;30.64;0.4265420844728046;0.3819837558454344
4122305;Rio Negro (PR);3;31324;0.8277;158435427.15;1339.7326956965906;1092.4159373004725;19.65;0.44091264547587283;0.586395233366435
4122404;Rolândia (PR);3;71670;0.7294;352501547.5;1248.7383119854892;1071.1777221989673;27.46;0.46086424785976354;0.5673090253708581
4122503;Roncador (PR);0;11251;0.5715;81805875.89;1236.23694693805;1508.6207359345835;83.34;0.47168083714846304;0.667900092506938
4122602;Rondon (PR);3;9097;0.6547;51817224.54;1445.5745784324502;1217.7661690667253;19.58;0.45296278549752433;0.6450116009280742
4122651;Rosário do Ivaí (PR);0;5435;0.6292;36374232.14;1515.3689291628334;1369.6644526218952;55.74999999999999;0.5228355281591482;0.8810483870967742
4122701;Sabáudia (PR);3;8822;0.7765;56834995.5;1925.4717263659034;1193.954409430968;18.86;0.4521810699588477;0.55461233729485
4122800;Salgado Filho (PR);3;4075;0.6991;33461268.7;1760.2344662576688;1500.7916343558284;64.69999999999999;0.4595272206303725;0.6948480845442536
4122909;Salto do Itararé (PR);3;5192;0.6563;33542225.57;1503.2981683359014;1421.8735130970724;31.439999999999998;0.5221342714746409;0.8668763102725366
4123006;Salto do Lontra (PR);3;15223;0.7048;79106660.08;1215.2854200880247;1507.4644958286804;35.09;0.46996910003862497;0.6239572906239573
4123105;Santa Amélia (PR);3;3394;0.5401;20253118.96;1996.4019888037712;1499.788276370065;30.0;0.5288288288288289;0.8201550387596899
4123204;Santa Cecília do Pavão (PR);2;3365;0.641;30329418.43;1832.19176820208;2314.9138632986624;33.519999999999996;0.515083295812697;0.8451612903225807
4123303;Santa Cruz de Monte Castelo (PR);3;8613;0.6637;51318819.7;1386.8172936259143;1462.7216173226518;51.970000000000006;0.47583961617546267;0.7078720787207872
4123402;Santa Fé (PR);3;11378;0.7593;60507331.22;1107.6772763227282;1080.652191949376;19.94;0.4645385506500193;0.8063063063063063
4123501;Santa Helena (PR);2;25492;0.7646;303961965.18;2682.2117472148125;2375.0438941628745;50.63999999999999;0.47822557262974774;0.6510510510510511
4123600;Santa Inês (PR);3;1748;0.6279;20798124.71;;;89.81000000000002;0.4751054852320675;0.889261744966443
4123709;Santa Isabel do Ivaí (PR);3;8912;0.6002;36302553.43;1247.553495287253;1509.254129263914;20.130000000000003;0.4895537355841551;0.8158710477371358
4123808;Santa Izabel do Oeste (PR);3;14070;0.7222;84287132.2;1039.7545095948826;1433.5582572850035;34.43;0.4624259432491425;0.6637995512341062
4123824;Santa Lúcia (PR);2;3644;0.6664;33991028.29;1878.3772420417124;2332.0485318331503;87.61;0.5375527426160338;0.8070921985815603
4123857;Santa Maria do Oeste (PR);0;9934;0.541;62992318.41;1521.549512784377;1320.411182806523;90.72000000000001;0.4869031582098488;0.5930460333006856
4123907;Santa Mariana (PR);3;11066;0.5758;58675824.68;1352.189982830291;1480.3572212181457;28.18;0.5261343262998207;0.9890510948905109
4123956;Santa Mônica (PR);2;3356;0.5937;39636094.75;2190.565518474374;2487.4665762812874;61.26;0.5192394748755093;0.6064425770308123
4124004;Santana do Itararé (PR);3;5514;0.6483;42052413.96;1169.1759521218717;1547.550007254262;56.64;0.46961620469083154;0.7257590597453477
4124020;Santa Tereza do Oeste (PR);3;13174;0.7292;74429462.74;1524.2812221041445;1139.472246090785;71.01;0.47393152830610874;0.412
4124053;Santa Terezinha de Itaipu (PR);3;24262;0.64;149459310.45;1168.497433022834;1340.1578414805044;5.009999999999999;0.4516843175970801;0.5799497697781498
4124103;Santo Antônio da Platina (PR);3;44369;0.6762;173976103.15;1089.8182483265343;917.3605240145147;10.73;0.4726832182687201;0.6401013474605551
4124202;Santo Antônio do Caiuá (PR);2;2493;0.6233;28361450.89;2709.5979101484154;3002.6896389891695;94.58999999999999;0.48481238832638474;0.8669724770642202
4124301;Santo Antônio do Paraíso (PR);2;2125;0.6949;30519621.28;2471.371364705882;3309.5070211764705;91.57000000000001;0.4634986225895317;0.9620991253644315
4124400;Santo Antônio do Sudoeste (PR);3;23673;0.6682;105816773.46;1083.8626283107337;927.2154995142145;33.91;0.48095089146074443;0.5923777961888981
4124509;Santo Inácio (PR);3;6181;0.7284;47915668.95;2071.9900355929462;1875.4381459310791;31.31;0.4908345393150024;0.5653846153846154
4124608;São Carlos do Ivaí (PR);3;6587;0.703;44387156.59;1566.6178290572338;2100.3952573250344;94.81;0.45988475177304966;0.6185647425897036
4124707;São Jerônimo da Serra (PR);0;10830;0.5012;60491193.13;1356.9643194829177;1465.1025124653738;89.9;0.5070971333147788;0.6152482269503546
4124806;São João (PR);3;11886;0.7211;79951826.68;1682.7111686017163;1508.5518584889787;48.91000000000001;0.49115543846443355;0.7485484591335417
4124905;São João do Caiuá (PR);3;5586;0.625;34874045.76;1647.2948191908342;2295.302500895095;14.14;0.49879259458009123;0.6762849413886384
4125001;São João do Ivaí (PR);3;10667;0.6493;56210969.91;1217.8606393550203;1644.9836355113905;29.86;0.5164913278362241;1.0341545352743562
4125100;São João do Triunfo (PR);3;13726;0.5499;74858432.37;1357.0290885909951;1242.5956418475882;69.49000000000001;0.4348735103491532;0.48943788041532404
4125209;São Jorge d'Oeste (PR);3;9378;0.7536;85577171.57;1715.5303412241417;2144.366121774365;68.26;0.4850356294536817;0.7603448275862069
4125308;São Jorge do Ivaí (PR);3;5168;0.6891;46032141.04;1598.3319136996904;2309.614773606811;15.110000000000001;0.5058275058275058;1.109356014580802
4125357;São Jorge do Patrocínio (PR);2;6504;0.7157;61482095.66;1368.6458656211564;2280.3426337638375;97.69;0.5055555555555555;0.9057591623036649
4125407;São José da Boa Vista (PR);3;6040;0.5813;38494002.36;1415.6851192052982;1791.2411854304635;70.57;0.4998758380928731;0.7657894736842106
4125456;São José das Palmeiras (PR);0;3957;0.5756;26480862.16;1651.3546600960324;1766.4535001263584;97.69;0.5396887159533074;0.6650660264105642
4125506;São José dos Pinhais (PR);3;329628;0.738;1855037818.78;1291.9807482980816;1294.4550456271918;9.780000000000001;0.3961372299872935;0.37232403562572447
4125555;São Manoel do Paraná (PR);2;2138;0.7813;31220670.9;2548.0048269410668;2665.7385781103835;72.4;0.48369188063844554;0.9578651685393258
4125605;São Mateus do Sul (PR);3;42366;0.7509;249176471.48;1358.318748052684;973.7385486002927;37.010000000000005;0.4373049260415253;0.5204057560745459
4125704;São Miguel do Iguaçu (PR);3;29122;0.7438;211767339.14;1684.5590251356364;1459.0508622347368;27.01;0.47565239422346084;0.5650216738912971
4125753;São Pedro do Iguaçu (PR);2;5784;0.6558;42893123.86;1768.826386583679;1551.5647043568465;45.24;0.5285412262156448;0.8214936247723132
4125803;São Pedro do Ivaí (PR);3;8690;0.7182;57128709.21;1484.670439585731;1870.4005719217491;43.870000000000005;0.4806611006985858;0.7991071428571429
4125902;São Pedro do Paraná (PR);2;2661;0.6645;40727676.32;2857.106433671552;3229.2042427658776;99.09;0.47587354409317806;0.7581967213114754
4126009;São Sebastião da Amoreira (PR);3;8063;0.6224;45298354.26;1508.490022324197;1385.7030001240232;87.73;0.4843519882179676;0.7196078431372549
4126108;São Tomé (PR);3;5232;0.7158;40015782.2;1368.627780963303;1510.7848470948013;15.85;0.4622694242593628;0.6791878172588832
4126207;Sapopema (PR);3;6695;0.6852;41846626.15;1416.154713965646;1525.1235339805826;50.099999999999994;0.46402799037830744;0.7016840417000801
4126256;Sarandi (PR);3;118455;0.6506;331285213.48;873.2249845933054;805.0286123000295;16.580000000000002;0.4257772535236697;0.38917687715991206
4126272;Saudade do Iguaçu (PR);2;6108;0.6771;64997962.51;2860.7345563195804;2451.689392599869;81.07000000000001;0.5145053310190925;0.48002853067047074
4126306;Sengés (PR);3;17270;0.7593;99761127.0;1467.184002895194;1070.7933821656052;36.550000000000004;0.455664194200944;0.4450681635926223
4126355;Serranópolis do Iguaçu (PR);2;5007;0.6795;51756540.7;1905.894651487917;2245.6299460754944;67.63;0.514519056261343;0.9263873159682899
4126405;Sertaneja (PR);2;5616;0.6646;52560749.62;1944.065998931624;2637.8034757834757;27.67;0.5100833557407906;1.053030303030303
4126504;Sertanópolis (PR);3;15930;0.7545;103846553.56;1339.9591858129315;2072.183818581293;10.379999999999999;0.46969277608635485;0.8110992529348986
4126603;Siqueira Campos (PR);3;22811;0.7615;121132845.37;1368.5983595633686;852.2687150935952;27.240000000000002;0.4423648435030035;0.6001829826166514
4126652;Sulina (PR);2;3440;0.6357;38247564.3;1854.3489912790697;2155.3787325581397;99.61999999999999;0.5094339622641509;0.8605769230769231
4126678;Tamarana (PR);0;10707;0.5817;70274776.13;1790.0698178761556;1648.1750499673112;54.94;0.511861056198814;0.517371285056509
4126702;Tamboara (PR);3;4880;0.6229;35478600.43;1244.078137295082;1690.0602889344261;97.43;0.4909868622059273;0.7242489270386266
4126801;Tapejara (PR);3;15869;0.7515;107993616.56;1142.3733934085326;1746.6759140462539;2.46;0.4545371219065078;0.5618897637795276
4126900;Tapira (PR);3;5745;0.6872;40568248.62;1302.3609695387293;1678.4410722367277;79.86000000000001;0.5150316455696202;0.9203539823008849
4127007;Teixeira Soares (PR);3;9547;0.6534;73062537.14;1458.1895433120353;1346.6354687336336;53.400000000000006;0.4443267776096823;0.5154798761609907
4127106;Telêmaco Borba (PR);3;75042;0.7119;416314483.51;1108.4947132272594;1050.7521873084406;10.669999999999998;0.4511805998723676;0.4465248930497861
4127205;Terra Boa (PR);3;17568;0.6661;107991071.31;1270.9459813296903;2061.7660746812385;23.56;0.465954606141522;0.6698564593301436
4127304;Terra Rica (PR);3;14842;0.6751;112783769.39;1280.176433769034;1941.9870698019135;41.970000000000006;0.49767911200807263;0.7036269430051814
4127403;Terra Roxa (PR);3;18119;0.6954;128221873.87;1388.0890584469341;1316.8029212428942;34.49;0.5005383022774327;0.6518174364580487
4127502;Tibagi (PR);3;19961;0.6132;149688672.74;1681.4762025950602;1384.31407093833;42.4;0.4791404223786588;0.4527072567962256
4127601;Tijucas do Sul (PR);3;17621;0.6037;99281909.82;1332.8989665739743;1347.7018245275524;64.04;0.47591925621911385;0.5290635091496233
4127700;Toledo (PR);3;150470;0.8496;844433343.64;1037.5991576393965;1155.2917980328305;14.02;0.410598944417883;0.5117699848129228
4127809;Tomazina (PR);3;8426;0.6362;45067297.29;1170.0312983622123;1181.381863280323;55.980000000000004;0.47591522157996147;0.8358108108108108
4127858;Três Barras do Paraná (PR);3;11135;0.6322;81508754.96;1375.6382568477773;1458.8003726986979;46.980000000000004;0.48645040715525295;0.6138175376439327
4127882;Tunas do Paraná (PR);0;6219;0.6157;48111060.67;1515.5077649139732;1513.3678404888244;61.32;0.494592645998558;0.2838427947598253
4127908;Tuneiras do Oeste (PR);3;8067;0.6144;50711599.21;1297.4942779224;1566.3755113425066;16.52;0.47801392451447416;0.6854005167958657
4127957;Tupãssi (PR);0;8077;0.695;61236292.94;1716.6459180388758;1781.8111563699395;90.67999999999999;0.5176625328823751;0.9442484121383204
4127965;Turvo (PR);0;14231;0.6432;98836453.47;1472.2062124938514;1156.0411130630314;73.94;0.47624481327800827;0.4954397394136808
4128005;Ubiratã (PR);3;24749;0.7557;137970463.97;1323.2943246191767;1246.6903236494404;42.45;0.4662598495171515;0.6670196992162677
4128104;Umuarama (PR);3;117095;0.8213;589850751.76;998.3901865152227;1900.7161088005464;6.97;0.4511891335869821;0.6325560538116592
4128203;União da Vitória (PR);3;55033;0.7976;253662615.34;1402.4298275580104;899.0923073428671;14.27;0.4429208180388044;0.5701273352542058
4128302;Uniflor (PR);2;2136;0.6445;27016990.2;2223.6731694756554;2424.075257490637;99.5;0.4823039555863983;0.8098958333333334
4128401;Uraí (PR);3;10406;0.6465;52740813.3;1185.5741649048625;1346.6313348068422;19.91;0.5200116856558574;1.0879765395894427
4128500;Wenceslau Braz (PR);3;19188;0.6516;91082289.38;1296.0992646445693;1038.7298347925787;29.05;0.49299719887955185;0.6267008985879332
4128534;Ventania (PR);3;9681;0.646;58854423.69;1368.7464879661193;1683.2236390868713;47.42;0.4416976917349218;0.4567779960707269
4128559;Vera Cruz do Oeste (PR);3;8215;0.6656;50475151.42;1330.155924528302;1483.8444783931832;27.51;0.49826737187670983;0.7903014416775884
4128609;Verê (PR);0;7932;0.704;52745816.26;1359.9912090267273;1588.58310892587;88.2;0.48678537956888474;0.8288732394366197
4128625;Alto Paraíso (PR);2;3055;0.689;43423543.39;2811.5427692307694;3098.720533551555;93.83;0.5041851304775973;0.5975039001560063
4128633;Doutor Ulysses (PR);0;5697;0.5186;39207951.85;1204.3937159908724;1543.208063893277;81.32999999999998;0.45927254098360654;0.5029337803855826
4128658;Virmond (PR);2;3811;0.6661;24401038.44;1778.7507819469954;1902.664612962477;86.88999999999999;0.488671875;0.6503957783641161
4128708;Vitorino (PR);3;9706;0.7059;50372212.66;1292.0944086132288;1143.8297135792293;77.77000000000001;0.5163255741290423;0.4508340649692713
4128807;Xambrê (PR);3;5798;0.5964;41372514.37;1346.8703225250085;1490.2234477406002;58.41;0.5432525951557093;0.8828413284132841
4200051;Abdon Batista (SC);2;2598;0.6902;39344845.22;3319.5438260200153;4003.2332178598917;33.540000000000006;0.5069605568445475;0.89587852494577
4200101;Abelardo Luz (SC);0;17392;0.7238;118388202.53;1845.417008969641;1271.2139345676173;79.11999999999999;0.4862416680909246;0.43832153690596565
4200200;Agrolândia (SC);3;10990;0.7953;68342789.22;2289.4414094631484;1215.9267133757962;5.079999999999999;0.43697698744769875;0.525330899132816
4200309;Agronômica (SC);3;6055;0.7346;47212855.76;1868.3016218001649;989.2695590421139;14.13;0.4361954459203036;0.5785407725321888
4200408;Água Doce (SC);2;6508;0.6942;74228386.34;2502.5823371235406;1834.0066487400122;22.91;0.4841505131128848;0.7444535743631882
4200507;Águas de Chapecó (SC);0;6036;0.6334;40694945.88;1129.8202816434725;1340.3218803843606;69.22000000000001;0.5078690981763677;0.7214225232853514
4200556;Águas Frias (SC);2;2839;0.7451;37719098.81;2538.890778443114;2137.764395914054;71.15;0.49263932702418506;0.7514018691588785
4200606;Águas Mornas (SC);3;6743;0.6767;48790610.58;1749.7361204211775;1158.1888877354293;9.1;0.4174900147151566;0.7653333333333333
4200705;Alfredo Wagner (SC);2;10481;0.6699;252430855.26;5459.971671596221;7741.344884075947;17.659999999999997;0.4359501301548157;0.6309584828293183
4200754;Alto Bela Vista (SC);2;1856;0.7361;38246685.92;2962.620387931034;3011.3018803879304;66.07;0.5809199318568995;1.4357142857142857
4200804;Anchieta (SC);3;5943;0.7561;41979255.82;1592.4756133266028;1905.2704206629646;74.52;0.47983067729083667;0.9563451776649746
4200903;Angelina (SC);3;5358;0.6998;44170480.13;1305.0794718178427;1007.4612430011198;20.27;0.46113989637305697;0.9237770193401593
4201000;Anita Garibaldi (SC);3;8285;0.5552;50045399.07;1487.1030850935426;1029.357089921545;65.42999999999999;0.4855657163349471;0.7734119187950229
4201109;Anitápolis (SC);3;3593;0.6608;35864621.35;1673.6949902588365;1600.156777066518;18.27;0.49958263772954925;0.8246951219512195
4201208;Antônio Carlos (SC);3;11224;0.798;81023835.67;1501.053974518888;1276.60215787598;22.93;0.4561494551115724;0.5654496883348175
4201257;Apiúna (SC);3;9811;0.7765;68228418.73;2039.052793802874;1507.284911833656;10.459999999999999;0.4366671547810807;0.5547445255474452
4201273;Arabutã (SC);2;4378;0.7901;45454184.43;3524.612841480128;2038.7777866605757;39.379999999999995;0.5552397868561278;0.9734848484848485
4201307;Araquari (SC);3;45283;0.7088;329358836.27;1804.0852635646934;1105.9158690899453;5.55;0.4428689778230946;0.2189966672513594
4201406;Araranguá (SC);3;71922;0.7522;300095064.96;990.9131454909485;768.5730562275797;2.2399999999999998;0.4329375199234938;0.5598305936400833
4201505;Armazém (SC);3;8834;0.7496;59585173.45;1524.044093275979;1186.7207833371067;2.77;0.45775577557755776;0.615608619685498
4201604;Arroio Trinta (SC);2;3556;0.7174;43023676.45;1857.8192744656917;2114.033661417323;12.870000000000001;0.4798168955472326;1.1713747645951036
4201653;Arvoredo (SC);2;2510;0.6821;44468649.57;4195.480565737052;2476.2336175298806;45.96999999999999;0.4887307236061684;0.8942528735632184
4201703;Ascurra (SC);3;8319;0.7413;50032276.81;1166.2216624594305;1234.0772628921745;2.61;0.44778976679429167;0.7039735099337748
4201802;Atalanta (SC);3;3227;0.7464;28112866.01;2177.2858568329716;1869.302513170127;1.25;0.47150022799817604;0.7319932998324958
4201901;Aurora (SC);3;6780;0.7607;47064362.46;2118.5452699115044;969.8579955752213;5.0200000000000005;0.4590058102001291;0.597752808988764
4201950;Balneário Arroio do Silva (SC);3;15820;0.5841;82098996.31;1285.311235777497;751.2743881163085;8.0;0.5304246880139305;0.8000656598818122
4202008;Balneário Camboriú (SC);3;139155;0.8152;1582855838.2;1959.1588092414931;2937.2299980597177;0.55;0.38254960209039157;0.8772366047486715
4202057;Balneário Barra do Sul (SC);3;14912;0.5967;95519148.47;1268.1773088787554;923.5821271459228;0.7100000000000001;0.5667156965749107;1.0224971878515186
4202073;Balneário Gaivota (SC);3;15669;0.6133;93665196.3;1726.3342625566406;1041.8205731061332;0.21;0.5285338015803336;0.7717462393721386
4202081;Bandeirante (SC);2;3144;0.596;32786427.86;2550.256987913486;2141.0355438931297;61.18;0.5232558139534884;0.8461538461538461
4202099;Barra Bonita (SC);2;1668;0.6579;27235751.62;2221.352829736211;2825.8557314148684;61.37;0.5931232091690545;1.0032258064516129
4202107;Barra Velha (SC);3;45369;0.6974;255340964.78;1668.5872853710687;1056.9873347439882;2.09;0.458669581712375;0.5257754010695187
4202131;Bela Vista do Toldo (SC);0;5872;0.5776;44664201.68;2412.3678593324253;1439.132029972752;79.1;0.43745410036719706;0.5169779286926995
4202156;Belmonte (SC);2;2658;0.6563;29788938.9;2420.885786305493;2359.7103348382243;36.300000000000004;0.5311059907834101;0.8185404339250493
4202206;Benedito Novo (SC);3;10520;0.7689;56873463.85;1184.2892290874524;1223.894096958175;5.24;0.43617747440273036;0.732646420824295
4202305;Biguaçu (SC);3;76773;0.7325;352076046.12;1081.0760005470675;1161.5248289112058;5.779999999999999;0.38767284229552645;0.46243011045956633
4202404;Blumenau (SC);3;361261;0.8205;2299582970.61;1239.9340425343448;1888.517260623206;3.21;0.3717278878501834;0.5989775585535557
4202438;Bocaina do Sul (SC);2;3515;0.5834;38808405.48;2706.7807254623044;1901.8389900426741;24.69;0.49256900212314225;0.7287630402384501
4202453;Bombinhas (SC);3;25058;0.8072;246368861.66;2598.9807035677227;2508.8774391411926;0.49;0.3921884549141619;0.4820491287003989
4202503;Bom Jardim da Serra (SC);3;4026;0.5591;40079887.44;2853.5518852459018;1622.4882588176852;16.23;0.43785714285714283;0.6026143790849673
4202537;Bom Jesus (SC);2;2777;0.6863;38606946.8;2510.253302124595;1944.45283039251;77.91999999999999;0.4677589852008457;0.5472027972027972
4202578;Bom Jesus do Oeste (SC);1;2187;0.7699;1219422.65;2204.4027297668035;2462.806273433928;59.83;0.5576923076923077;1.0025575447570332
4202602;Bom Retiro (SC);3;8418;0.6217;50083461.47;1899.1409455927774;1460.6269303872655;9.610000000000001;0.4817813765182186;0.5480769230769231
4202701;Botuverá (SC);3;5363;0.77;42613277.56;1619.9464348312513;1451.404411709864;11.79;0.44711279007015653;0.7117768595041323
4202800;Braço do Norte (SC);3;33773;0.7959;192946629.15;1418.5708971663753;1161.0526713646998;5.919999999999999;0.38829284334278785;0.46677018633540374
4202859;Braço do Trombudo (SC);3;4026;0.7644;38137963.21;3065.738383010432;1848.6141480377546;12.39;0.496098104793757;0.720360824742268
4202875;Brunópolis (SC);2;2489;0.6674;33921969.54;2440.094451586983;2520.56288067497;52.190000000000005;0.458968347010551;0.7958715596330275
4202909;Brusque (SC);3;141385;0.8355;745982704.48;1223.1425561410335;1432.8483324963752;4.339999999999999;0.3797427589975798;0.44932772170285673
4203006;Caçador (SC);3;73720;0.7503;433408574.93;1395.3252308735757;1066.052065925122;7.410000000000001;0.4271333436580455;0.44388456252863034
4203105;Caibi (SC);1;6304;0.7798;1361375.06;1303.099709708122;1651.070293464467;54.59;0.49030732860520093;0.8468388245770259
4203154;Calmon (SC);2;3443;0.6251;42107925.16;3802.374870752251;1639.356874818472;30.79;0.5234513274336283;0.292896174863388
4203204;Camboriú (SC);3;103074;0.6407;395785882.96;1210.2903081281409;695.3527972136524;1.61;0.3665398332162223;0.2832211650034811
4203253;Capão Alto (SC);2;2625;0.664;38586101.49;3552.40928;2336.7647657142857;36.230000000000004;0.5051605504587156;0.8164948453608247
4203303;Campo Alegre (SC);3;12501;0.8195;94167548.25;1926.1980577553795;1394.6830101591872;7.779999999999999;0.46210526315789474;0.6414624013294558
4203402;Campo Belo do Sul (SC);3;7257;0.6254;46517481.71;1830.6609618299572;1550.9560534656193;35.64;0.4595736122284795;0.6654518950437318
4203501;Campo Erê (SC);1;9623;0.7129;3413706.85;1838.7560147563129;1339.717019640445;70.30000000000001;0.5147174563198489;0.5616045845272206
4203600;Campos Novos (SC);3;36932;0.7492;252430855.26;1549.4953723058593;2196.9304594931227;14.2;0.41855194929902056;0.5264042582994817
4203709;Canelinha (SC);3;12821;0.7202;78621247.67;1354.4915310818187;1407.631471024101;23.159999999999997;0.42186980148608183;0.49528301886792453
4203808;Canoinhas (SC);3;55016;0.7994;259279795.89;1344.3638814163153;924.4172466191653;20.03;0.4345388646971396;0.5373616236162362
4203907;Capinzal (SC);3;23314;0.7879;161076222.09;1872.4207960881877;1578.4879656000687;10.379999999999999;0.40167137617988335;0.5302336234539624
4203956;Capivari de Baixo (SC);3;23975;0.6839;130616466.84;1616.1209489051096;1436.0387670490093;0.30000000000000004;0.43245503973232957;0.5409836065573771
4204004;Catanduvas (SC);3;10566;0.7641;66798902.22;1748.143052243044;1439.715230929396;9.03;0.4477939161414086;0.4827586206896552
4204103;Caxambu do Sul (SC);2;4614;0.6666;42312392.56;1582.6684828781968;1762.4127915041179;91.52;0.5535353535353535;0.8961937716262975
4204152;Celso Ramos (SC);2;2805;0.6313;34189036.21;2461.052035650624;1972.2995579322637;94.85;0.48099260823653645;0.7897838899803536
4204178;Cerro Negro (SC);2;3317;0.5612;32802049.8;2746.767380162797;1771.1198311727467;89.22;0.48014279339580546;0.7271268057784912
4204194;Chapadão do Lageado (SC);3;2950;0.6747;31298418.76;2035.0577322033896;1611.5641830508473;3.44;0.44963144963144963;0.5775862068965517
4204202;Chapecó (SC);3;254785;0.8135;1467259947.11;1154.307238141963;1283.5691636085328;27.97;0.38392638903222653;0.38556838452943365
4204251;Cocal do Sul (SC);3;17240;0.8237;115698379.2;2079.5947047563805;2001.5263352668214;6.67;0.3922312848259711;0.657679180887372
4204301;Concórdia (SC);3;81646;0.8429;510610721.94;1404.5743808637287;1199.7391513362566;12.510000000000002;0.44831745693860536;0.6590953850193658
4204350;Cordilheira Alta (SC);2;4781;0.7831;57003109.21;2920.4825580422503;3027.6200522903155;62.14;0.4774412855377009;0.6612903225806451
4204400;Coronel Freitas (SC);3;10388;0.6696;65976502.46;1505.2278831343858;1382.6720937620332;23.95;0.47535861383326233;0.8101676581936181
4204459;Coronel Martins (SC);2;2065;0.6154;30740268.41;2462.8965569007264;2659.632861985472;59.970000000000006;0.44304682040531096;0.9212121212121213
4204509;Corupá (SC);3;15267;0.8389;96668498.59;2210.306540250213;1547.810773563896;5.1499999999999995;0.43123652385862943;0.6027874564459931
4204558;Correia Pinto (SC);3;15727;0.6919;90614492.42;1630.1935086157562;1144.4225453042538;10.37;0.4579586539352925;0.5185982170304334
4204608;Criciúma (SC);3;214493;0.8368;1215199365.56;1462.725571650357;1513.8528655946814;2.7699999999999996;0.39819564948144476;0.5624216691817786
4204707;Cunha Porã (SC);3;10953;0.7392;80086679.04;1949.7534109376427;1342.5803615447821;50.96;0.48093564088696594;0.885002649708532
4204756;Cunhataí (SC);2;1968;0.6766;34630002.52;2068.4111636178864;2460.937906504065;47.8;0.46319702602230484;0.916923076923077
4204806;Curitibanos (SC);3;40045;0.7785;208386178.79;1150.9175672368585;911.6298354351356;14.850000000000001;0.4633656130093185;0.50343846336258
4204905;Descanso (SC);3;8530;0.6141;51833373.4;1613.774365767878;1211.5685767878078;46.77;0.4991212653778559;1.1021465581051073
4205001;Dionísio Cerqueira (SC);3;15008;0.6442;95088733.31;1232.3083502132197;1681.930092617271;18.94;0.4991509339726301;0.5605871330418488
4205100;Dona Emma (SC);3;4221;0.7353;40968476.44;2673.642316986496;1692.0543591565977;9.420000000000002;0.4570245081118398;0.5539906103286385
4205159;Doutor Pedrinho (SC);3;3637;0.6804;31855219.99;2093.2200082485565;1482.9078278801207;5.88;0.4403960396039604;0.9305555555555556
4205175;Entre Rios (SC);2;3402;0.5502;36351409.43;1543.1667724867725;1692.9280393885952;59.85;0.5039787798408488;0.39194139194139194
4205191;Ermo (SC);2;2269;0.7638;44184987.55;3169.148616130454;2705.5714587924194;6.420000000000001;0.46765847347994827;0.6813953488372093
4205209;Erval Velho (SC);3;4885;0.7131;40421684.53;1524.150552712385;1513.6203398157627;0.8500000000000001;0.5351979886863608;1.0035294117647058
4205308;Faxinal dos Guedes (SC);3;11192;0.749;82391130.91;1962.8175884560399;1312.1023481057898;26.959999999999997;0.4552073852554934;0.5741906474820144
4205357;Flor do Sertão (SC);2;1783;0.7845;33718829.88;3054.0455075715086;3086.748283791363;83.71000000000001;0.5187393526405452;0.9211356466876972
4205407;Florianópolis (SC);3;537211;0.7825;3060367814.61;1342.079382756496;981.7888494837224;3.71;0.3734388701830277;0.7615320606360271
4205431;Formosa do Sul (SC);2;2682;0.7052;29100817.38;2242.596159582401;1865.4637434750186;62.5;0.5016797312430011;0.8436213991769548
4205456;Forquilhinha (SC);3;31431;0.7683;184430965.87;1460.3712570392288;978.4370045496485;5.99;0.4004188201746569;0.32767026148618705
4205506;Fraiburgo (SC);3;33481;0.7888;189758560.24;1980.0130468026641;1447.5792733191959;11.9;0.4462634989200864;0.4927033665655252
4205555;Frei Rogério (SC);2;2411;0.673;27797286.69;2804.2858067192037;2007.9397469929493;33.49999999999999;0.44804804804804804;0.7389277389277389
4205605;Galvão (SC);2;3210;0.6617;33395542.68;2208.808707165109;1983.555504672897;52.040000000000006;0.5213270142180095;0.7628205128205128
4205704;Garopaba (SC);3;29959;0.7564;194719597.32;1490.0551099836443;1396.264718114757;6.1099999999999985;0.4232980189082617;0.6065632888568337
4205803;Garuva (SC);3;18545;0.7322;136705582.55;2498.340789970342;1974.3837487193312;8.16;0.4588577721837634;0.3638064063595978
4205902;Gaspar (SC);3;72570;0.7633;417515223.03;1404.2144213862477;1730.6113614441228;3.45;0.3930052211302211;0.4748595303270422
4206009;Governador Celso Ramos (SC);2;16915;0.759;150639318.46;2404.917259237363;2109.696603015075;13.840000000000002;0.41999664204163867;0.7486892694861936
4206108;Grão-Pará (SC);3;6277;0.7213;57198547.36;1697.3609749880516;1589.154905209495;25.440000000000005;0.4738201455740784;0.6261079774375503
4206207;Gravatal (SC);3;12435;0.6951;71525184.65;1576.552674708484;1163.3632971451548;2.53;0.4511611623293266;0.7068432671081678
4206306;Guabiruba (SC);3;24543;0.7403;129379738.66;1769.2032555107362;815.7407774110744;7.15;0.4060727585219135;0.43627152988855117
4206405;Guaraciaba (SC);3;10796;0.7352;75680440.95;1544.2055390885514;1059.3781919229345;35.68;0.4704440207028058;0.9884858952216465
4206504;Guaramirim (SC);3;46711;0.7992;264186085.31;1468.1351964205435;1487.4066648112864;6.279999999999999;0.3904152403631493;0.32565191024863555
4206603;Guarujá do Sul (SC);2;4829;0.6756;43229622.17;2088.2531041623524;1633.5761524125076;42.55;0.49458372021046115;0.9229843561973526
4206652;Guatambú (SC);3;8425;0.7144;58500428.95;1597.6485459940652;1175.1622824925817;36.52;0.4729020979020979;0.4214398318444561
4206702;Herval d'Oeste (SC);3;21724;0.7112;127487385.61;1280.6296777757318;1309.5732825446512;5.68;0.42845870594423985;0.690272373540856
4206751;Ibiam (SC);2;2008;0.6902;31862009.94;2743.038740039841;2562.821180278884;50.84;0.5328244274809161;0.812987012987013
4206801;Ibicaré (SC);2;3269;0.6901;36930967.57;2309.2637412052613;1802.613000917712;9.92;0.528284244974287;1.1442125237191652
4206900;Ibirama (SC);3;19862;0.8192;104673048.57;1993.8584352029002;919.6375782902023;5.470000000000001;0.42430978845464323;0.5554679284963197
4207007;Içara (SC);3;59035;0.7681;315479332.3;1405.01943931566;1019.8648386550351;9.139999999999999;0.4042578496669838;0.46319414550150667
4207106;Ilhota (SC);3;17046;0.7274;119046938.59;1929.2486501231963;1261.5615968555674;8.549999999999999;0.4371469521962735;0.40135135135135136
4207205;Imaruí (SC);3;11881;0.5208;62726142.91;1673.2412271694302;1012.6332000673344;4.67;0.5181446460516228;1.002469135802469
4207304;Imbituba (SC);3;52579;0.7188;271060047.92;1314.7411886874986;1604.9495456360903;5.82;0.44761983425566476;0.6984956122022565
4207403;Imbuia (SC);3;5982;0.7359;38986586.14;1497.5304563691072;1618.4102825142095;8.29;0.42394667936205666;0.5761061946902655
4207502;Indaial (SC);3;71549;0.8163;455031814.7;1457.5237835609162;1491.1327284797828;1.57;0.3878726747231005;0.4446933025070443
4207577;Iomerê (SC);2;2877;0.7736;41392344.93;3097.768515815085;2362.7546958637467;47.74;0.5007824726134585;1.1476510067114094
4207601;Ipira (SC);2;4578;0.6862;42058297.29;2623.80623197903;1484.1785474006117;25.720000000000002;0.5229540918163673;1.0442132639791937
4207650;Iporã do Oeste (SC);3;9335;0.7447;57524698.69;1504.7043320835567;1318.4442988752007;23.31;0.4789290240811153;0.8741475511469312
4207684;Ipuaçu (SC);0;7730;0.6038;55455584.75;2098.2391591203104;1419.5536054333766;97.23000000000002;0.5237532032328011;0.35977482088024565
4207700;Ipumirim (SC);3;7816;0.7224;62971518.84;1785.0585798362333;1690.9929068577278;12.879999999999999;0.4625748502994012;0.7396199859254047
4207759;Iraceminha (SC);3;3986;0.7224;13339682.48;1630.0764676367285;1722.1062995484194;63.99;0.49793310785419015;1.0229007633587786
4207809;Irani (SC);3;10195;0.6962;75936576.78;2216.6838195193727;1429.1067405590977;35.739999999999995;0.4430290162774239;0.5840080971659919
4207858;Irati (SC);2;2069;0.668;28015196.64;2244.7888980183666;2288.0956452392456;60.1;0.4874191229331416;0.8324324324324325
4207908;Irineópolis (SC);3;10285;0.6179;70389078.89;2096.3519533300923;1224.8457180359749;38.64999999999999;0.4390653421015811;0.5
4208005;Itá (SC);2;7067;0.7098;92207379.29;2991.390738644404;2778.5970284420546;10.92;0.4778335424508574;0.8397745571658615
4208104;Itaiópolis (SC);3;22051;0.7026;115561105.91;1371.9545390231735;995.2923209831753;41.23;0.45072368421052633;0.4919425087108014
4208203;Itajaí (SC);3;264054;0.7907;2617565289.25;2023.5351270194733;2350.412818514395;2.25;0.3892241401987657;0.38772485978503496
4208302;Itapema (SC);3;75940;0.7607;538596898.0;2104.934010139584;1503.7187894390308;3.25;0.3975743968198465;0.4954312612487886
4208401;Itapiranga (SC);3;16638;0.7944;127048382.1;1832.6317946868614;1936.1284655607642;39.25999999999999;0.44189271167345523;0.6254383168632451
4208450;Itapoá (SC);3;30750;0.7082;251147037.1;2397.7239336585367;1663.061315121951;1.26;0.48328590034248226;0.6497612382677425
4208500;Ituporanga (SC);3;26525;0.7555;145823468.96;1246.2505474081056;882.1223984919887;10.17;0.4246965302395531;0.5135911179173047
4208609;Jaborá (SC);2;4310;0.7358;43680776.58;1809.839440835267;1930.9806287703016;27.929999999999996;0.5218926553672316;0.8638083228247163
4208708;Jacinto Machado (SC);3;10624;0.6757;68219784.13;1853.5925442394575;1028.7290662650603;33.44;0.45753875703114283;0.7843766720171215
4208807;Jaguaruna (SC);3;20375;0.6605;124523847.34;1678.6158341104292;1181.6492652760735;2.63;0.49926416482707875;0.8054816391697711
4208906;Jaraguá do Sul (SC);3;182660;0.8534;1310802163.92;1416.255513796124;1785.2034609657287;2.6;0.3761357301068302;0.4365127319810099
4208955;Jardinópolis (SC);2;1776;0.6779;30100405.0;2611.8024042792795;3193.9748141891896;55.18;0.47019867549668876;0.7057057057057057
4209003;Joaçaba (SC);3;30146;0.8304;271608712.87;1696.428553373582;1941.93504179659;10.239999999999998;0.41391116739364947;0.727343902916422
4209102;Joinville (SC);3;616317;0.8008;3890990313.02;1376.8162939688505;1498.9213851800291;4.549999999999999;0.38883330403861494;0.4943361912184983
4209151;José Boiteux (SC);3;5985;0.5768;44906506.79;2466.063619047619;1132.8291963241438;6.6000000000000005;0.5401441070509522;0.41156691324815065
4209177;Jupiá (SC);2;2555;0.6517;30688439.09;2436.8236868884537;2387.8948571428573;93.03999999999999;0.46418338108882523;0.7802197802197802
4209201;Lacerdópolis (SC);2;2248;0.7412;33140552.16;2989.2887855871886;2348.5754492882566;0.36;0.511768661735037;1.199421965317919
4209300;Lages (SC);3;164981;0.7495;866858649.82;1102.8783913905236;1534.0250545214296;6.03;0.4336450059959332;0.5913453872891355
4209409;Laguna (SC);3;42785;0.6798;215047228.98;928.2978480775975;914.398244478205;7.0;0.4603884356760078;0.9530842745438749
4209458;Lajeado Grande (SC);2;1702;0.6748;31734156.05;2822.671386603995;2905.5690481786132;72.09;0.48646288209606986;0.8143322475570033
4209508;Laurentino (SC);3;7932;0.7782;50928171.64;1766.6775025214324;1045.2482904689864;21.889999999999997;0.42584936185511413;0.6137602179836512
4209607;Lauro Müller (SC);3;14381;0.7047;96341464.18;2030.5223711842016;1527.4840435296574;21.53;0.44721747006138673;0.6308256880733945
4209706;Lebon Régis (SC);3;11472;0.622;64008661.97;1626.1606223849371;1208.412533995816;45.09;0.49725920125293654;0.3925438596491228
4209805;Leoberto Leal (SC);3;3330;0.6497;34946518.74;1743.2428978978978;1713.3409099099101;13.79;0.4372032801035822;0.7169491525423729
4209854;Lindóia do Sul (SC);2;4549;0.7056;47852388.77;1746.7941283798637;1675.4800527588482;4.64;0.4944152431011827;0.9002525252525253
4209904;Lontras (SC);3;12873;0.7723;67088925.47;1692.4961073564823;893.1502291618116;1.69;0.46002041510717934;0.5033358042994811
4210001;Luiz Alves (SC);3;11684;0.7435;85264374.9;1864.1135792536802;1506.2611870934613;10.72;0.43028522462969765;0.4621464226289517
4210035;Luzerna (SC);2;5794;0.8254;52175415.25;2005.3278287884018;1377.0780652399033;11.46;0.48526018969495;1.0420711974110033
4210050;Macieira (SC);2;1778;0.6823;32810409.5;2937.316608548931;3174.8671541057365;51.39;0.5474325500435161;0.7569832402234636
4210100;Mafra (SC);3;55286;0.7865;273718218.41;1265.8633661324748;1038.096735882502;14.659999999999998;0.4228799382318878;0.613888616049504
4210209;Major Gercino (SC);2;3214;0.6658;32812713.61;2283.101347230865;1526.4148879900436;6.05;0.5239449976292082;0.7131782945736435
4210308;Major Vieira (SC);3;7425;0.6939;58181886.21;1643.0390276094274;1560.3919703703705;48.98;0.4428682471822775;0.5948215535339398
4210407;Maracajá (SC);3;7815;0.7379;59535056.62;1660.957151631478;905.7665092770313;1.7900000000000003;0.45503630608825174;0.5003069367710252
4210506;Maravilha (SC);3;28251;0.8105;168651021.46;1563.6200435382818;1369.7099943364835;28.84;0.4292724881108975;0.59253003003003
4210555;Marema (SC);2;2184;0.6659;33400536.91;2081.5823031135533;2669.4048351648353;46.49;0.5166666666666667;1.1379310344827587
4210605;Massaranduba (SC);3;17162;0.8219;106879604.36;1809.2083760633957;1637.5892611583731;5.24;0.43916142557651994;0.6769132244636568
4210704;Matos Costa (SC);2;2761;0.6234;29698064.02;1996.9817167692863;2219.250134009417;26.970000000000002;0.4836109618484686;0.5358361774744027
4210803;Meleiro (SC);2;7006;0.7684;50512820.75;1961.8629003711105;1355.6966343134454;0.51;0.45141910089082243;0.878448275862069
4210852;Mirim Doce (SC);2;2511;0.7211;36409744.17;3067.4808203902826;1787.8970728793308;8.09;0.4787985865724382;0.7907488986784141
4210902;Modelo (SC);2;4080;0.7631;39564303.04;1721.7251593137255;1693.5689656862744;51.34;0.452991452991453;0.7544827586206897
4211009;Mondaí (SC);3;10066;0.7559;72961802.27;1707.3558225710312;1425.1602523345916;25.46;0.46032206586391994;0.7207158351409978
4211058;Monte Carlo (SC);3;9117;0.6919;54970829.56;2180.866236700669;1524.9934331468685;17.830000000000002;0.44256329113924053;0.38465346534653466
4211108;Monte Castelo (SC);3;7736;0.6512;47676161.36;1489.47368795243;1466.6360832471562;17.229999999999997;0.4587969074108995;0.49080882352941174
4211207;Morro da Fumaça (SC);3;18537;0.6606;113694039.86;2051.988438798079;1256.912152451853;2.54;0.4173101919106965;0.42135416666666664
4211256;Morro Grande (SC);2;3010;0.6793;30751149.02;1990.6797641196013;2065.392598006644;0.09;0.46543330087633883;0.7318840579710145
4211306;Navegantes (SC);3;86401;0.7354;601068653.16;2150.8913174616036;1608.8912673464426;2.4199999999999995;0.4211859527921704;0.39625933802279295
4211405;Nova Erechim (SC);3;5155;0.7807;48145216.42;1638.1443084384093;1874.4132007759458;62.38;0.44115180318702824;0.6593059936908517
4211454;Nova Itaberaba (SC);2;4536;0.6915;45555048.0;2173.177061287478;2005.275767195767;79.04;0.4670116429495472;0.7545565006075334
4211504;Nova Trento (SC);3;13727;0.8578;93419377.04;1636.9198084067896;1871.8157091862752;8.44;0.42219229175300454;0.724502750740584
4211603;Nova Veneza (SC);3;13664;0.7309;91974318.78;1903.8022087236534;1232.772087968384;3.5100000000000002;0.41566514711976793;0.7145299145299145
4211652;Novo Horizonte (SC);2;2643;0.658;32476382.85;1976.876201286417;2107.377230419977;96.03;0.4823331463825014;0.8859649122807017
4211702;Orleans (SC);3;23661;0.7605;137749939.36;1645.6558492878576;1555.2223722581462;16.189999999999998;0.40113696926629955;0.6252399232245681
4211751;Otacílio Costa (SC);3;17312;0.7572;127764969.56;1890.3051992837338;1216.7902374075786;5.66;0.448339329038735;0.48161459773292786
4211801;Ouro (SC);3;7032;0.6936;51579880.3;1853.658627701934;1342.8375511945392;2.15;0.4589211618257261;0.9134948096885813
4211850;Ouro Verde (SC);2;2181;0.6317;33909642.08;2368.2103530490604;2649.7292297111417;98.72999999999999;0.47066756574511126;0.6540284360189573
4211876;Paial (SC);2;1927;0.7298;33862517.53;2536.77894654904;2736.770877010898;41.47;0.5257323832145685;0.7706666666666667
4211892;Painel (SC);2;2215;0.6628;28881899.98;2514.1007584650115;2565.8699277652368;25.69;0.48957632817753866;0.8383838383838383
4211900;Palhoça (SC);3;222598;0.6933;1006359562.44;923.5320413930045;1128.6240434325555;3.2200000000000006;0.376432250604436;0.3819663571769086
4212007;Palma Sola (SC);3;7605;0.6789;49355934.64;1906.615182117028;1498.1481696252465;43.769999999999996;0.4964580873671783;0.5469037400367872
4212056;Palmeira (SC);2;2561;0.6981;31432001.46;2619.857957828973;1995.1311557985161;17.090000000000003;0.5216874628639334;0.749003984063745
4212106;Palmitos (SC);3;15626;0.7668;96500358.61;1399.3122705746832;1070.7753084602587;69.10999999999999;0.496313319927224;0.9310730253353204
4212205;Papanduva (SC);3;19150;0.6882;98683033.05;1186.5040109660574;1151.697760313316;25.569999999999993;0.42072854069292975;0.4833900078472404
4212239;Paraíso (SC);2;4267;0.674;39835446.44;2322.656419029763;1728.195373798922;54.31;0.4961430575035063;0.8281653746770026
4212254;Passo de Torres (SC);3;12897;0.6379;65025160.79;1923.3271644568506;812.1520214003256;0.36;0.46490231712857794;0.5652007648183557
4212270;Passos Maia (SC);2;4034;0.6888;44012315.11;2708.584159643034;1937.6958353991076;53.55;0.5268735806207419;0.519650655021834
4212304;Paulo Lopes (SC);3;9063;0.7153;58515815.28;1847.73851925411;1252.1709842215603;9.71;0.46437227338826953;0.6385404789053591
4212403;Pedras Grandes (SC);2;4245;0.675;59493303.05;2940.547707891637;1552.6723109540635;3.0199999999999996;0.4502903997266826;0.9701046337817638
4212502;Penha (SC);3;33663;0.7513;214388806.29;1777.6014113418294;1130.0890728693225;2.23;0.4420407813570939;0.6003411910669976
4212601;Peritiba (SC);2;2992;0.7583;38972385.13;3220.5808188502674;1670.8628977272726;20.0;0.5375128468653648;1.1928721174004193
4212650;Pescaria Brava (SC);3;10190;;52064013.41;2099.708813542689;1176.2769401373896;8.979999999999999;0.429372983588161;0.723536036036036
4212700;Petrolândia (SC);3;6716;0.7017;40814204.7;1483.788281715307;1314.1877367480643;5.93;0.4904571682201509;0.7525773195876289
4212809;Balneário Piçarras (SC);3;27127;0.7678;252558564.39;2525.5823006598594;1738.5525369558006;2.32;0.4521171243509448;0.5491562729273661
4212908;Pinhalzinho (SC);3;21972;0.7845;149291035.2;1561.6968846713999;1221.603237302021;48.06;0.4053086024944036;0.4970470115757146
4213005;Pinheiro Preto (SC);2;3473;0.7554;42831618.6;2111.5684249928017;1983.287526634034;30.05;0.43631100082712987;0.562962962962963
4213104;Piratuba (SC);2;5769;0.6811;75116893.78;2836.1044167100017;1994.5336678800484;20.76;0.5078410872974386;0.8125
4213153;Planalto Alegre (SC);2;2946;0.725;32226704.25;1950.1820298710115;2982.840668703326;82.14;0.49771225216065074;0.8230912476722533
4213203;Pomerode (SC);3;34289;0.7798;250924849.68;1593.5935693662693;1499.0184936860219;1.91;0.3903012609982565;0.6126654380968336
4213302;Ponte Alta (SC);3;4437;0.6678;40138128.88;2732.9238359251744;1507.3023191345503;29.269999999999996;0.4770306258322237;0.6721120186697783
4213351;Ponte Alta do Norte (SC);2;3210;0.6856;33371367.29;2663.7633052959504;1937.2567725856698;15.329999999999998;0.49232914923291493;0.3682170542635659
4213401;Ponte Serrada (SC);3;10649;0.6273;62913890.37;1469.3836604375997;1208.0685726359284;36.540000000000006;0.4829410945550759;0.4967630556754424
4213500;Porto Belo (SC);3;27688;0.7531;238122706.21;2134.542440407397;1721.5724295723778;9.7;0.3887049854549102;0.4689158453373768
4213609;Porto União (SC);3;32970;0.7754;148598454.71;859.2827227782833;1022.3730840157718;9.07;0.4483394833948339;0.6964760638297872
4213708;Pouso Redondo (SC);3;17123;0.7042;86308998.6;1422.37365356538;923.7485504876482;12.11;0.45517124160788647;0.49233769852326553
4213807;Praia Grande (SC);3;8270;0.6788;54443589.63;1713.4168125755743;1635.1180955259977;11.34;0.46943852167732764;0.7166991552956465
4213906;Presidente Castello Branco (SC);2;1689;0.6819;30231412.41;3064.2024097098874;2888.088235642392;47.690000000000005;0.5368516833484986;1.0848056537102473
4214003;Presidente Getúlio (SC);3;20010;0.7611;113718618.3;1623.1313623188405;1306.373175912044;3.39;0.40440763615946096;0.5067991631799164
4214102;Presidente Nereu (SC);3;2301;0.6894;24293315.93;2010.3733594089529;1828.7989222077358;5.54;0.4835589941972921;0.8292682926829268
4214151;Princesa (SC);2;2964;0.7217;33347658.17;2078.3395411605934;1993.3619770580299;47.11;0.45722713864306785;0.7318435754189944
4214201;Quilombo (SC);3;11022;0.7163;71979290.47;1148.8282072219197;1281.3295663219017;51.209999999999994;0.47018807523009204;0.7554780876494024
4214300;Rancho Queimado (SC);2;3279;0.7329;50720045.65;2102.1937389448003;2263.927322354376;26.9;0.4756975697569757;0.8609154929577465
4214409;Rio das Antas (SC);2;6253;0.7037;64075434.5;2488.364482648329;1526.5363617463615;33.14;0.5214111922141119;0.6522744795682344
4214508;Rio do Campo (SC);3;6452;0.7146;46044904.92;1373.082761934284;1254.004155300682;12.080000000000002;0.4547914317925592;0.6200803212851406
4214607;Rio do Oeste (SC);3;7747;0.6984;44803765.34;1424.4208583967986;1070.559029301665;5.74;0.4725337388329215;0.8001448225923244
4214706;Rio dos Cedros (SC);3;10865;0.7935;80608113.05;1612.6421969627245;1097.0125117349287;8.700000000000001;0.4595647501343364;0.8138918345705196
4214805;Rio do Sul (SC);3;72587;0.8314;495492376.27;1326.2517949495088;1763.9050099880144;2.2;0.39421470141943415;0.5798629820645061
4214904;Rio Fortuna (SC);2;4847;0.6741;40317331.12;1954.021404992779;1305.7539488343305;21.18;0.46567886301784095;0.7782909930715936
4215000;Rio Negrinho (SC);3;39261;0.7712;260020687.88;1753.968468964112;1548.901478821222;7.390000000000001;0.409376458340812;0.49110878661087864
4215059;Rio Rufino (SC);2;2397;0.6591;30340347.07;3351.134363788068;2245.320617438465;62.57;0.4696505211526671;0.658008658008658
4215075;Riqueza (SC);1;4768;0.6959;1353483.56;1588.5682172818792;1491.3438045302014;60.56;0.4770755885997522;0.8803418803418803
4215109;Rodeio (SC);3;12757;0.7508;60412439.88;1345.9688978599984;990.2711993415379;6.43;0.44998863378040466;0.8413953488372093
4215208;Romelândia (SC);2;4823;0.5881;43396403.1;1966.7217727555467;1707.0496869168567;80.89999999999999;0.5253004427577482;1.1912928759894459
4215307;Salete (SC);3;7489;0.7615;60289893.49;1693.5045987448257;1328.2568820937374;8.52;0.46041341653666146;0.666196189131969
4215356;Saltinho (SC);2;3632;0.6736;41573926.13;2895.0617676211455;1653.7794300660792;73.75000000000001;0.5299073294018534;0.7945791726105563
4215406;Salto Veloso (SC);2;4390;0.782;52377282.12;3192.2897038724377;1429.6358587699317;7.339999999999999;0.45750332005312083;0.6443914081145584
4215455;Sangão (SC);3;12882;0.6668;67897292.74;1183.363790560472;1025.4434955752213;10.79;0.44709054145135924;0.3148331681532871
4215505;Santa Cecília (SC);3;15546;0.6262;95174172.78;1534.3457487456578;1176.1291373986878;9.22;0.4515406162464986;0.36302142051860203
4215554;Santa Helena (SC);2;2425;0.7687;30535452.83;1960.7611092783507;2021.6905979381445;78.88;0.505276225946617;1.0098765432098766
4215604;Santa Rosa de Lima (SC);2;2088;0.6785;29426984.7;3349.6186063218393;2445.1477442528735;2.31;0.4242837653478854;0.8511904761904762
4215653;Santa Rosa do Sul (SC);3;9792;0.7035;66924083.22;1911.8581055964053;1021.7538613153596;5.409999999999999;0.4780377358490566;0.631633178773828
4215679;Santa Terezinha (SC);3;8066;0.6592;39854270.55;1512.3084354078849;1042.9348884205308;37.330000000000005;0.41832248988922105;0.5977165883143049
4215687;Santa Terezinha do Progresso (SC);2;2576;0.5633;33455262.38;2475.3704891304346;2094.309650621118;89.43;0.5269709543568465;0.9495614035087719
4215695;Santiago do Sul (SC);2;1651;0.7171;27363723.1;3111.892168382798;3073.2364203513025;76.61;0.5301204819277109;0.8392282958199357
4215703;Santo Amaro da Imperatriz (SC);3;27272;0.8007;156708168.11;1538.5047722939278;1323.3014465385743;6.659999999999999;0.40976996639958646;0.5917670682730923
4215752;São Bernardino (SC);2;2684;0.699;5033436.52;2385.6601713859914;2159.992276453055;83.45;0.5276038702333523;0.7424812030075187
4215802;São Bento do Sul (SC);3;83277;0.8436;548705066.47;1291.3973304754015;1489.1653500966654;3.7699999999999996;0.3959768669851647;0.4908172925213001
4215901;São Bonifácio (SC);2;2946;0.664;33197706.73;1989.5791412084184;1921.3870298710117;6.4;0.46130952380952384;1.366412213740458
4216008;São Carlos (SC);3;10282;0.72;71478992.45;1684.1106418984634;1531.169320171173;62.69;0.4753910173626058;0.8015225666122893
4216057;São Cristóvão do Sul (SC);3;6084;0.6932;41460443.14;1588.6652777777779;1139.40958086785;11.249999999999998;0.3112068965517241;0.43824701195219123
4216107;São Domingos (SC);3;9226;0.7072;53951152.51;1367.6994580533274;1424.5706102319532;70.52000000000001;0.4707476486529571;0.7864488808227466
4216206;São Francisco do Sul (SC);3;52674;0.681;481965934.78;1956.2979010517522;1373.442143182595;2.7199999999999998;0.4629634772948202;0.6690697907279464
4216255;São João do Oeste (SC);2;6295;0.7821;53808957.57;1437.0163939634629;1947.8594011119935;54.59;0.4948943243885063;1.1178861788617886
4216305;São João Batista (SC);3;32687;0.7289;184303880.92;1553.0085407042557;1194.5384847186954;2.7699999999999996;0.399511902723069;0.36597862684819205
4216354;São João do Itaperiú (SC);3;4463;0.7291;44569463.63;2646.8023616401524;1785.1913735155724;12.620000000000001;0.48321701561980723;0.49588477366255146
4216404;São João do Sul (SC);3;8668;0.6417;55907995.2;2167.07010383018;928.9846977388095;27.87;0.47164685908319187;0.652587745389649
4216503;São Joaquim (SC);3;25939;0.634;157521476.96;1626.256938586684;946.8458413971241;13.380000000000003;0.45235162374020155;0.5373929590865842
4216602;São José (SC);3;270299;0.7648;1160958854.38;1213.9165535203608;749.2885982190094;3.0199999999999996;0.36562926287071185;0.5761515844495263
4216701;São José do Cedro (SC);3;14167;0.7775;82803127.77;1539.293006988071;1444.5963492623703;49.89000000000001;0.4560123329907503;0.8281829419035847
4216800;São José do Cerrito (SC);0;8708;0.55;54627526.03;1557.9742949012402;900.6424402847956;50.82;0.4854998294097578;0.9453178400546821
4216909;São Lourenço do Oeste (SC);3;24791;0.7973;175509363.44;1896.9629329192046;1397.576265580251;58.83999999999999;0.45044465246899135;0.6314897223988133
4217006;São Ludgero (SC);3;13509;0.7591;94660526.44;1802.996112221482;1655.7408357391369;0.18999999999999997;0.38810110974106043;0.36550976138828634
4217105;São Martinho (SC);2;3405;0.7212;35404264.64;2070.5858472834066;1955.3133274596182;3.0;0.5099778270509978;0.9295302013422819
4217154;São Miguel da Boa Vista (SC);2;1781;0.5994;27091744.74;2324.9920494104435;3213.8469174621;70.09;0.5248287671232876;1.0365448504983388
4217204;São Miguel do Oeste (SC);3;44330;0.8095;223326121.05;1515.1426821565533;1022.7520509812769;12.639999999999999;0.4176980395919281;0.6558062880324543
4217253;São Pedro de Alcântara (SC);3;5776;0.6923;45511716.93;1569.149342105263;1167.71885734072;4.88;0.3613009662974311;1.0224274406332454
4217303;Saudades (SC);3;10265;0.7746;62250673.45;1415.8848144179249;1352.2505280077935;73.69;0.43687010078387456;0.5882951653944021
4217402;Schroeder (SC);3;20061;0.7245;107896128.53;1478.2053043218184;1272.6247903893127;4.569999999999999;0.4112557157931762;0.37423601316408084
4217501;Seara (SC);3;18620;0.7408;113983488.85;1450.2157346938773;1486.1802975295382;14.9;0.4410649330547171;0.6338876146788991
4217550;Serra Alta (SC);2;3303;0.6964;36636247.2;2176.4904601877083;1721.704311232213;48.21;0.468;0.8217993079584776
4217600;Siderópolis (SC);3;13714;0.7244;87762687.16;1332.2455767828496;1150.0995646784309;7.27;0.43376894929430215;0.7381650607457059
4217709;Sombrio (SC);3;29991;0.7702;146093476.13;1962.1734713747458;964.8125077523257;2.6500000000000004;0.4443748795993065;0.47750200160128103
4217758;Sul Brasil (SC);2;2832;0.681;33930894.38;1946.7853742937853;2373.3602118644067;60.96;0.49682875264270615;0.8252427184466019
4217808;Taió (SC);3;18310;0.7336;123008998.63;1518.0871835062808;1055.2469994538503;5.55;0.45617941784634963;0.6698689956331878
4217907;Tangará (SC);3;8143;0.7679;67979009.91;1825.7593393098368;1673.0271091735233;46.46;0.4674716165074788;0.7646258503401361
4217956;Tigrinhos (SC);2;2329;0.6929;30282510.6;2457.130686990124;2169.8381064834693;84.94000000000001;0.5054945054945055;0.6602972399150743
4218004;Tijucas (SC);3;51592;0.7553;251501563.31;1401.0216031555278;1220.7746695224066;3.1999999999999997;0.40009226844690493;0.37875245487702236
4218103;Timbé do Sul (SC);3;5386;0.5903;51101931.54;1901.8780449313035;1820.6856275529149;3.1999999999999997;0.45292689506339356;0.7938034188034188
4218202;Timbó (SC);3;46099;0.8328;272984538.18;1457.9741144059524;1261.0673906158486;3.6699999999999995;0.3837310520786433;0.6320694497638197
4218251;Timbó Grande (SC);0;7342;0.6047;54760187.94;2102.804705802234;918.7439457913375;67.18;0.44812623274161734;0.2945868945868946
4218301;Três Barras (SC);3;19746;0.6713;144061955.65;1846.1914757419227;1880.5338255849288;39.64;0.47127635794650174;0.3681592039800995
4218350;Treviso (SC);3;3782;0.7284;45324460.83;2058.4294130089897;2330.5694976203067;2.12;0.4396650171298059;0.8075117370892019
4218400;Treze de Maio (SC);3;7362;0.6945;52163772.13;1535.6255148057592;1202.749024721543;0.31999999999999995;0.46332737030411447;0.6806056236481615
4218509;Treze Tílias (SC);3;8787;0.7705;69664704.79;2407.6762717651077;1328.8601752589052;12.47;0.4433311432325887;0.45498652291105124
4218608;Trombudo Central (SC);3;7274;0.7728;47320167.75;1836.6845958207314;1265.3686279901017;7.17;0.4435403849970232;0.667910447761194
4218707;Tubarão (SC);3;110088;0.8094;472632692.4;1165.4135991207033;866.4322967080882;0.4;0.41749072929542647;0.7272533560622203
4218756;Tunápolis (SC);2;4916;0.7579;48596578.21;1830.6788140764852;2098.931013018714;53.45;0.49558868268938244;0.8448471121177803
4218806;Turvo (SC);3;13043;0.7716;76483562.16;1747.3918952694933;944.3641792532393;8.079999999999998;0.41972352236856425;0.6699870073624946
4218855;União do Oeste (SC);2;2774;0.6887;34138707.43;1952.3316546503247;2501.616128334535;51.949999999999996;0.49864937871420856;0.9070247933884298
4218905;Urubici (SC);3;10834;0.6276;77527906.44;2212.216393760384;1383.8594683404099;13.91;0.47401360544217686;0.5879671832269827
4218954;Urupema (SC);2;2656;0.5344;32867954.0;1602.282251506024;1949.2333998493978;34.51;0.47555555555555556;0.7258064516129032
4219002;Urussanga (SC);3;20919;0.8045;122242084.87;1505.9969138104116;1339.2567029972752;4.97;0.42461182239171885;0.9114040465971797
4219101;Vargeão (SC);2;3634;0.7566;42667826.61;2368.150066042928;2302.586386901486;23.31;0.4653225806451613;0.6532951289398281
4219150;Vargem (SC);2;2627;0.59;29882279.08;2182.083205177008;3032.138287019414;61.150000000000006;0.45944444444444443;0.654
4219176;Vargem Bonita (SC);2;4576;0.7142;57462838.17;2358.3602840909093;2200.0733085664338;12.98;0.4809061488673139;0.5741525423728814
4219200;Vidal Ramos (SC);3;6189;0.6667;53210413.72;1947.3946194861853;1875.9452415576022;23.01;0.43463143254520165;0.6177739430543572
4219309;Videira (SC);3;55466;0.8074;375997612.57;1614.3586436736018;1335.8854829985937;9.04;0.40065656565656566;0.5026044132967137
4219358;Vitor Meireles (SC);3;5370;0.6596;35727730.12;1525.8242905027935;1362.0615810055867;2.6499999999999995;0.48588821250691755;0.5720680393912265
4219408;Witmarsum (SC);3;4255;0.6995;38306801.41;1907.5438613396004;1962.8831186839013;7.659999999999999;0.43410852713178294;0.559322033898305
4219507;Xanxerê (SC);3;51607;0.796;260845297.88;1154.2815269246419;1044.6707006801403;30.04;0.42238575602227;0.5242689476825144
4219606;Xavantina (SC);2;3653;0.6628;44324112.53;1788.289603065973;2276.37033944703;20.429999999999996;0.48677248677248675;1.2230483271375465
4219705;Xaxim (SC);3;31918;0.7581;178919664.14;1908.9345692085972;1122.173261482549;28.069999999999997;0.4381364332702532;0.5425126903553299
4219853;Zortéa (SC);3;3930;0.5782;37488486.15;2428.949926208651;2052.0370203562343;5.949999999999999;0.4708083832335329;0.47134502923976607
4220000;Balneário Rincão (SC);3;15981;0.5937;80607433.08;1101.360670796571;1534.0501814654904;42.2;0.5320678746045442;0.7177344475394615
4300034;Aceguá (RS);2;4170;0.5855;52284996.0;2872.9066834532373;2790.985642685851;50.35;0.47558386411889597;0.6716417910447762
4300059;Água Santa (RS);2;3912;0.6867;40898745.58;1780.3694810838447;1965.3380777096115;17.729999999999997;0.5168670027142304;0.7726063829787234
4300109;Agudo (RS);3;16041;0.6845;97358797.93;1446.5764397481455;754.2247384826383;16.12;0.4634613630143235;1.0198807157057654
4300208;Ajuricaba (RS);3;6720;0.6953;48393236.18;1407.9306681547619;1464.1332113095239;63.769999999999996;0.49134487350199735;1.1474296799224055
4300307;Alecrim (RS);2;6123;0.6286;36298981.2;1093.637695574065;1028.6558092438347;62.99;0.5991120396970488;1.6956521739130435
4300406;Alegrete (RS);3;72409;0.6419;337040274.7;1074.755135825657;1019.5009549917829;4.73;0.48321350293942933;0.891285175980117
4300455;Alegria (RS);2;3651;0.6481;33998727.11;1297.8679457682827;1774.2452999178306;97.52999999999999;0.5839479392624729;1.4296028880866427
4300471;Almirante Tamandaré do Sul (RS);2;1969;0.7556;31605288.63;3463.331305231082;2870.132752666328;45.49;0.53828125;1.12
4300505;Alpestre (RS);2;7117;0.6728;78595685.39;1936.9043923001266;1918.790629478713;65.94;0.5275810259712385;1.2406563354603464
4300554;Alto Alegre (RS);2;1800;0.635;26601327.61;2050.1694388888886;2598.16285;96.84;0.5228426395939086;1.3587786259541985
4300570;Alto Feliz (RS);2;3072;0.7577;38011038.83;1914.6919498697916;2441.8370149739585;5.930000000000001;0.45179584120982985;1.1244444444444444
4300604;Alvorada (RS);3;187315;0.5024;593292536.03;873.2715598323679;477.7243784534074;4.0200000000000005;0.44014238815379764;0.4790853894845627
4300638;Amaral Ferrador (RS);3;5310;0.5182;32819808.57;1788.2415913370996;1240.6019152542374;37.98;0.45519320361742943;0.778372591006424
4300646;Ametista do Sul (RS);0;7650;0.6184;2958776.17;1355.0068130718955;1291.5048784313726;92.13;0.41876854599406527;0.657856093979442
4300661;André da Rocha (RS);2;1135;0.6546;25673107.25;2773.5300881057274;4096.959577092511;20.14;0.5275908479138627;1.0740740740740742
4300703;Anta Gorda (RS);3;5957;0.7219;48297147.22;937.3646130602652;1492.941633372503;31.14;0.5293966623876765;1.4431279620853081
4300802;Antônio Prado (RS);3;13045;0.8142;90197524.52;912.8107612111921;1353.4059524722115;10.929999999999998;0.4813763343175108;1.1975116640746502
4300851;Arambaré (RS);2;4112;0.5885;39930618.7;2233.4146157587547;2068.499034533074;57.669999999999995;0.5629038388445458;1.3433544303797469
4300877;Araricá (RS);3;8525;0.747;52628002.3;2262.010819941349;983.1971002932552;6.62;0.4265394912985274;0.4466515323496027
4300901;Aratiba (RS);2;6483;0.7708;102896660.76;2620.236577201913;2350.1472019126945;23.240000000000002;0.5670775924583031;1.595132743362832
4301008;Arroio do Meio (RS);3;21958;0.8202;140796562.74;1676.418681573914;1730.6650473631478;5.72;0.4505218655040296;0.8167288225892382
4301057;Arroio do Sal (RS);3;11057;0.6899;97754091.57;1971.2142090983089;1519.658759157095;5.85;0.5730544885474463;1.1188847974750131
4301073;Arroio do Padre (RS);2;2599;0.6133;27067260.39;2488.910142362447;2427.6289534436323;54.8;0.45847362514029183;1.263157894736842
4301107;Arroio dos Ratos (RS);3;14601;0.5732;63766566.05;1096.003469625368;1058.3669570577358;7.99;0.4845958312150483;0.7803511393350766
4301206;Arroio do Tigre (RS);3;12058;0.6443;58293696.24;1330.1900779565433;1065.1879938629954;53.940000000000005;0.44927884615384617;0.8974619289340101
4301305;Arroio Grande (RS);3;17558;0.579;103934751.62;1124.3653907050918;1265.4039776739946;3.5500000000000003;0.49557069846678026;0.9432197728790915
4301404;Arvorezinha (RS);3;10322;0.616;56501362.0;996.7353923658206;1047.4171197442356;38.00999999999999;0.4873198847262248;1.0107015457788346
4301503;Augusto Pestana (RS);3;7149;0.6583;50973740.87;1163.1038424954538;1612.6518380193033;64.08000000000001;0.5663891323400526;1.3628884826325411
4301552;Áurea (RS);2;3396;0.7054;29403962.96;1571.792667844523;2350.4597673733806;18.590000000000003;0.5019902697921274;1.4567099567099566
4301602;Bagé (RS);3;117938;0.5983;527808159.62;901.1474974138955;798.3860845529007;6.1;0.47710535544311405;0.744869915720044
4301636;Balneário Pinhal (RS);3;14955;0.5613;85686277.41;1452.7476068204614;1139.7233640922768;48.84;0.6027221090987033;1.1614142966948502
4301651;Barão (RS);3;6461;0.76;50645829.27;1676.250004643244;1263.1082185420212;38.4;0.44412159141707647;0.8816287878787878
4301701;Barão de Cotegipe (RS);3;7144;0.7445;42275087.15;1300.2243952967526;1418.3725279955206;16.56;0.5148430873621713;1.1354441512752858
4301750;Barão do Triunfo (RS);0;5889;0.5034;38095919.37;1464.437821361861;1188.9174121242995;92.95000000000002;0.4297159504734159;0.9135135135135135
4301800;Barracão (RS);3;4831;0.6693;38816841.99;1696.0032332850342;1485.512262471538;63.78999999999999;0.5380452085323145;1.1528662420382165
4301859;Barra do Guarita (RS);2;3161;0.6124;31476540.58;2167.076592850364;1677.4453052831384;90.33;0.5389483933787731;0.6279411764705882
4301875;Barra do Quaraí (RS);3;4241;0.5952;37929121.11;1991.7899882103277;1475.1284437632632;9.030000000000001;0.49225897255453904;0.37696850393700787
4301909;Barra do Ribeiro (RS);3;12225;0.6305;64354267.89;888.5693406952964;1235.8682224948875;18.73;0.5146821955148061;0.9302973977695167
4301925;Barra do Rio Azul (RS);2;1696;0.6802;35297088.38;1625.2253891509436;3228.9164150943393;64.03999999999999;0.5806150978564771;1.9951923076923077
4301958;Barra Funda (RS);2;2498;0.7855;33657540.08;2109.7454323458765;2986.4038270616493;71.75999999999999;0.5048192771084338;1.0339805825242718
4302006;Barros Cassal (RS);1;9296;0.5641;1105102.44;1369.3611972891565;1333.4697880808951;62.33;0.4814342629482072;0.863664404688464
4302055;Benjamin Constant do Sul (RS);2;2082;0.4795;24998225.73;2133.90378962536;3183.5791306436117;87.73;0.5537313432835821;0.6343612334801763
4302105;Bento Gonçalves (RS);3;123151;0.8352;696505356.34;1310.7910368571916;1572.2049835567718;2.4899999999999998;0.41388732620750623;0.7455091270033409
4302154;Boa Vista das Missões (RS);2;1933;0.675;34178689.72;2230.9230832902226;3635.9467511639937;79.19;0.49497293116782676;0.8443804034582133
4302204;Boa Vista do Buricá (RS);3;6966;0.746;50752015.04;1312.3798191214469;1317.9165015790984;82.31000000000002;0.5087719298245614;1.0714285714285714
4302220;Boa Vista do Cadeado (RS);2;2229;0.6255;38301964.73;3389.374472857784;3726.681274113953;27.84;0.4742063492063492;1.2267080745341614
4302238;Boa Vista do Incra (RS);2;2271;0.5974;34017859.54;2924.9274768824307;2774.8596389255836;89.04;0.5129913391072618;0.8032786885245902
4302253;Boa Vista do Sul (RS);2;2779;0.7428;36094040.35;1803.1995789852465;1995.236264843469;54.95;0.5336644591611479;1.7011173184357542
4302303;Bom Jesus (RS);3;11202;0.6643;69799161.02;1586.1268318157474;1845.5835502588823;15.969999999999999;0.5412768299394607;0.6740425531914893
4302352;Bom Princípio (RS);3;13142;0.7658;105785672.32;1993.9584667478312;1595.3365842337544;2.8000000000000003;0.42091036868850684;0.7029746281714786
4302378;Bom Progresso (RS);2;2096;0.5769;26075526.66;2329.1205916030535;2654.8958969465652;90.74000000000001;0.5288110867979577;0.9917582417582418
4302402;Bom Retiro do Sul (RS);3;12294;0.7563;63054581.72;1438.3252066048478;1188.6730152920125;11.66;0.4639199809478447;0.7132805628847845
4302451;Boqueirão do Leão (RS);1;6247;0.5138;599063.71;1346.8384904754282;1622.9185032815753;24.009999999999998;0.4470697243456104;0.7853839037927844
4302501;Bossoroca (RS);0;5890;0.5679;55234888.86;1681.4120084889644;1479.5240050933785;80.19999999999999;0.5358539765319427;1.0926680244399185
4302584;Bozano (RS);2;2151;0.6762;27993025.32;1843.96339841934;2360.2146443514644;39.39999999999999;0.5968819599109132;1.407185628742515
4302600;Braga (RS);0;3268;0.5805;33094692.82;1737.0127509179927;1946.6265881272948;81.42;0.5349929544387036;0.9015025041736227
4302659;Brochier (RS);3;4966;0.7085;39051367.01;1455.811427708417;1339.1867921868707;68.8;0.5030266343825666;1.2459459459459459
4302709;Butiá (RS);3;19084;0.6174;91794929.81;1469.6252384196187;1328.0831125550199;14.959999999999999;0.48052754072924747;0.7345281433772053
4302808;Caçapava do Sul (RS);3;32515;0.6486;166753831.1;1266.947015223743;1005.7275269875441;29.250000000000004;0.5181156036978243;1.0742056074766355
4302907;Cacequi (RS);3;11157;0.5564;72185604.99;502.523973290311;81.23149681814108;12.320000000000002;0.5196131844184146;0.960431654676259
4303004;Cachoeira do Sul (RS);3;80070;0.6526;370772905.19;896.8829240664418;1277.271043836643;41.19;0.5115532734274711;0.9859289116892634
4303103;Cachoeirinha (RS);3;136258;0.7207;597222187.73;981.830904680826;607.0483656739422;1.85;0.421619873339802;0.5666214382632293
4303202;Cacique Doble (RS);3;4603;0.6254;33131279.9;1735.2343037149685;1274.0573386921571;48.25000000000001;0.5404953145917001;1.05470737913486
4303301;Caibaté (RS);2;4704;0.6309;36629354.81;1384.650663265306;1768.3770450680272;60.11;0.4976122254059217;1.1768802228412256
4303400;Caiçara (RS);3;4836;0.6218;35729433.5;991.40908808933;1475.6127812241523;57.4;0.52219074598678;1.2268456375838925
4303509;Camaquã (RS);3;62200;0.629;301512055.86;1127.1582971061096;752.5373620578779;17.57;0.45865578537592044;0.7822125022781119
4303558;Camargo (RS);2;2981;0.744;36665995.1;2349.760852063066;2284.159147936934;46.01;0.5093670886075949;0.9571984435797666
4303608;Cambará do Sul (RS);3;6361;0.696;52705697.46;1381.6621521773304;1848.4649976418802;14.95;0.47930232558139535;0.6647819063004846
4303673;Campestre da Serra (RS);2;3242;0.6199;32399737.23;2156.407008019741;2256.949759407773;47.98;0.5199249882794187;1.263265306122449
4303707;Campina das Missões (RS);2;5882;0.6775;41090124.17;1369.4164382862973;1212.9788286297178;29.460000000000004;0.5470804839558128;1.5030084235860408
4303806;Campinas do Sul (RS);2;5284;0.7013;45984430.65;1441.8620666161999;2288.5693035579106;5.78;0.5527475756685277;1.3690176322418135
4303905;Campo Bom (RS);3;62886;0.8624;384536972.33;1673.350235505518;1626.0731805171263;1.33;0.4027972963929599;0.6148274011804686
4304002;Campo Novo (RS);3;4975;0.6697;37840247.93;1555.1395979899498;1673.0682070351759;93.84999999999998;0.5107804433647131;0.8066595059076263
4304101;Campos Borges (RS);0;3613;0.6553;34633602.16;1351.008602269582;1976.445208967617;91.22999999999999;0.5413822525597269;1.1114808652246255
4304200;Candelária (RS);3;28906;0.6303;143306789.4;919.951800318273;1148.8920369473467;35.83;0.46798029556650245;0.968175993165314
4304309;Cândido Godói (RS);3;6294;0.7249;46436796.99;1367.2919828408008;1335.508223705116;63.43;0.5075449101796408;1.3057671381936888
4304358;Candiota (RS);3;10710;0.5676;125576840.58;1769.921115779645;1516.5460952380952;18.489999999999995;0.428;0.41409691629955947
4304408;Canela (RS);3;48946;0.7603;282988128.78;1520.0772535038614;1369.8249901932743;5.28;0.4152787416146195;0.4772680518411849
4304507;Canguçu (RS);3;49680;0.5567;244181882.84;1378.1943427938809;890.6696034621577;46.56;0.47152039335327744;1.0503606388459557
4304606;Canoas (RS);3;347657;0.6902;2290869446.51;1291.0791755667226;1840.538948820245;1.36;0.42918160292038016;0.6517316120049994
4304614;Canudos do Vale (RS);2;1656;0.6515;25504364.28;2242.9761171497585;3208.088019323672;20.68;0.5220588235294118;1.8258706467661692
4304622;Capão Bonito do Sul (RS);2;1733;0.7228;33996389.28;3333.150663589152;3611.354916330063;69.17;0.5161854768153981;0.9798657718120806
4304630;Capão da Canoa (RS);3;63594;0.7264;422706720.67;1802.7726233606945;1206.4701550460736;18.16;0.4820321603355861;0.5602323300897639
4304655;Capão do Cipó (RS);2;3119;0.5835;43677827.35;2298.802587367746;3020.856954151972;76.78;0.4540792540792541;0.813780260707635
4304663;Capão do Leão (RS);3;26487;0.509;110482016.84;1633.8782047797035;873.5998399214709;21.0;0.4741206589492431;0.5556975894813733
4304671;Capivari do Sul (RS);3;3991;0.7151;43090200.55;2645.9410548734654;2230.6603207216235;3.6199999999999997;0.43871665465032444;0.6671232876712329
4304689;Capela de Santana (RS);3;11159;0.6127;66040611.05;1484.6572847029304;898.154979836903;3.1299999999999994;0.4535625895532109;0.6075715604801477
4304697;Capitão (RS);2;2921;0.7207;36773670.09;2707.8125162615543;2226.853358438891;48.67;0.5397996837111229;0.9320754716981132
4304705;Carazinho (RS);3;61804;0.7665;352434731.41;955.8281703449616;1567.6665753025693;57.440000000000005;0.48232359572120687;0.747783764992178
4304713;Caraá (RS);3;7394;0.6279;44629433.64;1650.2335691100895;1094.7931322694076;32.120000000000005;0.549455155071249;1.2506437768240344
4304804;Carlos Barbosa (RS);3;30420;0.7977;249387132.01;1596.7428172255095;1227.9915013149243;13.53;0.4002946050451114;0.7732463295269169
4304853;Carlos Gomes (RS);2;1368;;23369875.27;2402.8046564327487;3771.32918128655;28.840000000000003;0.4584221748400853;1.457142857142857
4304903;Casca (RS);3;9465;0.826;54271617.25;1369.943617538299;1303.0395816164819;32.120000000000005;0.48517181860975994;1.1324137931034484
4304952;Caseiros (RS);2;3000;0.6355;36920863.79;1732.4006933333333;2018.47518;1.35;0.5432098765432098;0.9340659340659341
4305009;Catuípe (RS);3;8674;0.7065;53697733.51;1520.147124740604;1414.1063246483745;45.5;0.560633321338611;1.2530730296456978
4305108;Caxias do Sul (RS);3;463501;0.789;2617733178.68;924.0078494760529;1898.3356640438749;4.1;0.41569385648224505;0.7111622409977871
4305116;Centenário (RS);2;2721;0.5944;27272940.67;1853.480808526277;2276.4313414185963;26.19;0.536420101637493;1.4934383202099737
4305124;Cerrito (RS);3;5808;0.4455;38380966.65;1569.620246212121;1169.0232420798898;18.480000000000004;0.5272153562976597;1.2732426303854876
4305132;Cerro Branco (RS);2;3802;0.547;34089552.95;1425.708287743293;1456.99863229879;23.58;0.5195843325339728;1.736842105263158
4305157;Cerro Grande (RS);2;2379;0.5684;28954296.42;2036.8594115174444;2759.7755233291296;1.75;0.5458089668615984;0.995249406175772
4305173;Cerro Grande do Sul (RS);3;9178;0.5338;50942422.03;1489.7631466550447;1064.3173469165395;71.9;0.4322721598002497;0.6409952606635071
4305207;Cerro Largo (RS);3;13705;0.7295;79054511.78;1119.7574782925938;991.0517300255382;44.35000000000001;0.4725475448587085;1.0408352668213456
4305306;Chapada (RS);3;9540;0.7561;69605104.88;1795.8027232704403;1512.0868322851154;42.97;0.5021256495040152;1.1503708698583952
4305355;Charqueadas (RS);3;35012;0.6825;159425758.08;1037.7723020678623;985.187215240489;2.86;0.3926255916630206;0.76047797396112
4305371;Charrua (RS);2;2768;0.467;26168925.5;1602.8491871387282;2042.834710982659;43.8;0.495407887628309;1.0198237885462555
4305405;Chiapetta (RS);2;3913;0.7336;38089363.87;2052.913273703041;1964.2721006900078;18.98;0.5279187817258884;0.883008356545961
4305439;Chuí (RS);3;6262;0.6803;41108837.37;1091.0105589268605;1146.5513605876718;4.279999999999999;0.4624007473143391;0.6282894736842105
4305447;Chuvisca (RS);0;4597;0.4667;31691427.88;2691.7155710245815;1514.3099369153797;43.68;0.4114215535769113;0.6482164821648216
4305454;Cidreira (RS);3;17071;0.5043;4234539.57;1493.1810362603246;1093.1891289321072;16.17;0.6242626070409134;1.1116832957837142
4305504;Ciríaco (RS);2;4149;0.6668;34912843.85;1528.8673439382983;2143.8138394793923;28.269999999999996;0.5464032799105479;1.330683624801272
4305587;Colinas (RS);2;2423;0.7157;34446576.37;2801.537470078415;2876.0890260008255;66.99;0.6164109406270847;1.5384615384615385
4305603;Colorado (RS);2;3258;0.6542;37995209.55;1603.267341927563;2128.818655616943;92.27;0.5610924772400575;1.5237068965517242
4305702;Condor (RS);3;6406;0.6838;58202896.25;1609.825880424602;2069.1176615672807;88.38000000000001;0.48115606936416183;0.7908777969018933
4305801;Constantina (RS);3;10385;0.6631;56518571.9;1423.3595012036592;1339.4369812229177;96.2;0.5042004634994206;0.8595085470085471
4305835;Coqueiro Baixo (RS);2;1290;;25659380.85;2400.0558217054263;4367.743302325582;30.68;0.6929133858267716;2.7714285714285714
4305850;Coqueiros do Sul (RS);2;2211;0.5617;32850065.76;2099.4017458163726;2787.202989597467;89.84;0.5354166666666667;1.350609756097561
4305871;Coronel Barros (RS);2;2822;0.6584;36460667.41;2071.0736605244506;2511.1122643515237;23.35;0.5437636761487965;1.248868778280543
4305900;Coronel Bicaco (RS);2;6144;0.5979;50808821.73;1547.341025390625;1883.6965917968748;55.82;0.5562310030395137;0.8547297297297297
4305934;Coronel Pilar (RS);2;1607;0.5882;27060178.94;2172.5512321095207;2628.281051649036;77.17;0.5617103984450923;2.302857142857143
4305959;Cotiporã (RS);2;3846;0.6811;36841449.55;1824.818117524701;1673.206203848154;26.03;0.5046948356807511;1.7446808510638299
4305975;Coxilha (RS);2;2667;0.7402;38886877.01;3473.232984626922;2951.8513235845517;38.6;0.49411764705882355;0.7396449704142012
4306007;Crissiumal (RS);3;12886;0.703;72840069.1;1489.9510189352784;1249.3852196181901;69.55;0.5233479134649486;1.293782383419689
4306056;Cristal (RS);3;7299;0.546;47516516.24;1464.0381189204002;1624.0714618440882;19.889999999999997;0.49477780053245957;0.7660818713450293
4306072;Cristal do Sul (RS);2;2692;0.5822;27547716.06;2103.009101040119;2459.8279903417533;96.20000000000002;0.5183305132543711;0.9594882729211087
4306106;Cruz Alta (RS);3;58913;0.7175;309525227.32;1163.1928866294365;1126.9111270857027;32.309999999999995;0.49814362730139355;0.7381543921916592
4306130;Cruzaltense (RS);2;1635;;28862158.02;2705.1329541284404;2912.7422446483183;10.879999999999999;0.5280373831775701;1.5
4306205;Cruzeiro do Sul (RS);3;11600;0.7542;62367390.36;1463.2907258620687;1244.2497836206896;2.58;0.48966225760883525;1.1218697829716193
4306304;David Canabarro (RS);3;4321;0.6534;35892814.33;1434.320955797269;1984.6374311501968;35.519999999999996;0.4967093869068237;1.2198142414860682
4306320;Derrubadas (RS);2;2751;0.6522;32740278.63;2401.7994474736456;2266.6577826245;0.83;0.490249187432286;0.9588744588744589
4306353;Dezesseis de Novembro (RS);2;2507;0.5537;28079006.89;1237.2334942161947;1790.2103151176705;60.77;0.5610211706102117;1.589080459770115
4306379;Dilermando de Aguiar (RS);2;2806;0.6117;36941986.83;2167.868129009266;1977.4762972202425;15.35;0.5649749023982152;1.2312775330396475
4306403;Dois Irmãos (RS);3;30709;0.8115;176867784.26;1582.816755348595;1129.311235794067;1.54;0.3844731977818854;0.6409467000192419
4306429;Dois Irmãos das Missões (RS);2;2090;0.5893;30454628.0;2727.8007703349285;2678.5212631578947;33.08;0.5620328849028401;0.8120481927710843
4306452;Dois Lajeados (RS);2;3097;0.7107;34701782.13;1491.9327349047464;2050.6306683887633;16.02;0.5776872134488028;1.52
4306502;Dom Feliciano (RS);3;13051;0.4631;71358658.37;1859.6622956095316;918.2971534748294;69.22999999999999;0.43780984906907566;0.7733154841588576
4306551;Dom Pedro de Alcântara (RS);2;2562;;28352580.92;1909.3843169398908;1832.7021857923498;14.2;0.508833922261484;1.1439205955334988
4306601;Dom Pedrito (RS);3;36981;0.597;207134816.47;1248.4790657364592;886.9055917903789;5.51;0.47281851129077224;0.8684293358514321
4306700;Dona Francisca (RS);2;3079;0.6115;28152216.24;1181.7222377395258;2020.9527443975317;35.809999999999995;0.4910411622276029;1.0693877551020408
4306734;Doutor Maurício Cardoso (RS);2;4470;0.6727;44797848.91;1535.8989015659954;1781.0276375838926;89.72;0.5515446025685525;1.538338658146965
4306759;Doutor Ricardo (RS);2;1888;0.6678;25361696.74;2119.2919544491524;2891.933305084746;6.619999999999999;0.5551894563426688;1.8200836820083681
4306767;Eldorado do Sul (RS);3;39559;0.701;248648371.66;2085.8971877448876;1237.0899926691775;7.660000000000001;0.46536523929471035;0.48270978401982767
4306809;Encantado (RS);3;22962;0.8376;144274998.74;1270.9136259907673;1651.522471039108;3.9899999999999998;0.4816105303910182;0.9642105263157895
4306908;Encruzilhada do Sul (RS);3;23819;0.5837;146741437.02;1232.2352504303287;989.360125530039;29.29;0.4834028772497976;0.8848955803788247
4306924;Engenho Velho (RS);2;1296;0.5012;25694005.16;2998.699560185185;3508.1917438271603;79.37;0.6322418136020151;0.7370242214532872
4306932;Entre-Ijuís (RS);3;9158;0.5895;59477872.18;1166.0634123170998;1139.615996942564;58.04;0.5378673383711167;1.0731391585760517
4306957;Entre Rios do Sul (RS);2;2685;0.6017;31667324.68;1912.7062160148978;2575.0611918063314;63.93000000000001;0.6135817307692307;1.29438202247191
4306973;Erebango (RS);2;3054;0.544;34181474.89;1721.820759659463;1970.0607727570398;53.04;0.5239520958083832;0.7156862745098039
4307005;Erechim (RS);3;105705;0.831;505880519.69;1272.6653234000282;929.4285915519606;3.5199999999999996;0.43078547354457963;0.7619443060399712
4307054;Ernestina (RS);2;3034;0.6661;33631479.3;2305.0155504284776;2448.4577851021754;75.44;0.5162418790604698;1.0995934959349594
4307104;Herval (RS);2;6191;0.4833;48988652.37;1623.7325537069942;1440.8588483282185;7.08;0.552407221664995;0.990063233965673
4307203;Erval Grande (RS);2;4930;0.6035;38055959.71;1562.8557687626774;2003.5030020283978;30.16;0.5377417342482844;1.1075794621026895
4307302;Erval Seco (RS);3;6787;0.6296;48895212.09;1686.2520288787389;1531.0457801679681;85.28000000000002;0.5670745786192565;0.9616613418530351
4307401;Esmeralda (RS);2;3195;0.643;36154739.75;2585.0981001564946;2751.2507167449144;44.23;0.5397590361445783;0.9410745233968805
4307450;Esperança do Sul (RS);2;3226;0.6319;31375690.01;2362.6041599504033;2317.139293242405;53.69;0.6154231347020531;1.2427007299270072
4307500;Espumoso (RS);3;15173;0.7155;93163178.92;1264.930713767877;1014.5108798523694;42.85;0.49252409994097973;0.9589201877934272
4307559;Estação (RS);3;5582;0.7374;43723341.87;1449.3563489788608;1891.5759387316375;6.77;0.4845744680851064;1.153664302600473
4307609;Estância Velha (RS);3;47924;0.7875;290753395.55;1542.1767506885901;1088.9008125365162;2.7199999999999998;0.40120460791766566;0.5566647759500851
4307708;Esteio (RS);3;76137;0.7556;451590963.73;1508.9169853028095;2546.298470257562;1.58;0.4625698753289663;0.7906008328375966
4307807;Estrela (RS);3;32183;0.8106;208538148.65;1440.0807466674953;1528.7083379423918;10.47;0.48733709215269433;0.801948051948052
4307815;Estrela Velha (RS);2;3070;0.5282;33762523.33;2248.7335211726386;2150.6348859934856;58.92;0.47880539499036606;0.8544776119402985
4307831;Eugênio de Castro (RS);2;2633;0.6128;35485389.32;2148.0298632738322;1892.9692214204329;63.220000000000006;0.5719402985074626;1.4253164556962026
4307864;Fagundes Varela (RS);2;2566;0.779;34821274.82;1996.7630787217458;2176.4330709275137;33.98;0.5264723378941106;1.543103448275862
4307906;Farroupilha (RS);3;70286;0.8066;424698612.78;1346.4524869817603;1373.3285146401845;3.62;0.40484899362395316;0.7085617882749895
4308003;Faxinal do Soturno (RS);3;6702;0.7489;42638370.58;925.6282438078186;1114.5128991345866;19.759999999999994;0.5217983651226158;1.2529411764705882
4308052;Faxinalzinho (RS);2;2520;0.5603;25784616.27;1385.2491587301588;2648.4103968253967;40.54;0.5245009074410163;1.1354679802955665
4308078;Fazenda Vilanova (RS);2;4291;0.7058;38505680.15;2393.043873223025;1910.8103402470285;11.24;0.4935607379046293;0.6526806526806527
4308102;Feliz (RS);3;13764;0.8259;99139276.07;1265.7292974426039;1652.294290903807;8.459999999999999;0.43002597402597403;0.9197588126159555
4308201;Flores da Cunha (RS);3;30892;0.7828;200610641.39;1405.9471863265571;1230.5520574906122;12.19;0.4319087790859368;0.8252693437806072
4308250;Floriano Peixoto (RS);2;1668;0.5921;27740740.09;3021.4681954436446;2730.256534772182;48.55;0.5603367633302152;2.255434782608696
4308300;Fontoura Xavier (RS);0;9550;0.5942;55897366.51;1436.022823036649;1267.7600628272253;60.510000000000005;0.47513129440840285;0.8653729533050334
4308409;Formigueiro (RS);3;6413;0.576;40499865.83;1186.2226945267425;1490.8096117261814;62.42;0.6020484636522608;1.3767258382642997
4308433;Forquetinha (RS);2;2393;0.6756;25524832.89;2060.8151483493525;2221.1208608441284;27.01;0.5816259087904825;1.894736842105263
4308458;Fortaleza dos Valos (RS);2;4477;0.7079;47753499.85;1770.9068416350235;1941.2405785123967;78.79;0.47318196775255017;0.8133669609079445
4308508;Frederico Westphalen (RS);3;32627;0.7801;160289545.62;868.0539589910198;1110.947232660067;25.0;0.44719449988911064;0.7439889292509947
4308607;Garibaldi (RS);3;34335;0.8012;231744560.16;1164.6814110965488;1265.1600882481434;6.369999999999999;0.42079781511214104;0.9310672236992025
4308656;Garruchos (RS);2;2688;0.5541;37341023.36;1865.3270535714287;3391.939598214286;39.199999999999996;0.4916759156492786;1.0604651162790697
4308706;Gaurama (RS);3;5665;0.6977;37918805.94;1403.9631950573698;1521.507832303619;28.46;0.5118761676007473;1.5039164490861618
4308805;General Câmara (RS);1;7612;0.5151;1098205.52;1012.8391671045717;1250.9642800840777;16.67;0.5675453047775947;1.1249036237471086
4308854;Gentil (RS);2;1744;0.6422;26656943.65;2789.9165424311927;2820.4063245412844;73.68;0.5516014234875445;0.8397626112759644
4308904;Getúlio Vargas (RS);3;16602;0.7271;88581866.74;919.1246717262981;950.5261998554391;25.68;0.4876344086021505;1.0559123536078578
4309001;Giruá (RS);3;16013;0.6877;109049269.02;1362.494228439393;1860.2337063635796;31.43;0.5324911474782276;1.0057678442682048
4309050;Glorinha (RS);3;7658;0.7428;50165045.05;2030.010574562549;1299.7993510054844;16.44;0.5182394924662966;0.8499646142958245
4309100;Gramado (RS);2;40134;0.8275;431493011.13;2715.3176548562315;1988.8137474460557;1.7000000000000002;0.4145636543070633;0.6317980022197558
4309126;Gramado dos Loureiros (RS);2;2014;;27783891.85;2299.5727010923533;2643.0718123138035;48.82;0.4808823529411765;1.031055900621118
4309159;Gramado Xavier (RS);0;3304;0.5468;32941340.68;1984.7903692493946;1743.7569430992737;67.52;0.4625940681717574;0.6909385113268608
4309209;Gravataí (RS);3;265074;0.6801;1152213723.01;1030.0564326942667;1009.81042471159;6.379999999999999;0.4395868181521952;0.6485132382892057
4309258;Guabiju (RS);2;1417;0.7232;24954094.18;2025.72623853211;3749.4735285815104;1.43;0.6495925494761351;2.0491803278688523
4309308;Guaíba (RS);3;92924;0.6422;539176867.18;1373.5901249408118;852.6860597907967;3.7399999999999998;0.44709876350951505;0.694105151354222
4309407;Guaporé (RS);3;25268;0.8222;157344229.04;1397.3765790723446;1283.8241906759538;5.199999999999999;0.448188904172398;0.8326693227091634
4309506;Guarani das Missões (RS);3;7415;0.6571;44216720.85;1118.6674227916385;1234.9021469993256;83.30000000000001;0.515120555782591;1.3472998137802608
4309555;Harmonia (RS);3;5378;0.7369;49315503.2;1607.8303495723317;1283.5852528821124;1.53;0.4111781684597219;0.7706214689265537
4309571;Herveiras (RS);2;2565;0.5044;26069055.73;2196.164530214425;2007.603746588694;72.6;0.48695652173913045;0.7107942973523421
4309605;Horizontina (RS);3;18851;0.7669;174068198.14;1660.7882860325712;1412.695946103655;39.78;0.48620309050772625;0.9265854420493596
4309654;Hulha Negra (RS);3;5976;0.5423;37114322.84;1951.875359772423;1126.60593708166;28.259999999999998;0.48398311398063076;0.5975409836065574
4309704;Humaitá (RS);2;4681;0.6777;43754025.07;2126.3802392651146;1853.3430378124333;77.63;0.5660756105720977;1.3730715287517532
4309753;Ibarama (RS);2;3732;0.482;29227083.15;1893.013743301179;1956.8634324758843;43.470000000000006;0.47743467933491684;1.1232394366197183
4309803;Ibiaçá (RS);2;4527;0.7037;42314623.21;1633.5391804727192;1629.5846542964437;25.310000000000006;0.5216806722689076;1.4556962025316456
4309902;Ibiraiaras (RS);3;6776;0.669;48575497.12;1207.744043683589;1292.0464020070838;24.75;0.49119718309859156;1.0514705882352942
4309951;Ibirapuitã (RS);2;3723;0.5771;34036748.42;1825.3050631211388;2015.7825382755843;60.940000000000005;0.5220768601798855;1.0205696202531647
4310009;Ibirubá (RS);3;21583;0.8259;139424196.1;1472.6068465922253;1565.181209748413;49.32999999999999;0.4710332606324973;0.8617995689655172
4310108;Igrejinha (RS);3;32808;0.8017;209768580.68;1634.3693300414532;1454.8811640453546;2.39;0.41719222462203026;0.54528
4310207;Ijuí (RS);3;84780;0.8244;585255808.72;1074.2673021939136;1076.7674386647795;16.75;0.4723862452240361;0.8236674488769695
4310306;Ilópolis (RS);2;4157;0.6846;34969116.23;1267.743560259803;1431.3062015876833;29.5;0.5447788926049796;1.3086614173228346
4310330;Imbé (RS);3;26824;0.616;185720675.59;1908.1206755144647;1184.5940396659707;3.5199999999999996;0.5512375665047421;0.9433231396534149
4310363;Imigrante (RS);2;3080;0.7764;41394887.2;2355.2425519480516;2292.0235974025977;53.300000000000004;0.5353938185443669;1.440909090909091
4310405;Independência (RS);2;6427;0.6579;48630485.3;1726.1861054924539;1338.2136751205849;92.95;0.5588163958282804;1.1432558139534883
4310413;Inhacorá (RS);2;2014;0.4723;27874669.82;2746.4688679245282;2405.496454816286;78.27;0.5338918507235338;1.0377906976744187
4310439;Ipê (RS);3;5399;0.7102;45104972.54;1368.932806075199;1299.0309335062047;25.560000000000002;0.5320658342792282;1.3946360153256705
4310462;Ipiranga do Sul (RS);2;1720;0.6417;29935496.41;2691.5008255813955;3859.6993372093025;25.18;0.5925925925925926;1.6337448559670782
4310504;Iraí (RS);0;7482;0.6051;38800134.28;1350.5406535685645;1158.4921157444533;69.74000000000001;0.5728400252259828;0.9746376811594203
4310538;Itaara (RS);3;5572;0.656;36218296.87;2035.4064824120603;884.0842067480258;47.38;0.4954374664519592;0.9785637727759914
4310553;Itacurubi (RS);2;2995;0.5245;34947391.2;2475.145966611018;2341.0715325542574;28.55;0.5327533265097236;1.0451866404715127
4310579;Itapuca (RS);2;1937;0.5675;27407850.93;2209.621280330408;2255.531729478575;94.75999999999999;0.4808868501529052;0.990506329113924
4310603;Itaqui (RS);3;35768;0.5954;188339538.27;1474.459809606352;722.408029244017;8.950000000000001;0.47375360527400084;0.5711943153867177
4310652;Itati (RS);3;2638;0.5934;28809793.47;2242.608612585292;2433.0584457922673;11.34;0.49716231555051077;0.9084967320261438
4310702;Itatiba do Sul (RS);2;3208;0.6345;33663861.05;1687.428918329177;2502.763943266833;79.46;0.541566554541086;1.4236559139784946
4310751;Ivorá (RS);2;1929;0.5654;31985989.58;1798.7564644893725;2242.1588543286675;54.330000000000005;0.6021594684385382;2.0982905982905984
4310801;Ivoti (RS);3;22983;0.8492;146547033.15;1617.4070795805594;1395.022600617848;0.8;0.403284894370497;0.6789527198779868
4310850;Jaboticaba (RS);2;3779;0.5382;28704436.61;1831.3072426567876;2001.4922863191318;65.91;0.5146292585170341;1.1014729950900164
4310876;Jacuizinho (RS);2;2040;0.5049;26857319.06;2909.979754901961;2381.743446078431;86.74000000000002;0.5111111111111111;0.9884726224783862
4310900;Jacutinga (RS);2;3338;0.7544;35443511.95;1761.839979029359;1922.3559496704613;14.530000000000001;0.5895238095238096;1.552577319587629
4311007;Jaguarão (RS);3;26603;0.5527;132116984.88;1245.4511213021087;853.2370465736947;6.72;0.48869613878007834;0.9441228851291185
4311106;Jaguari (RS);3;10579;0.6143;56804935.53;1115.2534303809432;1188.984553360431;59.279999999999994;0.5164850917431193;1.523109243697479
4311122;Jaquirana (RS);3;3690;0.5409;37098846.38;1733.4388888888889;2657.592791327913;28.97;0.5241635687732342;0.7773109243697479
4311130;Jari (RS);2;3349;0.5752;36180339.89;1939.5218184532694;1871.55776052553;79.58;0.5468822170900692;1.095575221238938
4311155;Jóia (RS);2;7184;0.6329;66326100.08;1593.0681792873052;1698.6481890311804;44.11;0.5095608321075856;0.9975288303130149
4311205;Júlio de Castilhos (RS);3;18226;0.6768;128065876.89;1448.346672336223;1391.859160539888;15.69;0.502307945928124;0.8802838630052453
4311239;Lagoa Bonita do Sul (RS);2;2251;0.5352;25808656.3;2063.391341625944;2606.1052199022656;70.33000000000001;0.4383386581469649;1.0416666666666667
4311254;Lagoão (RS);0;5341;0.431;38514355.33;1877.7796367721398;1471.4887979779066;80.53;0.4803215077605322;0.7522750252780587
4311270;Lagoa dos Três Cantos (RS);2;1738;0.6781;31251371.04;2874.227266973533;2803.0020023014963;28.130000000000003;0.5843208751139471;1.151006711409396
4311304;Lagoa Vermelha (RS);3;27659;0.7488;157321003.6;1095.8529715463321;984.2224393506635;9.040000000000001;0.48808306881153496;0.7781262250098001
4311403;Lajeado (RS);3;93646;0.8444;553368735.55;1364.3462258932575;1504.7127992653184;7.099999999999999;0.40487263344234753;0.5871559633027523
4311429;Lajeado do Bugre (RS);0;2601;0.5801;26087015.49;2363.2881161091886;1822.1592848904268;79.15;0.5157342657342657;0.6003616636528029
4311502;Lavras do Sul (RS);2;7157;0.595;66469403.23;1711.082637976806;1912.3553555959202;37.040000000000006;0.47658345368269034;0.8841761827079935
4311601;Liberato Salzano (RS);2;4781;0.6112;36352723.01;1295.9702781844803;1586.5445513490902;81.61;0.5269881826892366;1.070263488080301
4311627;Lindolfo Collor (RS);3;6248;0.7635;46403048.63;1821.8273031370038;1213.8530105633802;2.21;0.4015253476895469;0.39299610894941633
4311643;Linha Nova (RS);2;1683;0.7052;22546712.63;2341.758467023173;2319.303909685086;35.49;0.5175834084761046;1.6948356807511737
4311700;Machadinho (RS);3;5735;0.6875;42414125.85;1582.278094158675;1594.5851194420227;7.13;0.5309663641217298;0.9751737835153923
4311718;Maçambará (RS);2;4425;0.416;46027859.93;2810.3567254237287;2729.2543728813557;28.979999999999997;0.4671750663129973;0.7099514563106796
4311734;Mampituba (RS);2;3131;0.6376;32849563.6;1748.9674832321941;1852.9752634940912;36.809999999999995;0.4838862559241706;0.7694974003466204
4311759;Manoel Viana (RS);3;6801;0.5952;44076304.68;1116.606106454933;1320.6352036465228;87.77999999999999;0.4810540069686411;0.9618117229129662
4311775;Maquiné (RS);3;7418;0.6011;45976277.34;1095.3539619843625;1148.834785656511;31.610000000000003;0.5138775510204082;0.9795597484276729
4311791;Maratá (RS);2;2470;0.6677;36788452.58;2352.233076923077;2401.461769230769;41.620000000000005;0.4755077658303465;1.3343108504398826
4311809;Marau (RS);3;45124;0.8074;233668702.93;1611.7988941583196;1041.1084642318945;5.869999999999999;0.419038334538822;0.6253964381556477
4311908;Marcelino Ramos (RS);2;4320;0.6257;35012372.73;1534.4858703703703;1685.580377314815;19.12;0.5772179627601315;1.600328947368421
4311981;Mariana Pimentel (RS);2;3916;0.5096;30154332.56;2021.8956869254343;1579.0437793667008;42.940000000000005;0.5496636327661258;1.3034825870646767
4312005;Mariano Moro (RS);2;1858;0.6546;28622383.58;1565.5332938643705;3086.861065662002;7.659999999999999;0.5457570715474209;1.6558704453441295
4312054;Marques de Souza (RS);2;3969;0.6903;40839810.91;1886.035366591081;2217.8420760896947;14.8;0.5971830985915493;1.6080843585237259
4312104;Mata (RS);2;4698;0.5794;35447653.46;1626.914404001703;1532.1270647083866;69.42;0.5398230088495575;1.319718309859155
4312138;Mato Castelhano (RS);2;2553;0.6466;31818553.27;2426.5295299647473;2561.7894007050527;12.32;0.5500910746812386;0.8083832335329342
4312153;Mato Leitão (RS);3;4859;0.8065;43528986.89;2015.5545276805926;1523.3278616999382;21.290000000000003;0.4617930204572804;0.8974042027194067
4312179;Mato Queimado (RS);2;1795;0.5017;26306725.49;3242.508206128134;2805.074807799443;26.53;0.5527681660899654;1.2342657342657342
4312203;Maximiliano de Almeida (RS);3;4191;0.5793;31683589.91;1249.5925029825817;1425.5046695299452;13.610000000000001;0.5179282868525896;1.3027375201288245
4312252;Minas do Leão (RS);3;7505;0.5325;48375871.2;1722.5260213191204;1387.2150912724849;10.489999999999998;0.4626778405768856;0.671830985915493
4312302;Miraguaí (RS);3;4427;0.719;37870859.53;1989.7582471199457;1937.5276665913711;33.17;0.5297166551485832;0.9258793969849246
4312351;Montauri (RS);2;1499;0.6872;26795548.93;2410.4667111407607;3419.0960840560374;58.69;0.5295918367346939;1.8054054054054054
4312377;Monte Alegre dos Campos (RS);2;3180;0.5864;31921368.05;2344.247449685535;1965.6428993710692;74.44999999999999;0.517175572519084;0.8066666666666666
4312385;Monte Belo do Sul (RS);2;2557;0.7308;31821894.44;2448.9532772780603;2815.794157215487;21.919999999999998;0.6297004461440407;2.1464968152866244
4312401;Montenegro (RS);3;64322;0.8073;380249403.52;1275.3826830633375;1238.3617047044556;10.229999999999999;0.43996955382927755;0.6516513992772502
4312427;Mormaço (RS);2;2756;0.6748;32139300.36;2271.6812735849057;1792.7369629898405;63.040000000000006;0.5243362831858407;1.0608695652173914
4312443;Morrinhos do Sul (RS);2;3071;0.6471;30669055.16;1571.4263073917293;1998.4753988928687;0.31;0.4886088221037324;1.196078431372549
4312450;Morro Redondo (RS);3;6046;0.6003;34316871.43;1571.2448924909033;1283.3761627522329;19.759999999999998;0.5736595523165018;1.3547008547008548
4312476;Morro Reuter (RS);3;6029;0.7685;46227434.01;1773.738532094875;1356.459246972964;4.04;0.4300284629981025;1.0347923681257014
4312500;Mostardas (RS);3;12090;0.6307;83037666.17;1417.7161943755168;1343.4590438378825;12.1;0.531931069437405;0.8291938997821351
4312609;Muçum (RS);2;4601;0.7555;38288496.52;2270.477643990437;1824.096624646816;13.899999999999999;0.5903905979951607;1.4434907010014306
4312617;Muitos Capões (RS);2;2879;0.6481;48527151.32;2513.3998089614447;2854.223525529698;41.05;0.5265111346765642;0.7032590051457976
4312625;Muliterno (RS);2;1721;0.5686;24198870.53;2124.908442765834;3076.0036606624053;18.86;0.4952215464813206;0.9453924914675768
4312658;Não-Me-Toque (RS);3;17898;0.7617;138268963.54;1724.5697658956308;1262.3982729913957;21.14;0.4463030303030303;0.7286384976525822
4312674;Nicolau Vergueiro (RS);2;1932;0.6336;28594889.2;2554.0415010351967;2917.8517598343683;91.81;0.5468374699759808;1.0388059701492538
4312708;Nonoai (RS);3;13719;0.5827;73635518.29;1349.809720096217;1012.3518171878417;66.46000000000001;0.5189326837909655;0.6853649766271126
4312757;Nova Alvorada (RS);2;3163;0.7764;36847371.93;2060.4661523869745;2651.9740151754663;68.7;0.48637218045112784;0.9528301886792453
4312807;Nova Araçá (RS);3;4954;0.742;49401459.51;1957.1545619701253;1705.8714755752926;11.16;0.41745350500715306;0.82375
4312906;Nova Bassano (RS);3;9649;0.794;61389304.95;1247.1616768577055;1286.9437506477354;14.83;0.45953713507790045;1.0568720379146919
4312955;Nova Boa Vista (RS);2;2042;0.7901;34243301.14;2542.30971596474;3032.3130901077375;60.43;0.5611620795107034;1.575438596491228
4313003;Nova Bréscia (RS);2;3044;0.7222;40609027.2;1775.1349408672802;2617.323521681997;27.37;0.5763852925945107;1.8035264483627205
4313011;Nova Candelária (RS);2;3061;0.7576;42611147.16;3256.6526265926173;2311.186141783731;48.73;0.5198609731876862;1.1323828920570265
4313037;Nova Esperança do Sul (RS);3;4865;0.6824;38264196.01;1738.7806536485095;1865.734982528263;29.38;0.4351032448377581;0.918075422626788
4313060;Nova Hartz (RS);3;20088;0.7231;97433384.17;1480.12914824771;716.7397127638391;10.309999999999999;0.416743070738416;0.47430139720558884
4313086;Nova Pádua (RS);2;2343;0.7027;32116511.15;2166.881685872813;1858.3286811779767;21.97;0.5067524115755627;1.6179401993355482
4313102;Nova Palma (RS);2;5586;0.6031;44939140.36;1175.5529609738633;1565.6035857500892;22.930000000000003;0.5040387722132472;1.381679389312977
4313201;Nova Petrópolis (RS);3;23300;0.8167;131315038.04;1702.4488502145923;1423.0621793991418;7.72;0.47664617529627984;0.9354091610910963
4313300;Nova Prata (RS);3;25692;0.7876;180488173.55;1359.0632909076755;1716.447783356687;7.1899999999999995;0.44272237196765496;0.8132474701011959
4313334;Nova Ramada (RS);2;2163;0.5891;31061267.35;2692.61938049006;3019.808280166436;92.94;0.5073170731707317;1.3037974683544304
4313359;Nova Roma do Sul (RS);2;3466;0.7141;40105765.15;1616.8966330063472;2034.1083294864395;22.47;0.45814051325199834;1.3934065934065933
4313375;Nova Santa Rita (RS);3;29024;0.6978;225489807.33;1995.888507442117;1256.6597877618522;13.74;0.4563701139043605;0.4547344849648113
4313391;Novo Cabrais (RS);2;3568;;32988844.49;2069.0044730941704;2228.406877802691;6.79;0.5137887144675435;1.193840579710145
4313409;Novo Hamburgo (RS);3;227646;0.7766;1234870375.76;992.6522018396984;1957.0349273872594;2.6799999999999993;0.42496056486141365;0.7334797262792361
4313425;Novo Machado (RS);2;3198;0.5362;33520972.22;981.5003502188869;1975.7296873045655;56.98;0.550921435499515;1.6357308584686774
4313441;Novo Tiradentes (RS);2;2146;0.6206;31049900.88;2352.367809878844;2325.7364352283316;56.88999999999999;0.5284900284900285;1.0554016620498614
4313466;Novo Xingu (RS);2;1646;0.6383;25795669.43;2059.604119076549;3231.90914945322;88.91;0.5254865616311399;1.2411067193675889
4313490;Novo Barreiro (RS);0;4272;0.573;35176521.89;1424.6203885767793;1664.4292205056179;91.86000000000001;0.5240813414199073;0.9456953642384106
4313508;Osório (RS);3;47396;0.7504;310108822.83;1306.7422212844965;1278.4905232509072;4.41;0.46709589549928804;0.7479439360593073
4313607;Paim Filho (RS);2;3629;0.6715;28221830.69;1551.3430311380546;1662.4534692752823;5.580000000000001;0.528;1.7142857142857142
4313656;Palmares do Sul (RS);3;12844;0.5914;75442390.84;1560.494060261601;1490.0442307692306;9.37;0.591179385530228;1.1582994120307553
4313706;Palmeira das Missões (RS);3;33216;0.689;207189952.6;1206.1336756382466;1128.4576749157031;65.93;0.4836519564052171;0.708694966072274
4313805;Palmitinho (RS);3;7839;0.6739;49770929.57;1426.4813037377216;1098.1983033550198;46.650000000000006;0.4880410022779043;0.8182461103253182
4313904;Panambi (RS);3;43515;0.7781;261240499.53;1323.7078917614617;1465.362916925198;28.750000000000004;0.44750848246956293;0.626133204399855
4313953;Pantano Grande (RS);3;10212;0.6972;65318874.53;1589.918150215433;1243.0624696435568;20.630000000000003;0.4908029197080292;0.7639034627492131
4314001;Paraí (RS);3;7194;0.7967;57372823.49;1355.9583653044203;1840.4370600500417;14.36;0.4784217016029593;1.0243478260869565
4314027;Paraíso do Sul (RS);3;6519;0.5822;40659581.54;1463.012377665286;1393.4533977603926;27.979999999999997;0.5156940246454313;1.2960662525879918
4314035;Pareci Novo (RS);3;4319;0.6914;45092860.62;1843.810402871035;1622.4372262097706;25.3;0.44399866265463056;0.8018995929443691
4314050;Parobé (RS);3;52058;0.7123;229772372.47;1392.886893464981;654.128928118637;8.4;0.4057951446085712;0.4400574988021083
4314068;Passa Sete (RS);0;3983;0.4922;36956432.9;1745.0699372332413;1652.0973261360784;86.95;0.44994539497633784;0.9744408945686901
4314076;Passo do Sobrado (RS);3;6025;0.6161;41132896.3;1349.1937493775933;1432.82102406639;11.469999999999999;0.4902300272075192;0.9879638916750251
4314100;Passo Fundo (RS);3;206215;0.7586;935531584.39;857.1786312828845;884.2728734088209;23.61;0.43780983524260403;0.6397346842847443
4314134;Paulo Bento (RS);2;2144;0.7324;28861247.68;1923.2350186567164;2882.6785680970147;45.02;0.5347172512526843;1.4411764705882353
4314159;Paverama (RS);3;7978;0.6669;47587796.45;1206.4123752820256;1187.778683880672;24.07;0.5147142585912284;0.9254261363636364
4314175;Pedras Altas (RS);2;2061;0.4513;40002291.44;3273.489975739932;3416.315429403202;11.319999999999999;0.44936708860759494;0.7603305785123967
4314209;Pedro Osório (RS);3;7484;0.504;36035091.18;1196.381477819348;1125.0521646178515;8.95;0.5533416355334163;1.0491929285165258
4314308;Pejuçara (RS);2;3745;0.6416;41650278.11;2154.321329773031;2112.7864779706274;80.15;0.5052250803858521;1.0472312703583062
4314407;Pelotas (RS);3;325685;0.6601;1445477200.13;977.4999293796153;1802.2021067903033;6.4;0.4662569782099766;0.8661032830011892
4314423;Picada Café (RS);3;5351;0.8292;44409586.39;2518.6018949729023;2006.336688469445;12.850000000000001;0.4265529192215409;0.9300361881785284
4314456;Pinhal (RS);2;2959;0.6972;43388530.88;2164.0912335248395;2489.7694457587017;15.43;0.5043213014743264;0.7434094903339191
4314464;Pinhal da Serra (RS);2;2248;0.6513;41240443.85;3186.911525800712;3580.499537366548;38.519999999999996;0.5313351498637602;1.0580474934036939
4314472;Pinhal Grande (RS);2;3805;0.5862;49049580.15;2199.268591327201;2541.435040735874;26.86;0.5057380292837357;1.2862254025044724
4314498;Pinheirinho do Vale (RS);0;4540;0.602;35997731.22;1862.9759162995595;2021.046563876652;49.42;0.5128290569810063;0.7448979591836735
4314506;Pinheiro Machado (RS);3;11214;0.5407;69010255.78;1399.300964865347;898.8215766006778;15.669999999999998;0.47902927987338434;1.0718767826583
4314548;Pinto Bandeira (RS);2;2723;0.6614;14371896.15;1259.6292765332355;1812.6587219977966;51.36;0.5454029511918275;1.4025
4314555;Pirapó (RS);2;2260;0.594;29016800.03;1723.882796460177;2872.011376106195;14.290000000000001;0.5117056856187291;1.5932203389830508
4314605;Piratini (RS);3;17504;0.5886;101171117.32;1414.3000816956126;920.1693647166362;44.6;0.5118327863188806;1.2046130952380953
4314704;Planalto (RS);3;10406;0.5729;51349878.65;1225.4499932731117;1106.8623082836825;34.82;0.5217899970751682;0.8680628272251308
4314753;Poço das Antas (RS);2;2171;0.753;31106457.85;2494.9590188853063;3064.6785122063566;36.11;0.5596264367816092;1.284457478005865
4314779;Pontão (RS);2;3296;0.6357;42326533.47;2250.7414866504855;2102.804041262136;16.52;0.5009107468123861;0.8900343642611683
4314787;Ponte Preta (RS);2;1575;;26596863.81;2315.9529904761903;3290.1038095238096;19.310000000000002;0.5989847715736041;1.543103448275862
4314803;Portão (RS);3;34071;0.7487;188771208.14;1772.4940218954537;888.7015907956913;5.779999999999999;0.432156368221942;0.5804765564950038
4314902;Porto Alegre (RS);3;1332845;0.7414;8683151183.62;788.1828360011854;2267.2915833048855;3.9099999999999997;0.4660229201337063;0.9838088147846403
4315008;Porto Lucena (RS);2;4360;0.5865;32244282.54;1002.3062775229358;1865.9518440366974;97.2;0.6017634092578986;1.930232558139535
4315057;Porto Mauá (RS);2;2142;0.5491;28045225.66;1803.5347292250233;1962.8144537815128;82.8;0.5902004454342984;1.6411960132890366
4315073;Porto Vera Cruz (RS);2;1560;0.5712;26608811.23;1999.2718846153844;2824.631621794872;67.52000000000001;0.5694164989939637;1.6203703703703705
4315107;Porto Xavier (RS);3;9938;0.618;62184346.88;1251.0492795331052;1216.9396971221574;39.83;0.4828409430020889;0.8748551564310545
4315131;Pouso Novo (RS);2;1739;0.7105;25269013.3;3074.5568487636574;2598.7926969522714;92.17999999999999;0.6086956521739131;1.4102564102564104
4315149;Presidente Lucena (RS);3;3077;;34643241.21;2257.213701657459;1770.8649756256095;0.0;0.4344988344988345;0.7007299270072993
4315156;Progresso (RS);3;5340;0.6372;22217085.35;1312.560415730337;1674.6061423220972;27.839999999999996;0.4812760055478502;1.2416020671834624
4315172;Protásio Alves (RS);2;2025;0.6883;28157611.55;1932.802962962963;2681.7352641975303;75.27;0.5517241379310345;1.360655737704918
4315206;Putinga (RS);2;3747;0.6402;34444665.2;1214.6425700560449;1568.420942087003;24.459999999999997;0.5671267252195734;1.6904761904761905
4315305;Quaraí (RS);3;23500;0.558;98735539.76;1099.9866242553192;1392.681035744681;8.02;0.5218235979795364;0.715563125399191
4315313;Quatro Irmãos (RS);2;1552;0.6993;27362772.12;3809.308137886598;3607.6177641752574;49.040000000000006;0.4980694980694981;0.8297872340425532
4315321;Quevedos (RS);1;2507;0.5481;1340600.24;2070.63836856801;3272.854962106103;97.57;0.4738389182833627;1.0456852791878173
4315354;Quinze de Novembro (RS);2;3910;0.6942;43198650.81;1787.2387749360612;2459.3552046035807;67.0;0.5285379202501954;1.089644513137558
4315404;Redentora (RS);0;9738;0.3962;51225582.72;1123.1767806531116;1077.1808122817827;68.59;0.5452237384957156;0.35810276679841896
4315453;Relvado (RS);2;1796;0.6783;27356760.48;2504.051297327394;3319.9332516703785;7.77;0.6238698010849909;2.2857142857142856
4315503;Restinga Sêca (RS);3;14939;0.6625;89783849.4;1241.8864268023297;1111.3325162326796;54.839999999999996;0.5168037364199412;1.1404541631623213
4315552;Rio dos Índios (RS);2;2835;0.5487;34130844.25;1895.0491781305113;1704.7024444444444;95.32;0.5688987271721084;1.2203023758099352
4315602;Rio Grande (RS);3;191900;0.6455;983024949.31;1125.6913997394477;919.7681546117769;1.94;0.47164833816469576;0.7594118320173933
4315701;Rio Pardo (RS);3;34654;0.6197;149695617.11;1049.8957621053846;1121.1328721071159;26.63;0.5020588617745221;0.9635531446007798
4315750;Riozinho (RS);3;4473;0.7599;35162071.01;1765.6035680751172;1372.9607109322603;4.76;0.49698795180722893;0.9513797634691196
4315800;Roca Sales (RS);3;10418;0.7426;69160798.77;1337.391520445383;1324.3100220771742;18.43;0.5138041267073525;1.0546194073213249
4315909;Rodeio Bonito (RS);3;6654;0.6886;46612823.32;1496.78855124737;1636.61229636309;96.21000000000001;0.4905913978494624;0.7492012779552716
4315958;Rolador (RS);2;2291;0.5835;30974123.14;2534.3385770405935;3033.02616324749;26.179999999999996;0.6032190342897131;1.6042296072507554
4316006;Rolante (RS);3;21253;0.7582;119134475.62;1676.4873236719523;925.2611833623488;4.37;0.44244604316546765;0.7346993081426291
4316105;Ronda Alta (RS);3;9777;0.6457;61300893.45;1205.7354802086531;1148.2050281272373;39.45;0.5221858944418496;0.9591121495327103
4316204;Rondinha (RS);2;4991;0.6468;41302554.53;1373.4494450010018;1585.888387096774;36.06;0.5562831306516994;1.5269121813031161
4316303;Roque Gonzales (RS);2;6576;0.6222;47060073.97;1295.7022688564475;1470.1952950121654;73.39;0.5303700255992553;1.2564356435643564
4316402;Rosário do Sul (RS);3;36630;0.5226;156324966.97;724.1677422877424;767.531514059514;15.12;0.4908424908424908;0.9231382554616488
4316428;Sagrada Família (RS);2;2480;0.6542;29079913.72;1694.464306451613;2576.0788749999997;94.96;0.4631268436578171;0.8870192307692307
4316436;Saldanha Marinho (RS);2;2575;0.6771;34690040.36;1791.985145631068;3287.479246601942;45.61;0.5587167070217918;1.3426395939086295
4316451;Salto do Jacuí (RS);3;10203;0.5982;77649959.74;1372.5750690973243;1924.0721170244049;39.63000000000001;0.46447538395292093;0.7482441923284711
4316477;Salvador das Missões (RS);2;2877;0.7338;37670559.63;1487.1438720889817;2497.1131456378175;11.45;0.510236220472441;1.3535108958837772
4316501;Salvador do Sul (RS);3;6879;0.785;53163350.8;1573.8539598778893;1109.9854077627563;2.51;0.4233395406579764;0.8684931506849315
4316600;Sananduva (RS);3;16399;0.7515;94054462.78;1299.822728215135;1240.489329227392;28.59;0.5036677058499909;1.2086851628468034
4316709;Santa Bárbara do Sul (RS);3;8122;0.6571;73010968.81;1790.4604851021916;1661.1996121644916;47.15999999999999;0.4788783685360524;0.8866571018651362
4316733;Santa Cecília do Sul (RS);2;1674;0.5642;27405760.61;2575.6876045400236;3603.310585424134;9.39;0.5457063711911357;1.010204081632653
4316758;Santa Clara do Sul (RS);3;6887;0.7852;43984170.17;1758.1339697981705;1439.2829011180486;8.5;0.4778969957081545;0.9181739879414298
4316808;Santa Cruz do Sul (RS);3;133230;0.7899;763482483.59;1197.5348168580651;1768.873130150867;3.23;0.4293224048405785;0.816770327325555
4316907;Santa Maria (RS);3;271735;0.7521;1039405575.81;757.4588847958489;655.9140926270079;8.5;0.43638333861930434;0.8216019417475728
4316956;Santa Maria do Herval (RS);3;6340;0.7236;44224112.26;1628.9726782334383;1097.8999353312302;9.52;0.41866189304094875;1.1456422018348624
4316972;Santa Margarida do Sul (RS);2;2596;0.4926;32789547.55;2358.8009129429893;2961.9419876733436;73.28999999999999;0.5110593713620489;1.0091533180778032
4317004;Santana da Boa Vista (RS);3;7024;0.5367;48038855.79;1395.6185905466969;1394.6676366742597;40.26;0.5406887475323536;1.3320719016083256
4317103;Sant'Ana do Livramento (RS);3;84421;0.5742;385153201.0;778.5226089480105;1104.6174084647187;10.08;0.511566696508505;0.7560540872771973
4317202;Santa Rosa (RS);3;76963;0.8222;528967306.93;1131.9849375674025;1892.416268726531;28.05;0.4375665427648169;0.6969214052879391
4317251;Santa Tereza (RS);2;1505;0.6534;29457810.65;2051.6730830564784;3499.761508305648;41.39000000000001;0.5875527426160337;2.6405228758169934
4317301;Santa Vitória do Palmar (RS);3;30983;0.6123;204957862.13;1715.8250188813222;992.1777439240874;13.729999999999999;0.4878505570495582;0.8334235697527522
4317400;Santiago (RS);3;48938;0.7079;258815953.04;933.0137743675671;817.9812442273898;14.450000000000001;0.4776858505948427;1.0230179028132993
4317509;Santo Ângelo (RS);3;76917;0.7423;322214862.5;875.2068302195875;696.0000413432662;39.15;0.46614692539361824;0.7757043276212605
4317558;Santo Antônio do Palma (RS);2;2091;0.7139;30775604.08;2270.438206599713;2636.5074461979916;65.91;0.5375;1.0027397260273974
4317608;Santo Antônio da Patrulha (RS);3;42947;0.726;200605127.51;1194.8848429459567;829.6538023610495;10.319999999999999;0.4805226144511859;0.9021561135371179
4317707;Santo Antônio das Missões (RS);3;10300;0.582;70363748.06;1377.7529388349515;1179.594463106796;39.74999999999999;0.5565966450052894;1.0667789001122334
4317756;Santo Antônio do Planalto (RS);2;2089;0.7207;30847034.79;2184.025998085208;2259.86459071326;99.63000000000001;0.5543154761904762;1.0244565217391304
4317806;Santo Augusto (RS);3;13902;0.7303;87001998.99;1378.3736455186304;1025.6267292475904;32.70000000000001;0.5008096728921516;0.9059161873459326
4317905;Santo Cristo (RS);3;15320;0.7537;91619783.24;1658.402516318538;922.775841383812;52.03;0.4797643195209118;1.0773734838979507
4317954;Santo Expedito do Sul (RS);2;2349;0.618;27733972.49;1935.69245210728;2238.458318433376;12.879999999999999;0.6012269938650306;1.4775280898876404
4318002;São Borja (RS);3;59676;0.675;318609425.2;1064.4228245860982;1466.1604663516323;31.040000000000003;0.46634887092414673;0.8035731255345434
4318051;São Domingos do Sul (RS);2;2754;0.744;27703367.19;1519.6705555555554;2817.7662999273784;50.42;0.5376884422110553;1.5748663101604279
4318101;São Francisco de Assis (RS);3;17618;0.5991;98445039.94;1114.0839862640482;1194.5557424225224;47.13999999999999;0.521810486309061;1.2266863251013638
4318200;São Francisco de Paula (RS);3;21893;0.6358;132733503.11;1112.1441236925045;918.9260640387339;14.239999999999998;0.4741768231095549;0.6964586846543002
4318309;São Gabriel (RS);3;58487;0.5451;269503915.59;1204.9037555354182;796.7854822439175;19.879999999999995;0.49315802910390605;0.8048210782023731
4318408;São Jerônimo (RS);3;21028;0.5856;98863825.04;870.2541016739585;792.6927068670343;19.21;0.47213665639876784;0.8177897574123989
4318424;São João da Urtiga (RS);2;4461;0.6719;36132835.12;1334.8785675857432;1521.336429051782;20.54;0.5457380457380457;1.6470588235294117
4318432;São João do Polêsine (RS);2;2649;0.7376;27324178.71;1422.366394865987;1666.782925632314;33.82;0.6311576354679803;1.6902887139107612
4318440;São Jorge (RS);3;2912;0.703;29935459.37;1489.4701201923078;2211.418272664835;21.150000000000002;0.5456475583864119;1.5572139303482586
4318457;São José das Missões (RS);2;2362;0.586;26182939.71;1964.8775783234546;2541.673513971211;72.64;0.5317769130998703;1.12987012987013
4318465;São José do Herval (RS);2;1902;0.6641;27400620.51;2560.269379600421;2925.608317560463;87.42999999999999;0.5155378486055777;1.1006493506493507
4318481;São José do Hortêncio (RS);3;4447;0.6897;39045347.01;2104.0360850011243;1780.5866224420959;16.659999999999997;0.43082368082368083;0.9490538573508006
4318499;São José do Inhacorá (RS);2;2406;;31781379.72;2345.285336658354;2487.1665461346633;62.86;0.574607329842932;1.552325581395349
4318507;São José do Norte (RS);3;25443;0.5655;114696816.51;1150.1303894980938;1208.3848087882718;1.3200000000000003;0.46173733195449845;0.8655988857938719
4318606;São José do Ouro (RS);3;6834;0.6666;37598951.22;1254.8063008486977;1050.3529762949956;6.91;0.49769888231426695;1.2418558736426457
4318614;São José do Sul (RS);2;2380;0.7098;29290435.08;2317.3730588235294;2446.894487394958;51.47;0.5535248041775457;1.219895287958115
4318622;São José dos Ausentes (RS);3;4172;0.6331;54031699.25;2220.941685043145;1674.2154362416106;29.689999999999998;0.48734402852049913;0.39775051124744376
4318705;São Leopoldo (RS);3;217409;0.6919;1175326667.54;1186.4370041718605;1641.2311576337686;4.240000000000001;0.4318578475602126;0.5958917445482866
4318804;São Lourenço do Sul (RS);3;41989;0.6183;206723031.57;1053.845103241325;907.5853218700136;14.57;0.48083230470816435;1.1131432114073156
4318903;São Luiz Gonzaga (RS);3;34752;0.646;158857423.36;935.5685056975138;785.1843211901472;26.59;0.49445256730024945;0.7993740219092331
4319000;São Marcos (RS);3;21084;0.7713;135581144.55;1102.6229263896794;1094.835330582432;8.450000000000001;0.41332618313446845;0.9512658227848101
4319109;São Martinho (RS);2;5481;0.6939;46349600.41;1641.6618518518517;1752.3136562671045;81.77;0.5487425826504663;1.298224852071006
4319125;São Martinho da Serra (RS);2;2860;0.5732;25340231.63;1608.830167832168;2253.158493006993;83.96;0.5757575757575758;1.3170731707317074
4319158;São Miguel das Missões (RS);3;7056;0.5933;61364698.8;1669.5577891156463;1497.8130413832198;12.84;0.4870389884088514;0.8927108927108927
4319208;São Nicolau (RS);2;5118;0.5525;40807422.31;1246.1263305978898;1567.6920222743258;54.57;0.5830497989483452;1.0511425462459194
4319307;São Paulo das Missões (RS);2;5846;0.6203;41236306.59;1387.656495039343;1396.6305405405406;34.790000000000006;0.5192307692307693;1.392814371257485
4319356;São Pedro da Serra (RS);3;3548;;36307996.14;2536.0461612175877;1759.7366121758737;3.9699999999999998;0.40793650793650793;0.707641196013289
4319364;São Pedro das Missões (RS);2;1757;0.5874;24137113.41;2640.637979510529;3239.5771257825836;99.7;0.5645592163846839;0.9628482972136223
4319372;São Pedro do Butiá (RS);2;3070;0.7091;38906031.72;1345.380364820847;1718.173296416938;2.99;0.5138067061143984;1.2123142250530785
4319406;São Pedro do Sul (RS);3;15577;0.6028;82040588.85;1188.2021499646917;1326.1388425242344;26.16;0.545950774116713;1.2416462917685411
4319505;São Sebastião do Caí (RS);3;24428;0.7108;145447788.73;1336.7429531684952;1055.2583269199279;6.5200000000000005;0.4588235294117647;0.7207166853303472
4319604;São Sepé (RS);3;21219;0.6222;129889592.55;1316.2964003958716;1179.8815146802394;16.009999999999998;0.5291870856154511;1.1571680376028202
4319703;São Valentim (RS);2;3264;0.6055;28466634.12;1624.5308455882353;1830.0482015931373;65.54;0.6047197640117994;1.5894736842105264
4319711;São Valentim do Sul (RS);2;2207;0.6867;28350516.98;1676.382297236067;2137.8301223380154;11.11;0.607428987618354;1.7077922077922079
4319737;São Valério do Sul (RS);0;2543;0.4043;27549534.94;1513.4310538733778;2192.6726976012583;87.88999999999999;0.5282451923076923;0.592391304347826
4319752;São Vendelino (RS);2;2251;0.7892;35916403.11;3230.2167347845407;2633.228223011995;0.59;0.40863579474342926;0.779291553133515
4319802;São Vicente do Sul (RS);3;8097;0.6321;55036934.55;1163.0508447573175;1559.8747091515374;21.17;0.47674630676636875;0.8983297022512708
4319901;Sapiranga (RS);3;75648;0.73;368040961.59;1536.5778222821489;831.0973510205162;2.98;0.4115012874575512;0.5171986791414419
4320008;Sapucaia do Sul (RS);3;132107;0.6548;628142372.8;1196.9731745479044;1295.1368986503367;5.03;0.42863167912102174;0.6089956970041406
4320107;Sarandi (RS);3;22851;0.7745;128845542.8;1394.0013679926478;1098.6730226248303;14.5;0.47036870214271925;0.7035656024236775
4320206;Seberi (RS);3;11950;0.6974;78230072.79;1124.3517121338912;1338.6268368200838;55.50000000000001;0.5086478979926777;0.8083482944344704
4320230;Sede Nova (RS);2;2704;0.6413;34584898.4;2081.3324963017753;2179.591952662722;98.5;0.5199550309162451;1.0647321428571428
4320263;Segredo (RS);0;6009;0.512;40336544.62;1320.6496754867699;1099.6539024796139;93.96000000000001;0.4756876227897839;0.904621435594887
4320305;Selbach (RS);3;5107;0.7206;46341221.6;1209.7704268650873;1543.9050734286275;43.71;0.4764382769586586;1.027060270602706
4320321;Senador Salgado Filho (RS);2;2673;0.5887;29370165.74;1816.4493153759818;2192.66809577254;24.810000000000002;0.485;1.1662531017369726
4320354;Sentinela do Sul (RS);3;5306;0.5132;29269717.86;1382.9359046362608;1261.420597436864;76.28;0.4706208425720621;1.085995085995086
4320404;Serafina Corrêa (RS);3;16961;0.8028;119182185.66;1588.6515883497436;1652.5179105005602;17.66;0.4336066266587778;0.7592592592592593
4320453;Sério (RS);2;1941;;26583328.11;1806.3199536321483;3296.268500772798;94.10000000000001;0.5295508274231678;1.5747126436781609
4320503;Sertão (RS);3;5541;0.6744;47358879.16;1803.0841274138243;1758.4562515791374;44.09;0.5205817782656421;1.3219094247246022
4320552;Sertão Santana (RS);3;5863;0.6044;42047828.82;1829.8825703564728;1198.442304281085;46.739999999999995;0.48130368873168267;1.1846330275229358
4320578;Sete de Setembro (RS);2;1830;;27429812.58;1788.8583278688525;2480.142639344262;91.96000000000001;0.5161557580778791;1.5850622406639003
4320602;Severiano de Almeida (RS);2;3406;0.6474;34007343.21;1537.4625513799176;1707.8840663534938;26.589999999999996;0.5467756584922797;1.457142857142857
4320651;Silveira Martins (RS);2;2028;0.6967;27980478.61;1756.8489792899409;1800.7263905325444;19.259999999999998;0.5868544600938967;1.6595744680851063
4320677;Sinimbu (RS);3;8578;0.5354;52906944.29;1775.4627663791096;1482.746133131266;57.21;0.47922055526814966;1.2339228295819935
4320701;Sobradinho (RS);3;14226;0.6761;77071348.93;1334.4818677070155;1002.1329143821173;20.42;0.4681114551083591;0.8371810449574727
4320800;Soledade (RS);3;29991;0.6425;140123930.85;1127.3234320296087;818.1652789170085;11.57;0.46454731907412833;0.7423076923076923
4320859;Tabaí (RS);3;4461;0.6378;32047125.1;2325.6874669356644;1316.9081663304191;6.25;0.5142566191446029;0.7196367763904654
4320909;Tapejara (RS);3;24557;0.7724;143682782.51;1302.2270053345278;957.1206486948731;20.6;0.4354942421231075;0.6011175585643671
4321006;Tapera (RS);3;10592;0.7148;65183809.74;1162.8760489048339;1345.0742428247736;15.169999999999998;0.4758255538525846;0.8379978471474704
4321105;Tapes (RS);3;14695;0.5734;84867028.99;929.3380088465465;1249.1047853011228;11.05;0.5044021294021294;1.0093800978792822
4321204;Taquara (RS);3;53242;0.6853;225467162.41;1120.8967491829758;773.5434050185943;9.149999999999999;0.4664389787093398;0.7474976782581777
4321303;Taquari (RS);3;25198;0.7137;113947392.38;1104.5060262719262;1179.2765409953172;10.6;0.4938344794877875;0.8053749458170785
4321329;Taquaruçu do Sul (RS);2;3119;0.6628;31968340.46;1977.199345944213;2569.8781885219623;81.05;0.5448241703813769;1.018348623853211
4321352;Tavares (RS);3;5212;0.5194;32723325.62;1411.098681887951;1863.0953741366077;10.780000000000001;0.5576808129109384;1.2240762812872468
4321402;Tenente Portela (RS);3;14497;0.6511;80428556.62;1308.349320549079;1047.1175643236531;41.85;0.5314810902176209;0.7054237288135593
4321436;Terra de Areia (RS);3;10334;0.5737;57047594.85;1555.7469692277916;1002.0077327269208;15.06;0.5079527214358674;0.7589691763516928
4321451;Teutônia (RS);3;32797;0.8178;200153916.72;1597.5108686770131;1616.9392392596883;31.230000000000004;0.44314881633371467;0.6983136593591905
4321469;Tio Hugo (RS);2;3267;0.6438;32473076.36;2342.446960514233;1879.4144658708294;66.96;0.5041436464088398;0.7082683307332294
4321477;Tiradentes do Sul (RS);2;5129;0.5844;33373156.01;1475.93829206473;1400.686192240203;70.57;0.6008114856429463;1.3475609756097562
4321493;Toropi (RS);2;2554;;29316359.9;1898.4674823805797;2151.7865231010182;39.03000000000001;0.5544735240413877;1.6559766763848396
4321501;Torres (RS);3;41751;0.7405;270734618.56;1372.0470724054514;991.9739828986131;12.879999999999999;0.4757696794033438;0.856807835563526
4321600;Tramandaí (RS);3;54387;0.632;293959756.98;1406.7187333370107;1079.8833335172008;6.839999999999999;0.5259244711295662;0.7345239196816878
4321626;Travesseiro (RS);2;2152;0.734;15881858.17;2430.490906133829;2782.6094656133832;8.55;0.5823529411764706;2.011406844106464
4321634;Três Arroios (RS);2;2591;0.744;36757452.27;1399.3056387495176;2773.0227325357005;17.120000000000005;0.534952606635071;2.4597701149425286
4321667;Três Cachoeiras (RS);3;10962;0.698;56492591.5;1332.3700547345375;1223.963720124065;0.6100000000000001;0.4753701211305518;0.7956278596847992
4321709;Três Coroas (RS);3;24425;0.7273;122389155.16;1698.7824990788126;924.4372176049129;6.13;0.42936563670411987;0.6143014301430143
4321808;Três de Maio (RS);3;24916;0.74;133719910.3;1327.4579378712472;951.0433753411462;57.76;0.4968160519043614;0.9587873045949786
4321832;Três Forquilhas (RS);2;2760;0.6255;4684178.82;1899.3082681159417;2174.776822463768;22.52;0.5032679738562091;1.0043383947939262
4321857;Três Palmeiras (RS);2;4716;0.6394;41758607.9;2433.4058439355385;1819.2630810008482;51.03000000000001;0.5688622754491018;0.7255297679112008
4321907;Três Passos (RS);3;25436;0.7842;132437961.26;1338.0988075955338;1042.8152952508256;61.66;0.49237268246890403;0.9331951163326423
4321956;Trindade do Sul (RS);3;7556;0.7401;48087950.46;1488.4744587083112;1440.2928745367917;89.08;0.49653396712220244;0.66578073089701
4322004;Triunfo (RS);2;27498;0.6428;385705324.72;3491.2898505345843;2297.500958615172;17.299999999999997;0.4867802108678021;0.6656799259944496
4322103;Tucunduva (RS);2;5542;0.6303;40395205.08;1099.69691447131;1292.733211836882;75.7;0.5523809523809524;1.5677083333333333
4322152;Tunas (RS);0;3681;0.5489;31497027.13;1600.6196414017932;1671.9364928008695;86.80999999999999;0.4677033492822967;0.766566265060241
4322186;Tupanci do Sul (RS);2;1374;0.6306;19889578.87;2774.987809315866;2710.68749636099;30.53;0.48060344827586204;1.263959390862944
4322202;Tupanciretã (RS);3;20005;0.6061;148111170.57;1497.953007748063;1315.8300244938766;40.080000000000005;0.4872500185859787;0.7571045576407507
4322251;Tupandi (RS);2;5029;0.74;60702828.12;2961.891547027242;2101.9889719626167;17.85;0.41861777150916785;0.5770456960680127
4322301;Tuparendi (RS);3;8363;0.6666;47892554.15;1106.284182709554;1077.5856773884968;74.17;0.528046775077654;1.4764353041988003
4322327;Turuçu (RS);3;3419;0.5408;31787803.26;2724.1238637028373;2570.1114419420883;20.580000000000002;0.451188455008489;0.9758364312267658
4322343;Ubiretama (RS);2;1994;0.6079;29599335.1;1502.3679037111335;2515.1748495486463;62.79;0.4759437453737972;1.4356060606060606
4322350;União da Serra (RS);2;1170;;26017851.99;2416.96758974359;3541.733871794872;74.77;0.647887323943662;2.4328358208955225
4322376;Unistalda (RS);2;1995;0.6154;26380876.73;2271.643794486215;2806.354486215539;45.64999999999999;0.5393518518518519;1.247588424437299
4322400;Uruguaiana (RS);3;117210;0.6343;450847936.71;1244.3412372664448;714.8947984813582;3.3200000000000003;0.47589906316107583;0.5673702981794053
4322509;Vacaria (RS);3;64197;0.7077;338636608.0;1316.0825571288378;1393.5926361044908;6.659999999999999;0.4786824830127836;0.6136345989595465
4322525;Vale Verde (RS);2;3150;0.6073;33599441.08;1987.6820158730156;1876.937907936508;38.559999999999995;0.504297994269341;1.1376518218623481
4322533;Vale do Sol (RS);3;9897;0.5182;53751914.54;1288.0928261089218;1131.9959523087805;26.250000000000004;0.4353879622915156;1.1260623229461757
4322541;Vale Real (RS);3;6058;0.7101;45352227.16;1536.8272977880488;1341.1171508748762;1.41;0.41641337386018235;0.6264840182648402
4322558;Vanini (RS);2;2004;0.5977;27984893.01;2465.2230988023953;2837.633887225549;41.5;0.5045045045045045;1.3578947368421053
4322608;Venâncio Aires (RS);3;68763;0.7513;388076251.38;1013.4636758140281;1329.854870206361;7.2700000000000005;0.4408171817705605;0.8999367831662602
4322707;Vera Cruz (RS);3;26710;0.661;137592459.74;1148.6759730438037;1145.3864365406214;19.4;0.4274262505344164;0.7884615384615384
4322806;Veranópolis (RS);3;24021;0.7809;174839630.09;1519.856588401815;1591.295739144915;6.8999999999999995;0.4404533461261693;1.1069994262765348
4322855;Vespasiano Corrêa (RS);2;1818;0.7189;28522013.95;2693.4913531353136;3470.8500660066006;61.37;0.616;1.911764705882353
4322905;Viadutos (RS);3;4769;0.6094;37425324.48;1287.1993289997902;1361.4289578527994;25.740000000000002;0.5708168642951251;1.7120500782472614
4323002;Viamão (RS);3;224112;0.515;740440252.49;1008.9881041175839;516.2638522702935;13.909999999999998;0.46889337493118005;0.6474001750103625
4323101;Vicente Dutra (RS);3;4665;0.5429;32356768.99;1496.3535627009646;1485.529344051447;67.54;0.5255068672334859;0.7915273132664437
4323200;Victor Graeff (RS);2;2780;0.6902;37078392.58;2118.8156474820144;2057.3492122302155;66.54;0.5067750677506775;1.1298405466970387
4323309;Vila Flores (RS);2;3646;0.711;43912116.24;2063.6072654964346;1794.8645227646737;50.339999999999996;0.5109821798590966;1.1222030981067126
4323358;Vila Lângaro (RS);2;2079;0.7067;34745879.68;2063.2239105339104;3118.015747955748;38.5;0.5;1.2796052631578947
4323408;Vila Maria (RS);2;4413;0.7721;50683499.13;1518.5727033763878;1961.0359868570135;19.79;0.49949031600407745;1.2239031770045385
4323457;Vila Nova do Sul (RS);2;3863;0.5981;34688512.94;1682.1405384416255;1831.5334351540255;9.7;0.5353736089030207;1.2525083612040133
4323507;Vista Alegre (RS);2;2660;0.683;29228485.55;1776.6106917293234;2442.3562894736842;80.96999999999998;0.5096481271282634;1.107981220657277
4323606;Vista Alegre do Prata (RS);2;1590;0.682;25967136.52;2216.1211949685535;3433.838591194968;68.57;0.5711462450592886;1.4285714285714286
4323705;Vista Gaúcha (RS);2;2783;0.6985;33942597.43;1783.5359683794466;2169.349705353935;22.11;0.48903156768325307;1.013215859030837
4323754;Vitória das Missões (RS);1;3260;0.5246;705172.35;1434.9007208588955;1846.7548803680982;33.62;0.5650504080652905;1.4726890756302522
4323770;Westfália (RS);2;3098;0.7533;42062432.54;3000.081300839251;2328.654435119432;13.31;0.47875894988066825;0.9400386847195358
4323804;Xangri-lá (RS);2;16463;0.7032;283493847.77;3871.837792625888;3106.5665996476946;42.14;0.5146747630876806;0.6409504253446758
5000203;Água Clara (MS);2;16741;0.7069;163497892.72;2568.947397407562;2102.3530219222266;78.32999999999998;0.4603105373342638;0.20727522306108442
5000252;Alcinópolis (MS);2;4537;0.6785;86721036.78;3708.0992484020276;3718.2975843068107;25.99;0.45931167577999354;0.44388270980788674
5000609;Amambai (MS);0;39325;0.5799;269630664.02;2027.8903623649078;1364.9130446280992;53.49999999999999;0.5108729061011219;0.3539354444557581
5000708;Anastácio (MS);3;24114;0.5853;118571660.26;1232.6989931160322;1101.3451119681513;29.74;0.5062777187831845;0.5079069767441861
5000807;Anaurilândia (MS);3;7653;0.6726;69878713.56;1673.9488644975827;1795.768608388867;17.78;0.44614512471655327;0.5761014686248331
5000856;Angélica (MS);3;10729;0.601;80541295.08;1581.7407633516639;1579.809382048653;60.36;0.48457174484571747;0.4597749062109212
5000906;Antônio João (MS);3;9303;0.5191;70761747.14;1718.040663226916;1872.8163001182413;35.169999999999995;0.5407419675389201;0.3666806195060695
5001003;Aparecida do Taboado (MS);3;27674;0.7419;175541667.89;1178.319407747344;1402.2752623401027;51.839999999999996;0.456373013367014;0.4638757596218771
5001102;Aquidauana (MS);3;46803;0.6209;266579798.46;1421.5116900626028;1737.3942561374272;32.3;0.5251735262489002;0.5196605374823197
5001243;Aral Moreira (MS);0;10748;0.5546;80629704.1;1946.0808066617046;1986.2372571641235;95.19000000000001;0.5495963091118801;0.2614162806088683
5001508;Bandeirantes (MS);3;7940;0.6748;76428397.28;2656.9181687657433;2407.998020151133;27.09;0.5029339390497823;0.4860178970917226
5001904;Bataguassu (MS);3;23031;0.7167;136206609.08;1366.8140501932178;1529.1104376709652;46.75;0.43272161741835147;0.38786911412609737
5002001;Batayporã (MS);3;10712;0.6977;70655837.16;1457.9278976848393;1515.1786529126214;34.7;0.4722374931280924;0.4978204010462075
5002100;Bela Vista (MS);0;21613;0.6081;142523624.37;1645.683564521353;1783.4416045898301;52.1;0.5187267233504321;0.48501307583987124
5002159;Bodoquena (MS);2;8567;0.5539;83233142.26;2351.981201120579;2316.614111124081;31.82;0.5082746478873239;0.44639278557114226
5002209;Bonito (MS);3;23659;0.6989;184499218.33;1394.9563227524409;1531.4766262310327;16.4;0.47279631474103584;0.38040712468193383
5002308;Brasilândia (MS);3;11579;0.6753;110339410.22;2243.5947473875117;1722.1087408239052;19.080000000000002;0.4389213371442774;0.4398695474928659
5002407;Caarapó (MS);3;30612;0.6833;212163378.75;1683.382290931661;1417.572955376976;67.47;0.4735727351497064;0.34601176631550146
5002605;Camapuã (MS);3;13583;0.6198;119560652.42;1796.4166634764042;1610.7278075535594;35.019999999999996;0.4869184455391352;0.635895549834498
5002704;Campo Grande (MS);3;898100;0.7886;5152003413.78;1348.652243792451;1941.9623005455962;10.819999999999999;0.44357271790618463;0.49303966283077155
5002803;Caracol (MS);2;5036;0.5598;54221141.53;;;59.81;0.5100449775112443;0.4921052631578947
5002902;Cassilândia (MS);3;20988;0.7097;151496693.09;1755.0092085953877;1646.21275204879;44.86;0.49497827480589784;0.749496475327291
5002951;Chapadão do Sul (MS);3;30993;0.782;272099835.95;2098.651678766173;1933.6729238860387;8.75;0.3910057896862798;0.19736118746564046
5003108;Corguinho (MS);0;4783;0.4791;52764196.25;2326.8515283295;2398.3846435291657;55.98;0.5359666024405909;0.6875631951466128
5003157;Coronel Sapucaia (MS);0;14289;0.4261;90539474.42;1987.4390426201974;1307.1615732381551;39.67999999999999;0.5855525965379494;0.23525280898876405
5003207;Corumbá (MS);3;96268;0.617;812698051.47;1756.604288237005;2165.2157789712055;16.040000000000003;0.4935228136587182;0.3889446797362791
5003256;Costa Rica (MS);2;26037;0.7442;235640875.97;1990.6261562391978;2574.020685562853;17.78;0.4630815913688469;0.33284813197476953
5003306;Coxim (MS);3;32151;0.6733;215013462.59;1240.234814158191;1929.2671011788125;38.220000000000006;0.45492804778713003;0.5015683345780433
5003454;Deodápolis (MS);3;13663;0.6432;80114662.41;1209.7373446534436;1522.8853699773113;71.9;0.46866602171342575;0.5207534007673527
5003488;Dois Irmãos do Buriti (MS);0;11100;0.5244;83848225.46;2377.4689981981983;1770.9661846846845;45.39;0.5014202624103882;0.42522106881968474
5003504;Douradina (MS);0;5578;0.5357;42681802.28;1650.2514575116527;;82.30999999999999;0.5075675675675676;0.5157384987893463
5003702;Dourados (MS);3;243367;0.7683;1457963998.97;1396.4136871884848;1573.898955528071;14.979999999999999;0.43778690219478333;0.40491041804910416
5003751;Eldorado (MS);3;11386;0.6135;78534265.61;1422.3014517828913;1618.3874600386441;69.11;0.4754438253207205;0.44733727810650886
5003801;Fátima do Sul (MS);3;20609;0.6635;106422139.48;1266.201465864428;1051.2745688776747;53.26;0.48148946876572496;0.7714890240677069
5003900;Figueirão (MS);2;3539;0.6761;57727304.94;2331.9965413958744;3467.9206018649334;53.559999999999995;0.4913611462284029;0.43419434194341944
5004007;Glória de Dourados (MS);3;10444;0.5201;60731864.34;1329.0559574875526;1306.939473381846;70.41;0.47015765765765766;0.7468619246861925
5004106;Guia Lopes da Laguna (MS);3;9940;0.5998;58362828.06;1137.0770885311872;1306.521481891348;43.120000000000005;0.5198776758409785;0.6190476190476191
5004304;Iguatemi (MS);0;13808;0.6302;110093877.29;1584.9222226245656;1669.1016497682501;52.300000000000004;0.48873315363881403;0.4731881702957426
5004403;Inocência (MS);3;8404;0.6199;98744254.24;1840.573755354593;2802.4862208472155;32.84;0.4420041180507893;0.4804597701149425
5004502;Itaporã (MS);0;24137;0.6028;133826682.62;944.1885839168083;1124.3928416953224;71.56;0.512059136753743;0.4039848849192717
5004601;Itaquiraí (MS);0;19423;0.5988;139072504.57;1665.6884307264581;1404.0465283426865;86.65;0.4659974337685863;0.39367945823927764
5004700;Ivinhema (MS);3;27821;0.6735;181701852.14;1492.1329107508716;1387.7613518565113;51.01;0.4532490597576264;0.507994438651373
5004809;Japorã (MS);0;8148;0.3153;62890006.82;2938.2178129602357;1257.1746833578793;80.53;0.627972027972028;0.21586073500967118
5004908;Jaraguari (MS);0;7139;0.5998;64564619.89;2020.4007003782042;2269.0277447821823;52.769999999999996;0.5449037004977277;0.7461858529819695
5005004;Jardim (MS);3;23981;0.6024;130368263.9;1212.858396647346;1293.574150786039;33.81;0.5078596579476862;0.5282876064333017
5005103;Jateí (MS);2;3586;0.6784;76126410.8;2410.4497099832683;3297.3826687116566;24.64;0.47754429336629584;0.5012953367875648
5005152;Juti (MS);0;6729;0.5451;53237469.19;1859.9884321593102;2243.780142666072;74.12;0.5515333179617247;0.389082462253194
5005202;Ladário (MS);3;21522;0.5714;113794569.36;1534.1666053340768;767.5300645850758;26.81;0.5090450147244425;0.2772695285010556
5005251;Laguna Carapã (MS);0;6799;0.5171;70741942.16;2342.8708810119133;2115.295291954699;72.51;0.5424228675136116;0.34024663677130046
5005400;Maracaju (MS);3;45047;0.6984;357648154.81;2109.4582516038804;1889.4422183497236;27.36;0.4140821195379206;0.30642765177775577
5005608;Miranda (MS);0;25536;0.5388;154863868.46;1787.3820140194234;1420.7967461622807;22.800000000000004;0.5385913116828343;0.3474525173349412
5005681;Mundo Novo (MS);3;19193;0.6056;102479241.57;1256.0486161621425;1053.4220523107383;86.46;0.4906026716371544;0.5347424684159378
5005707;Naviraí (MS);3;50457;0.7366;315226765.49;1694.897687337733;1705.0364397407693;41.35;0.4388331242158093;0.38927507447864945
5005806;Nioaque (MS);0;13220;0.522;100229851.89;1874.311332829047;1626.9091338880485;63.489999999999995;0.49920616919936495;0.45761589403973507
5006002;Nova Alvorada do Sul (MS);3;21822;0.6957;167324391.09;2475.1309742461735;1794.2118151406835;31.270000000000003;0.46554734721289454;0.244524236983842
5006200;Nova Andradina (MS);3;48563;0.7574;302638252.03;1547.1341208327324;1568.418626938204;32.879999999999995;0.44834476588130034;0.444369715603382
5006259;Novo Horizonte do Sul (MS);2;4721;0.6047;53238547.69;2175.136034738403;1848.613501376827;88.53;0.49446027223805;0.49760306807286675
5006275;Paraíso das Águas (MS);2;5510;0.7037;98309444.01;3790.6647876588017;3639.179673321234;67.64999999999999;0.47760793778492894;0.3173076923076923
5006309;Paranaíba (MS);3;40957;0.6397;259397433.66;1403.996433088361;1684.842040920966;19.340000000000003;0.46395253243735923;0.6741906358828841
5006358;Paranhos (MS);0;12921;0.4123;34764574.29;781.6551102855816;383.54603204086374;62.660000000000004;0.6695955549812638;0.19759648717356135
5006408;Pedro Gomes (MS);3;6941;0.5891;61828744.64;1873.6373966287279;1762.0183878403689;21.779999999999998;0.49044449216233627;0.6337625178826896
5006606;Ponta Porã (MS);3;92017;0.6067;520796186.02;1548.603999043655;908.9910251366595;25.339999999999996;0.47001405840628796;0.34030340303403034
5006903;Porto Murtinho (MS);2;12859;0.4989;148334388.33;2996.4680317287502;1869.6539629831245;28.020000000000003;0.5268344811208739;0.294340723453909
5007109;Ribas do Rio Pardo (MS);3;23150;0.6886;242822308.71;3099.0937269978403;1753.458288552916;28.820000000000004;0.44164902229418357;0.26552462526766596
5007208;Rio Brilhante (MS);3;37601;0.6991;275673414.03;2061.1845732826255;1591.2934642695673;26.42;0.464955000584408;0.2946409199392493
5007307;Rio Negro (MS);3;4841;0.58;51135061.96;2260.5377070853133;1844.5421689733528;6.55;0.5151799687010955;0.6526104417670683
5007406;Rio Verde de Mato Grosso (MS);3;19818;0.6263;139471717.72;1593.2183747098597;1902.0688793016448;41.97;0.5153693225263802;0.5398674891478181
5007505;Rochedo (MS);2;5199;0.662;60114598.38;2068.2249778803616;1954.6441950375072;36.15;0.4862778730703259;0.5053097345132743
5007554;Santa Rita do Pardo (MS);0;7027;0.6397;82829669.07;2582.1547587875334;2195.8982510317346;20.72;0.4587917791156321;0.3987341772151899
5007695;São Gabriel do Oeste (MS);3;29579;0.7044;261560208.2;1831.6105568139558;2744.9754146522873;13.9;0.449524649612859;0.33289741354257485
5007703;Sete Quedas (MS);0;10994;0.5296;70397350.53;1439.828675641259;1147.090783154448;97.03;0.47987616099071206;0.5016849199663016
5007802;Selvíria (MS);2;8142;0.64;120205645.62;3421.097336035372;3258.9639953328424;89.06;0.4479815045349458;0.52021726010863
5007901;Sidrolândia (MS);3;47118;0.658;319134964.78;2082.712293815527;1303.828879409143;46.08;0.47909342039176295;0.39378995433789954
5007935;Sonora (MS);3;14516;0.7042;140004395.68;2410.3711972995316;2236.3161993662166;75.41;0.41509066094755315;0.2775277527752775
5007950;Tacuru (MS);0;10808;0.4253;79153789.69;1792.6915136935602;1470.6012740562546;39.17;0.5745920745920746;0.27472527472527475
5007976;Taquarussu (MS);2;3625;0.6717;53826913.26;2630.4566620689657;3148.7568165517246;70.36999999999999;0.48261758691206547;0.6761363636363636
5008008;Terenos (MS);3;17652;0.6956;122396101.21;1858.5948515748923;1512.617743031951;38.81;0.5002549719530852;0.5895220091817446
5008305;Três Lagoas (MS);3;132152;0.7668;1062652298.01;1612.8619801440766;2304.243829453962;7.82;0.4319521497919556;0.3992277992277992
5008404;Vicentina (MS);0;6336;0.6746;54193333.66;1294.6475205176769;1937.3403993055556;91.6;0.4880225457961484;0.829225352112676
5100102;Acorizal (MT);0;5014;0.5729;48995176.34;1486.636254487435;1986.5921260470682;84.89;0.5532837670384139;0.7561455260570304
5100201;Água Boa (MT);3;29219;0.7035;237551778.76;1799.022675656251;2503.5617861665355;74.6;0.40590867535966896;0.2996456632260052
5100250;Alta Floresta (MT);3;58613;0.7408;308166193.01;1120.8455801613975;886.4788581031512;53.85;0.41594395458388694;0.38363870138219225
5100300;Alto Araguaia (MT);3;17193;0.6432;149729780.84;1624.408690746234;2083.2419222939566;76.52000000000001;0.45888841747984727;0.5022222222222222
5100359;Alto Boa Vista (MT);3;5715;0.4876;50879572.41;1954.0294960629922;1830.2558635170603;31.119999999999997;0.5252201761409128;0.25750798722044727
5100409;Alto Garças (MT);3;13052;0.7176;93102247.58;1953.5302727551334;1930.862157523751;93.17;0.4425287356321839;0.39755671902268763
5100508;Alto Paraguai (MT);0;8009;0.5169;70469871.83;1496.0364789611688;1612.3709764015482;76.0;0.4806803475688667;0.586333129957291
5100607;Alto Taquari (MT);3;10904;0.6928;106324294.89;2210.9856272927364;2188.077496331621;93.77;0.4277857797564489;0.22543135783945986
5100805;Apiacás (MT);0;8590;0.5222;79137898.74;1621.3759220023283;1771.4734004656577;89.13;0.45248562732499154;0.26584673604541154
5101001;Araguaiana (MT);2;3795;0.636;40283115.49;2252.9864953886695;2462.483686429513;96.97999999999999;0.4646854496333462;0.5125628140703518
5101209;Araguainha (MT);2;1010;0.5508;26721994.41;3414.994386138614;4053.3219702970296;91.44;0.5372907153729072;0.8677248677248677
5101258;Araputanga (MT);3;14786;0.7177;97527814.7;1327.309719329095;1423.5613438387666;64.24000000000001;0.43832684824902723;0.44608472400513477
5101308;Arenápolis (MT);3;10576;0.6832;74506441.03;1583.0385003782148;2528.1687982223903;66.74;0.47812718378756114;0.47139784946236557
5101407;Aripuanã (MT);0;24626;0.5932;183173666.04;2640.1187306099246;2032.3227653699344;73.96000000000001;0.43910705937353905;0.18014763624941102
5101605;Barão de Melgaço (MT);0;7253;0.541;48295364.2;1325.4889948986627;1534.3732855370195;80.06;0.5279123657046556;0.6293888166449935
5101704;Barra do Bugres (MT);3;29403;0.6844;166707113.45;1681.4257031595414;1432.4893089140567;44.959999999999994;0.45754225945570814;0.37432995830851695
5101803;Barra do Garças (MT);3;69210;0.653;358594431.84;1368.0468885999132;1618.2212480855367;30.75;0.4363093014568547;0.4525355810418682
5101852;Bom Jesus do Araguaia (MT);0;7280;0.5705;63067459.08;2563.963600274725;1689.493304945055;80.16;0.45106637432728725;0.27997737556561086
5101902;Brasnorte (MT);0;17004;0.5651;149542310.25;1931.941368501529;2388.824999411903;67.50999999999999;0.47425004335009535;0.25602755453501724
5102504;Cáceres (MT);3;89681;0.6174;385828026.93;1282.8412403965165;962.0850812323681;34.24;0.46880783530143966;0.4347869674185464
5102603;Campinápolis (MT);0;15347;0.3355;99446254.93;2773.6939310614453;1175.021140288004;93.66999999999999;0.7116886013830025;0.1684673136788134
5102637;Campo Novo do Parecis (MT);3;45899;0.7067;366638266.97;2072.006037604305;1778.678838754657;27.25;0.4029526837021641;0.12935834832519488
5102678;Campo Verde (MT);3;44585;0.7607;337332225.82;1954.2528040820903;1932.1309951777505;18.73;0.41431924882629106;0.2479457290273266
5102686;Campos de Júlio (MT);2;8822;0.6619;25673495.25;4948.097479029699;2550.2209873044662;27.300000000000004;0.42912684270208973;0.13253527148353997
5102694;Canabrava do Norte (MT);0;4485;0.5154;41421000.53;2556.328218506131;2123.0862831661093;91.63000000000001;0.5203389830508475;0.3717605004468275
5102702;Canarana (MT);3;25858;0.5971;175245092.89;1643.7927558202489;1866.4905839585426;52.75;0.4682034976152623;0.2577791336180598
5102793;Carlinda (MT);0;10332;0.599;54708922.47;1424.3288811459543;1357.484230545877;83.88;0.4900490337467551;0.593061415846226
5102850;Castanheira (MT);0;7506;0.5521;48047397.39;1260.4772501998402;1493.7864575006658;95.78;0.43903374233128833;0.4996725605762934
5103007;Chapada dos Guimarães (MT);3;18990;0.6421;129088269.45;1566.3571184834123;1613.0932043180621;58.2;0.5120630623457282;0.5696851354649743
5103056;Cláudia (MT);3;9593;0.6955;83701621.22;1935.537883873658;1535.8912790576462;16.51;0.4592333434742927;0.4227144203581527
5103106;Cocalinho (MT);2;6220;0.612;78312497.74;2286.6555980707394;2384.846739549839;91.62000000000002;0.4298850574712644;0.4209726443768997
5103205;Colíder (MT);3;31370;0.7116;156864244.41;1454.0013222824357;1012.0599521836149;65.03;0.4426968359087564;0.4850354828756557
5103254;Colniza (MT);0;25766;0.5039;151908043.31;1762.2058786773264;1233.9935313979663;80.89999999999999;0.43839669513760954;0.2335846685516808
5103304;Comodoro (MT);0;18238;0.5489;140421822.48;2212.604780677706;1549.1075106919618;54.02;0.4839707078925956;0.3038141166155195
5103353;Confresa (MT);0;35075;0.5994;173993849.42;1353.67485787598;1170.100450463293;60.629999999999995;0.42889151423799243;0.2281847876808213
5103361;Conquista D'Oeste (MT);2;3760;0.5675;46237284.24;2178.9367420212766;2196.045893617021;85.66000000000001;0.510646846122941;0.35645677694770544
5103379;Cotriguaçu (MT);0;11011;0.5465;77086801.74;1582.0347870311507;1871.6772527472529;95.24;0.43391066545123064;0.2825250192455735
5103403;Cuiabá (MT);3;650877;0.7749;3501112086.94;1088.381285649977;1805.8808554150785;10.35;0.4149961411785167;0.4178587875276676
5103437;Curvelândia (MT);0;4903;0.5405;34143708.98;1588.361297165001;1519.540983071589;81.01;0.47992755810443705;0.6224489795918368
5103452;Denise (MT);0;7014;0.5807;49853370.28;1962.4214870259482;1686.5250299401198;94.56000000000002;0.44499381953028433;0.35508155583437895
5103502;Diamantino (MT);2;21941;0.768;198136651.61;2674.052972972973;2521.057041155827;51.38;0.46801819884919044;0.33543337151584574
5103601;Dom Aquino (MT);3;7872;0.6026;58183900.8;1577.3735886686993;1590.0232317073169;55.620000000000005;0.5288405515634104;0.6944617299315494
5103700;Feliz Natal (MT);0;10521;0.6357;102529325.24;2130.8662094857905;1651.886708487786;92.42000000000002;0.5049349163209841;0.17392750249418024
5103809;Figueirópolis D'Oeste (MT);0;3187;0.63;34681984.99;2463.206134295576;2312.7974803890806;98.6;0.4720554272517321;0.6510500807754442
5103858;Gaúcha do Norte (MT);0;8642;0.5541;88744793.16;2396.649681786623;1967.5883730617916;66.76;0.5222828958957195;0.1733280569845667
5103908;General Carneiro (MT);0;6037;0.3884;49569090.71;1372.3275998012257;1487.5948235878745;90.09;0.5924558164072804;0.32978093546477205
5103957;Glória D'Oeste (MT);0;2905;0.6731;33059073.29;2935.583858864027;2342.583273666093;95.24000000000001;0.5130208333333334;0.7941712204007286
5104104;Guarantã do Norte (MT);3;31024;0.6588;194832633.03;1801.7366654847858;1894.722097730789;49.4;0.4497873732417403;0.3687428896473265
5104203;Guiratinga (MT);3;10966;0.5667;80091117.01;1261.6208544592378;1685.8105115812511;24.88;0.5021917808219178;0.9427662957074722
5104500;Indiavaí (MT);2;2213;0.598;36637212.97;4279.921043831902;3183.419367374605;58.07;0.4983073798239675;0.6105032822757112
5104526;Ipiranga do Norte (MT);2;7815;0.7395;95809036.27;2891.1611567498403;2281.6355291106847;77.34;0.42713659605551496;0.18972533062054933
5104542;Itanhangá (MT);0;7539;0.5988;56557363.48;1979.3931144714154;1602.4266056506167;85.11;0.4517619872905835;0.27085590465872156
5104559;Itaúba (MT);2;5020;0.6812;64655642.36;2795.2411992031875;2832.5671772908368;91.78;0.46826557472945307;0.34199497066219614
5104609;Itiquira (MT);2;12236;0.646;149364014.28;3094.5438108859103;2631.306096763648;56.42;0.47813481517274703;0.32774236833277426
5104807;Jaciara (MT);3;28569;0.7386;187125107.85;1187.4798736392595;1644.8820245720888;17.21;0.45344932844932845;0.4288233408143636
5104906;Jangada (MT);0;7426;0.5402;40365192.91;1257.9746835443038;1173.0075397252895;96.54;0.5352491213562125;0.5757760194765672
5105002;Jauru (MT);0;8367;0.6075;59003035.23;1679.97041233417;1363.3051105533643;59.790000000000006;0.5029638943775822;0.6288539848749273
5105101;Juara (MT);3;34906;0.6713;187026646.74;1262.543201455337;1399.6051008422621;44.89;0.44640119338664896;0.33362218370883884
5105150;Juína (MT);3;45869;0.6992;228578605.86;1034.5594275000547;1717.2397961586257;76.27;0.442149280010061;0.3736081265872241
5105176;Juruena (MT);0;10213;0.6432;64653045.95;1539.8395025947323;1708.472754332713;89.01;0.45009229021723696;0.30238290879211177
5105200;Juscimeira (MT);0;11480;0.5936;66419557.0;1713.3701933797909;1587.973925087108;66.58999999999999;0.5055737704918033;0.6224747474747475
5105234;Lambari D'Oeste (MT);0;4790;0.6666;48351930.59;2216.1044676409188;2117.6137432150313;88.45;0.47702744372494604;0.4
5105259;Lucas do Rio Verde (MT);3;83798;0.7633;624252751.04;1694.2278556767465;1875.8783191722955;24.730000000000004;0.39081509020597166;0.15031753786028335
5105309;Luciara (MT);2;2509;0.5537;27412897.65;1795.9093822239936;2394.0129533678755;95.36999999999999;0.5050989802039592;0.40099833610648916
5105507;Vila Bela da Santíssima Trindade (MT);0;16774;0.4993;116722405.72;2026.4969518302132;1698.8055669488492;61.48;0.49874910650464616;0.2572072072072072
5105580;Marcelândia (MT);3;11396;0.5918;80154831.28;1563.121711126711;1511.3417567567567;88.91000000000001;0.4817318944220518;0.30641748942172076
5105606;Matupá (MT);3;20091;0.7044;143070129.17;1683.8891125379525;1206.9811512617591;38.870000000000005;0.44539568345323743;0.28045501551189245
5105622;Mirassol d'Oeste (MT);3;26785;0.6889;136550731.93;1311.3864625723352;1490.403105096136;59.24;0.4358080943446797;0.44610458911419426
5105903;Nobres (MT);3;15492;0.6061;128052135.07;1325.1582571649883;1591.8633520526723;13.7;0.4950781702374059;0.4155629139072848
5106000;Nortelândia (MT);3;5956;0.5868;54054679.64;1895.1206850235058;1702.8323740765616;68.01;0.46591188776765935;0.5453061224489796
5106109;Nossa Senhora do Livramento (MT);0;12940;0.6019;84073972.95;1928.041880989181;1011.1744088098918;49.39;0.5487731897067624;0.6987773249351612
5106158;Nova Bandeirantes (MT);0;13635;0.6022;90527273.73;1615.810443711038;1536.497257792446;89.56;0.42001666319516767;0.32533683864607293
5106174;Nova Nazaré (MT);0;4200;0.2795;45653114.31;2875.6279285714286;1877.5374952380953;50.39;0.66073546856465;0.19442458899213724
5106182;Nova Lacerda (MT);0;6670;0.6161;59875190.97;2930.7423058470763;1973.630688155922;85.13;0.47078280044101434;0.2978723404255319
5106190;Nova Santa Helena (MT);2;4239;0.6734;47541738.48;2531.823526775183;2554.040325548479;98.74;0.49893917963224893;0.372568093385214
5106208;Nova Brasilândia (MT);0;3932;0.5897;42698128.62;2341.536134282808;1916.0209664292981;98.44;0.44665194996320823;0.5869281045751634
5106216;Nova Canaã do Norte (MT);0;11707;0.6697;95746039.25;1987.9086546510634;1425.474726232169;96.44999999999999;0.4617305531277313;0.4616600790513834
5106224;Nova Mutum (MT);3;55839;0.7539;463888732.95;2094.8000388617274;2090.137108472573;57.04;0.4057803177160696;0.15524655963302753
5106232;Nova Olímpia (MT);0;16352;0.622;105297314.38;2069.5292967221135;2268.4620829256364;97.57;0.4385501891440134;0.30702674357629783
5106240;Nova Ubiratã (MT);0;11530;0.6309;132772423.72;2990.3908837814397;2503.49156114484;90.07000000000001;0.4567277321541377;0.16990291262135923
5106257;Nova Xavantina (MT);3;24345;0.6446;127690811.71;1252.4408679400287;1509.3629283220375;22.220000000000002;0.4081207704320666;0.48986486486486486
5106265;Novo Mundo (MT);0;6520;0.607;65391470.4;2304.4467055214723;1941.5282898773007;70.24;0.48519362186788156;0.33458646616541354
5106273;Novo Horizonte do Norte (MT);2;3349;0.5988;44935661.52;2739.4265780830096;2856.874243057629;67.72999999999999;0.47144112478031636;0.7362459546925566
5106281;Novo São Joaquim (MT);0;6919;0.583;79130565.78;2934.5558939153057;2309.711974273739;67.74000000000001;0.46124604012671594;0.39552715654952075
5106299;Paranaíta (MT);0;11671;0.6526;119852137.84;2065.180509810642;2727.9834221574847;93.16;0.43926501418177333;0.4415216511533792
5106307;Paranatinga (MT);3;26423;0.6072;147776367.29;1719.3807137720926;1596.9154024902548;53.50000000000001;0.4506176228383201;0.27950116913484024
5106315;Novo Santo Antônio (MT);2;2015;0.5627;37773412.55;3712.13047146402;4019.249478908189;86.69;0.44964028776978415;0.41402714932126694
5106372;Pedra Preta (MT);0;18066;0.64;144354892.1;1999.949593711945;1479.0964889848335;62.809999999999995;0.45201736055296576;0.43432797755674574
5106422;Peixoto de Azevedo (MT);3;32714;0.5263;189896196.57;1572.3731173198018;2001.5214012349452;37.60000000000001;0.46012050881499666;0.27334486166007904
5106455;Planalto da Serra (MT);2;3166;0.6536;37609864.48;2647.307106759318;2786.8437839545168;99.11;0.5228475228475229;0.41906005221932113
5106505;Poconé (MT);0;31217;0.5737;159182525.9;1414.035630906237;1398.3404353397186;77.72999999999999;0.4919231504492449;0.46603047998860564
5106653;Pontal do Araguaia (MT);3;6932;0.5675;42058796.74;1335.56077034045;1160.454500865551;57.93;0.42078294732527155;0.4727403156384505
5106703;Ponte Branca (MT);2;2008;0.4338;28722650.68;2309.026200199203;2999.675512948207;99.16;0.5269961977186312;0.8381962864721485
5106752;Pontes e Lacerda (MT);3;52018;0.6538;235256223.92;1165.4652835556924;1267.9405678803491;36.74999999999999;0.4186985217913053;0.29607429295061205
5106778;Porto Alegre do Norte (MT);0;12127;0.5494;71971353.29;1441.8525925620518;1457.7787663890495;87.21000000000001;0.5079582193484208;0.3406629471611421
5106802;Porto dos Gaúchos (MT);2;5593;0.6367;77699243.91;3304.2367030216346;3455.2760504201688;42.32;0.4534823284823285;0.4268192968111202
5106828;Porto Esperidião (MT);0;10204;0.5283;79596646.92;2092.7172834182675;1723.859333594669;62.17;0.4739274880832009;0.38497256226255805
5106851;Porto Estrela (MT);0;3224;0.5506;37808617.26;2375.7087282878415;2848.406240694789;80.83000000000001;0.5352380952380953;0.6676557863501483
5107008;Poxoréu (MT);0;23283;0.5647;106411528.93;1024.786794227548;1057.4453167547138;72.86;0.5496173044925124;0.5063845311929952
5107040;Primavera do Leste (MT);3;85146;0.7646;504223048.17;1528.9690957884106;1378.0598467338452;14.78;0.3976002494952645;0.20620456129867543
5107065;Querência (MT);3;26769;0.6318;236636145.78;1897.688416451866;2404.610518510217;79.45;0.4192026296257025;0.14994182664339734
5107107;São José dos Quatro Marcos (MT);3;17849;0.6447;87171071.23;1131.5010981007338;1105.808257605468;57.77;0.4631527174358554;0.6564057461155086
5107156;Reserva do Cabaçal (MT);2;2122;0.67;28777579.36;2827.064750235627;2669.5256314797366;87.17;0.5038979447200567;0.49369747899159666
5107180;Ribeirão Cascalheira (MT);0;10089;0.5831;81349900.63;1932.4585171969472;1780.9579522251959;89.97999999999999;0.48915129151291514;0.3400727860897695
5107198;Ribeirãozinho (MT);2;2593;0.6094;37356942.62;2563.8166563825685;2596.7570381797145;60.6;0.4842587292501431;0.532608695652174
5107206;Rio Branco (MT);0;4535;0.5735;38373013.17;2076.40411907387;2178.3991003307606;86.30000000000001;0.48834919593042336;0.5846645367412141
5107248;Santa Carmem (MT);2;5374;0.703;68804157.08;3562.9503554149605;1939.3020338667661;50.550000000000004;0.47273225541244174;0.2882748319641524
5107263;Santo Afonso (MT);2;2519;0.6856;42952794.3;2789.526593886463;3833.325212385867;64.16;0.5056784219964137;0.5107142857142857
5107297;São José do Povo (MT);2;2875;0.5436;28753534.55;2290.9344904347827;2323.4652034782607;99.30000000000001;0.5650517147523135;1.096969696969697
5107305;São José do Rio Claro (MT);3;14911;0.7;132640799.81;2217.7342679900744;1902.620458721749;81.16;0.4557258615639949;0.34408292542470487
5107354;São José do Xingu (MT);0;5964;0.5464;72307909.6;2539.542198189135;2440.8030902079145;88.83999999999999;0.4880239520958084;0.16776119402985074
5107404;São Pedro da Cipa (MT);0;4191;0.5549;36281613.07;1967.027683130518;1815.0174659985682;81.71000000000001;0.5010744985673352;0.3934262948207171
5107578;Rondolândia (MT);0;3505;0.5515;47772933.92;2707.8783309557775;2812.2741654778883;94.6;0.5501990269792127;0.24027916251246262
5107602;Rondonópolis (MT);3;244911;0.7569;1666675926.41;1184.1294074990506;2123.118781557382;8.11;0.42827733812320307;0.35232483196759046
5107701;Rosário Oeste (MT);0;15453;0.5852;90219341.51;1328.0841169999353;1851.1016656959814;70.67;0.5218633051014379;0.6658283558629362
5107743;Santa Cruz do Xingu (MT);2;2661;0.6765;50996530.93;3590.279594137542;3321.435550544908;82.35000000000001;0.4596818431157433;0.216255442670537
5107750;Salto do Céu (MT);0;3679;0.5938;39069547.11;2355.27111171514;2318.1953003533567;94.94;0.4816753926701571;0.6227951153324288
5107768;Santa Rita do Trivelato (MT);2;3276;0.7361;69929594.99;4196.874453601954;3057.5281105006106;31.05;0.5251396648044693;0.2025586353944563
5107776;Santa Terezinha (MT);0;7596;0.3641;59859632.3;1524.7284373354398;1571.8137045813585;97.56;0.5778977980889074;0.2885595182955072
5107792;Santo Antônio do Leste (MT);2;4099;0.5824;58678316.92;3607.83327640888;2897.4504635276894;92.17999999999999;0.5119881962375508;0.1490066225165563
5107800;Santo Antônio de Leverger (MT);0;15246;0.6064;81448453.86;1095.0014502164502;1521.8159084349993;67.93;0.5035502958579882;0.48559790514983997
5107859;São Félix do Araguaia (MT);0;13621;0.5848;120077211.08;1406.491311944791;1738.0597716760885;84.29;0.4464266751619412;0.3543814432989691
5107875;Sapezal (MT);3;28944;0.6613;275701279.38;2646.4776426893304;1861.0166683941402;20.160000000000007;0.38236698825102683;0.10305869385505649
5107883;Serra Nova Dourada (MT);2;1800;0.5412;32944818.55;3689.2044666666666;3578.6230388888894;99.07;0.4574898785425101;0.36803874092009686
5107909;Sinop (MT);3;196312;0.7602;1028277712.48;1258.471539386283;873.5638875871063;53.879999999999995;0.39268865414765997;0.23909831661891118
5107925;Sorriso (MT);3;110635;0.7434;706255177.04;1860.2928189994125;1203.731719166629;44.36;0.4153308856452046;0.18953577840471916
5107941;Tabaporã (MT);2;9818;0.6295;102683838.11;2403.192176614382;3462.092729680179;85.12;0.4706411024565608;0.25429141716566867
5107958;Tangará da Serra (MT);3;106434;0.7247;567409243.53;1497.1868703609748;1426.5611111111111;51.84;0.412396990326048;0.3416076670695907
5108006;Tapurah (MT);3;14370;0.7127;132178897.05;1800.9594968684762;1615.250441196938;79.36;0.426302729528536;0.2122495060683037
5108055;Terra Nova do Norte (MT);2;10616;0.6644;86298721.48;1913.4786463828186;1886.0135493594573;84.55999999999999;0.4910112359550562;0.5193394176445024
5108105;Tesouro (MT);2;3025;0.5654;36449934.11;2359.480571900827;2733.933365289256;54.71000000000001;0.5293225480283115;0.6566455696202531
5108204;Torixoréu (MT);3;4164;0.6464;37281998.71;1596.9733861671468;2028.6802305475505;75.69000000000001;0.4656810982048574;0.8954154727793696
5108303;União do Sul (MT);2;3838;0.6831;45072803.19;3153.9735304846276;2115.3491427826993;47.05;0.4767218160831089;0.2565922920892495
5108352;Vale de São Domingos (MT);2;2904;0.5381;34619887.57;2416.0727100550966;2279.227517217631;76.96000000000001;0.5180345007841087;0.5906902086677368
5108402;Várzea Grande (MT);3;300078;0.6164;1148866278.54;1111.8262616719653;1040.8675040489472;27.69;0.43462671154287463;0.32105905603348056
5108501;Vera (MT);0;12800;0.6835;93425259.99;1811.89121171875;1312.0104304687502;83.63000000000001;0.46185472818638645;0.27089880578252673
5108600;Vila Rica (MT);0;19888;0.595;132107175.56;1623.138561444087;1280.985028157683;76.24;0.437513552584026;0.2906183368869936
5108808;Nova Guarita (MT);3;4590;0.6704;39520994.71;2058.410039215686;1819.6916666666666;36.650000000000006;0.4411302982731554;0.4946808510638298
5108857;Nova Marilândia (MT);2;3529;0.6874;53525819.89;3839.9247747237177;2500.734828563332;27.48;0.4778056951423786;0.3252032520325203
5108907;Nova Maringá (MT);2;5846;0.6252;88311126.17;3287.047605200137;2726.5257885733836;52.93;0.4441699604743083;0.21159029649595687
5108956;Nova Monte Verde (MT);0;8313;0.715;70012091.02;1739.0674401539757;1493.978788644292;98.52999999999999;0.446493822864103;0.3685333333333333
5200050;Abadia de Goiás (GO);3;19128;0.6059;77267343.13;1428.4799817022167;851.7113916771225;71.27;0.4650735294117647;0.2623700623700624
5200100;Abadiânia (GO);3;17232;0.6257;79801040.19;908.6100858867223;1273.4946193129063;30.77;0.46892848009547355;0.5293299972199055
5200134;Acreúna (GO);3;21568;0.6313;113051887.53;1083.2253208456973;1334.937600148368;30.040000000000003;0.42551222736285527;0.48717948717948717
5200159;Adelândia (GO);2;2297;0.6367;23591346.41;1707.344954288202;2453.625764040052;48.8;0.494469746258946;1.0052770448548813
5200175;Água Fria de Goiás (GO);0;4954;0.5989;45711895.61;1689.208853451756;1887.0058881711748;90.27000000000001;0.45065885797950217;0.48123195380173245
5200209;Água Limpa (GO);2;1858;0.6369;25415333.19;2600.1779601722283;2827.498040904198;79.46;0.5254515599343186;0.9631901840490797
5200258;Águas Lindas de Goiás (GO);3;225693;0.5097;582401590.5;893.7433366121236;730.7532114863997;27.19;0.415580016934801;0.15673882681564247
5200308;Alexânia (GO);3;27008;0.6163;150427816.92;1383.4102054946684;1369.5840362114927;81.86;0.45517241379310347;0.45931939885990675
5200506;Aloândia (GO);2;1973;0.5472;25526595.15;1158.279219462747;3634.4663659401926;70.94;0.528272656855151;1.2582781456953642
5200555;Alto Horizonte (GO);2;6072;0.6186;152522967.61;5389.404988471673;4594.371259881423;52.25;0.42301382704476215;0.329160530191458
5200605;Alto Paraíso de Goiás (GO);3;10306;0.628;55418316.69;1037.096378808461;1242.536190568601;49.339999999999996;0.4284130284130284;0.3020219039595619
5200803;Alvorada do Norte (GO);3;8446;0.5738;46831208.16;1465.138673928487;1581.9012502959981;29.45;0.441051015185122;0.38235294117647056
5200829;Amaralina (GO);0;3268;0.524;28305918.76;1867.9302509179925;1681.8117227662178;75.85000000000001;0.425207152202355;0.7045454545454546
5200852;Americano do Brasil (GO);3;5259;0.5319;30228940.79;1157.2037459593078;1660.290009507511;63.879999999999995;0.4282998370450842;0.8509389671361502
5200902;Amorinópolis (GO);3;3007;0.5416;28115829.6;1857.1308180911208;2317.8434918523444;62.79;0.5087807325639739;1.3526682134570767
5201108;Anápolis (GO);3;398869;0.7264;1700349792.49;874.1796450965104;1166.2860851056362;15.819999999999999;0.4200589571421451;0.471856989596068
5201207;Anhanguera (GO);2;924;0.605;22658045.34;3460.4272510822516;4527.39920995671;0.0;0.5172413793103449;1.086092715231788
5201306;Anicuns (GO);3;18503;0.6404;85941337.13;1029.1335896881587;1240.2735632059664;41.96;0.4348972469949593;0.7596485723250705
5201405;Aparecida de Goiânia (GO);3;527796;0.6853;1896905946.13;832.5902569553388;1256.02246159501;17.270000000000003;0.37987686113543967;0.3190475325901449
5201454;Aparecida do Rio Doce (GO);2;2907;0.62;41088954.7;2376.086246990024;2404.79957000344;21.29;0.4348469891411649;0.5648312611012434
5201504;Aporé (GO);2;4325;0.7033;55802058.61;2641.8420508670524;2374.663983815029;83.99000000000001;0.46510840108401086;0.4024514811031665
5201603;Araçu (GO);3;3799;0.5427;29015256.11;1091.291331929455;1741.8569518294287;81.48999999999998;0.45611345343043314;0.9349593495934959
5201702;Aragarças (GO);3;18390;0.5681;71805282.8;1178.4523675910823;1032.8034796084828;61.470000000000006;0.4385168961201502;0.5845110231769362
5201801;Aragoiânia (GO);3;11890;0.5106;52552558.26;1169.6318402018503;1015.5482245584524;93.51;0.43824845772347887;0.5449893390191898
5202155;Araguapaz (GO);0;7153;0.6325;40397198.96;1464.1343687963092;1049.457326995666;39.16;0.425752441698226;0.653250773993808
5202353;Arenópolis (GO);2;2946;0.6541;30189789.13;2291.934093686354;2742.197545824847;44.62;0.4969512195121951;0.9878048780487805
5202502;Aruanã (GO);3;8300;0.65;60381254.68;1537.3665807228915;1454.4916469879518;35.99;0.4427255345037372;0.45210946408209807
5202601;Aurilândia (GO);2;3284;0.5288;28400117.92;1465.03071863581;1783.7882308160779;93.60999999999999;0.5231910946196661;1.3209876543209877
5202809;Avelinópolis (GO);2;2868;0.6172;26077922.22;1953.9740341701531;2211.0297071129708;65.0;0.4715238583889174;0.9934924078091106
5203104;Baliza (GO);0;3351;0.5097;28770311.76;1884.486472694718;1851.1203372127723;42.85999999999999;0.4665207877461707;0.6787401574803149
5203203;Barro Alto (GO);2;10371;0.6556;158400558.85;3659.36728955742;2201.884403625494;66.94;0.43463826255360355;0.3841409691629956
5203302;Bela Vista de Goiás (GO);3;34445;0.5915;151498162.43;849.7226537959065;1148.121017273915;36.61000000000001;0.4385049070787221;0.6067329762815609
5203401;Bom Jardim de Goiás (GO);3;7826;0.5662;39162918.27;1029.768595706619;1395.2525760286226;67.25999999999999;0.4777190332326284;0.9283536585365854
5203500;Bom Jesus de Goiás (GO);3;23958;0.6411;99772041.13;1391.9548267801988;1168.0028654311714;6.029999999999999;0.40739000176232154;0.4018597129573479
5203559;Bonfinópolis (GO);3;10296;0.6327;40151595.16;1075.9921532634035;928.753108974359;86.14999999999999;0.42249240121580545;0.4794388001935172
5203575;Bonópolis (GO);0;3299;0.6135;32735747.76;1815.829781752046;1952.0466050318278;74.68999999999998;0.4668741662961316;0.5463917525773195
5203609;Brazabrantes (GO);3;3992;0.6195;25560112.6;1419.741853707415;1927.2585896793587;89.92;0.4313373969164575;0.6662049861495845
5203807;Britânia (GO);3;5695;0.5401;41799538.97;1781.5776277436348;1654.2846830553117;20.63;0.45391881541996426;0.6003600360036003
5203906;Buriti Alegre (GO);3;10495;0.626;64044959.47;1771.9521467365414;1198.7596684135303;58.410000000000004;0.4629216615556175;0.7414787624541164
5203939;Buriti de Goiás (GO);3;2732;0.6623;32702685.75;2290.535581991215;2073.4761749633967;24.64;0.46802794196668457;0.8611111111111112
5203962;Buritinópolis (GO);0;3145;0.6232;33286364.09;2057.426947535771;1879.2483688394277;61.93000000000001;0.4772193518083607;0.5301204819277109
5204003;Cabeceiras (GO);0;7560;0.5851;43129066.19;1436.7365026455027;1321.2040833333333;80.41000000000001;0.4342629482071713;0.42439327940261357
5204102;Cachoeira Alta (GO);3;11513;0.5864;66410175.26;1405.2465482498046;1555.1979501433163;16.18;0.4467202814777582;0.5544381285526891
5204201;Cachoeira de Goiás (GO);2;1405;0.6239;25666726.16;2076.97606405694;3990.486234875445;95.60000000000001;0.446961894953656;0.9118942731277533
5204250;Cachoeira Dourada (GO);2;7782;0.6743;87333062.08;2262.3615625803136;1974.470033410434;36.6;0.4707994707994708;0.8037653874004345
5204300;Caçu (GO);3;13774;0.6607;105166223.24;1683.5612443734574;1899.6618251778714;16.689999999999998;0.4612773180564396;0.722662440570523
5204409;Caiapônia (GO);3;16513;0.6759;104094929.75;1263.1540961666565;1327.3068025192274;25.849999999999998;0.4476198825282721;0.7516295025728988
5204508;Caldas Novas (GO);3;98622;0.7315;470248524.65;1204.9750911561314;1410.2253314676236;11.829999999999998;0.4221728722637211;0.4352387488969507
5204557;Caldazinha (GO);3;4507;0.5818;30032267.38;1362.0905413800756;1791.778773019747;80.88000000000001;0.45387096774193547;0.6153846153846154
5204607;Campestre de Goiás (GO);3;3755;0.5662;29426685.38;1559.9445565912117;1622.4951744340879;24.62;0.4673700664322001;0.5841059602649007
5204656;Campinaçu (GO);0;3708;0.5578;35058195.19;2104.0679072276157;2529.984323085221;76.57999999999998;0.46503358356380875;0.623448275862069
5204706;Campinorte (GO);3;12510;0.5573;58107079.79;924.15003117506;926.3650095923261;62.580000000000005;0.44190871369294604;0.47859622059390666
5204805;Campo Alegre de Goiás (GO);2;7422;0.6679;70814205.17;1736.7022864457022;1641.781983292913;80.47000000000001;0.44678362573099417;0.44879898862199746
5204854;Campo Limpo de Goiás (GO);3;8081;0.5712;40559317.45;1423.400539537186;940.1033287959411;7.05;0.48684452621895125;0.35137895812053116
5204904;Campos Belos (GO);3;18108;0.5785;83817352.77;1381.7080301524188;1277.445327479567;21.23;0.4502642960115329;0.39850746268656717
5204953;Campos Verdes (GO);0;4005;0.4846;35817715.74;1146.2088739076155;2179.943538077403;87.52999999999999;0.4944029850746269;0.7074742268041238
5205000;Carmo do Rio Verde (GO);3;9710;0.6535;47801115.78;877.7932306900102;909.727639546859;15.86;0.4338452451269935;0.7181286549707603
5205059;Castelândia (GO);3;2985;0.5139;30847748.77;1513.7296147403686;2088.596810720268;47.94;0.4330292846855497;0.7213740458015268
5205109;Catalão (GO);3;114427;0.7283;693432292.98;980.2127455058684;1939.235472222465;19.290000000000003;0.39308976247580324;0.47947214076246336
5205208;Caturaí (GO);3;5184;0.5094;30152191.24;1384.588587962963;1621.5142129629628;32.87;0.44642857142857145;0.639344262295082
5205307;Cavalcante (GO);0;9583;0.4488;58382270.47;1776.7032192424083;1338.7503996660753;88.23999999999998;0.5300973974133801;0.4091680814940577
5205406;Ceres (GO);3;22046;0.8134;129622391.27;826.7580536151681;2570.048496779461;15.62;0.4297016861219196;0.7277705345501956
5205455;Cezarina (GO);3;8090;0.6477;50479505.21;1072.9742521631642;1041.1887503090236;33.91;0.4587089794446448;0.6638325703073904
5205471;Chapadão do Céu (GO);2;12870;0.7251;167589788.11;2736.5620170940174;3967.32141958042;3.38;0.4088669950738916;0.14045801526717558
5205497;Cidade Ocidental (GO);3;91767;0.557;270817719.73;1282.4229104144192;490.1991018557869;24.35;0.4155894239965446;0.21137589928057554
5205513;Cocalzinho de Goiás (GO);0;25016;0.5434;86655478.03;1230.511303965462;873.8927026702911;65.32;0.43079386867993597;0.4224740321057602
5205521;Colinas do Sul (GO);0;4030;0.4318;34308428.84;2583.183652605459;1807.0556029776676;51.72;0.5138993238166792;0.45686900958466453
5205703;Córrego do Ouro (GO);2;2454;0.6042;30942600.05;2146.715949470253;1926.7145639771802;64.55;0.512014787430684;1.2459459459459459
5205802;Corumbá de Goiás (GO);0;10562;0.6077;48146148.45;1156.2729236886955;1510.6353427381177;72.2;0.47185061315496096;0.6745796241345203
5205901;Corumbaíba (GO);3;9164;0.6901;75757947.17;1967.0522075512877;1578.1241335661284;21.400000000000002;0.4527584020291693;0.6199659671015315
5206206;Cristalina (GO);3;62337;0.7018;336683754.14;1289.2128726117714;1109.2571243402795;42.910000000000004;0.4416179089290257;0.278692915494844
5206305;Cristianópolis (GO);3;3504;0.5656;32868644.96;1944.4307363013697;1529.2921974885846;37.1;0.47041544271926145;0.8498349834983498
5206404;Crixás (GO);0;17065;0.6512;122716666.06;1823.0901623205389;1649.5374667447993;87.69999999999999;0.4283920649535448;0.5048515142605117
5206503;Cromínia (GO);3;3883;0.5869;29652569.61;1374.1124748905486;2201.2699845480297;78.19999999999997;0.519170579029734;0.9688427299703264
5206602;Cumari (GO);2;2927;0.5947;31253972.69;1057.3212299282543;3026.027734882132;30.96;0.5348715259570005;1.0198019801980198
5206701;Damianópolis (GO);0;3770;0.494;30041357.18;1232.8793183023874;1553.7992944297082;96.86;0.4663555036950603;0.5797101449275363
5206800;Damolândia (GO);3;2724;0.6373;26230600.73;1727.7662224669605;2486.116251835536;84.68;0.4150649350649351;0.9253012048192771
5206909;Davinópolis (GO);2;1902;0.626;36557673.55;2413.897076761304;3244.2733911671926;92.45;0.5107227958697379;0.9136904761904762
5207105;Diorama (GO);2;2062;0.6297;29329488.08;2040.4952279340446;4454.025184287099;48.199999999999996;0.5139500734214391;1.095808383233533
5207253;Doverlândia (GO);3;6956;0.5538;53639749.05;1666.2164217941345;2012.6285092006901;58.51;0.4446521287642783;0.6818538884524745
5207352;Edealina (GO);2;4001;0.6704;44786570.02;1710.9869057735566;2392.0112296925768;82.34;0.47638376383763836;0.8390313390313391
5207402;Edéia (GO);3;11747;0.6541;80039742.86;961.0874444539032;2292.9066365880653;11.77;0.4388780009799118;0.5812003530450133
5207501;Estrela do Norte (GO);2;3205;0.625;28895723.13;1663.2974789391576;2484.3981497659906;98.82;0.4790032302722658;0.7072368421052632
5207535;Faina (GO);0;7070;0.5216;43437166.91;926.3786732673267;1462.3391343705798;95.1;0.4529387587340732;0.8536585365853658
5207600;Fazenda Nova (GO);3;5877;0.5788;36037122.21;980.0859162838183;1418.899720946061;97.23;0.46522064323111445;1.002145922746781
5207808;Firminópolis (GO);3;10419;0.6253;56318243.56;748.5981073039638;1466.1609089164026;62.52;0.498489860491874;0.9537767756482526
5207907;Flores de Goiás (GO);0;13744;0.4717;64392442.14;1411.6472409778812;909.6924781722934;87.08000000000001;0.42100909842845324;0.393089291823469
5208004;Formosa (GO);3;115901;0.6751;404481404.89;1010.766457407615;705.542997903383;17.229999999999997;0.40760757356781113;0.34928037308032484
5208103;Formoso (GO);3;4660;0.4858;33799207.61;1033.1793111587983;1633.202594420601;92.85000000000001;0.4756174794173528;0.7859690844233056
5208152;Gameleira de Goiás (GO);0;3456;0.5575;36297753.36;2246.466880787037;2017.9919618055555;62.62;0.4588433938370621;0.6223880597014926
5208301;Divinópolis de Goiás (GO);0;4457;0.4793;33920137.59;1999.5078842270586;1653.1523737940317;76.47000000000001;0.4675666776424103;0.608154020385051
5208400;Goianápolis (GO);3;13967;0.6435;59721358.92;1055.8633887019403;1071.4745951170617;21.349999999999998;0.41897795387585085;0.40129119945633707
5208509;Goiandira (GO);3;4973;0.7024;37793682.37;1137.424482203901;1642.1273295797305;67.65;0.4866965620328849;1.0426599749058971
5208608;Goianésia (GO);3;73707;0.6915;305980248.0;967.7635844628054;967.0225768244535;11.729999999999999;0.4105523022160983;0.4618739352640545
5208707;Goiânia (GO);3;1437366;0.7759;7501851560.25;1027.1160125256893;1491.8806576126053;8.399999999999999;0.39482793254128834;0.5700680324610926
5208806;Goianira (GO);3;71916;0.5643;220495239.0;1139.1784541687523;494.4803602814395;32.0;0.4200019745285813;0.23711759916249855
5208905;Goiás (GO);3;24071;0.6355;121763888.01;998.8525582651323;1678.1451950479832;33.730000000000004;0.4417225682798275;0.8988156539649845
5209101;Goiatuba (GO);3;35664;0.7046;289008104.03;2330.1126746859577;1342.2273743831313;32.769999999999996;0.4287889107006931;0.6552737395607795
5209150;Gouvelândia (GO);2;4390;0.5504;45997418.38;1994.2736902050115;2251.3468633257403;71.04;0.4977823268509041;0.6032967032967033
5209200;Guapó (GO);3;19545;0.5773;72488181.62;958.9500793041699;748.24449987209;22.609999999999996;0.4606531649353561;0.43682983682983684
5209291;Guaraíta (GO);2;2188;0.5491;23711414.2;1589.033327239488;2180.30231261426;86.42;0.4356955380577428;1.0557275541795665
5209408;Guarani de Goiás (GO);0;4085;0.4907;36720980.19;1610.0057552019584;2017.5814785801713;77.23;0.5040500736377025;0.6553808948004837
5209457;Guarinos (GO);2;2161;0.4383;23682430.52;2307.6904766311895;2566.9469273484497;76.09;0.47006802721088436;0.9630681818181818
5209606;Heitoraí (GO);3;3354;0.5016;27563567.05;;;68.19;0.46016543317370484;0.9430147058823529
5209705;Hidrolândia (GO);3;27742;0.6394;142305902.71;1280.174611059044;930.2409757768005;36.089999999999996;0.44829026363873664;0.45987759265555933
5209804;Hidrolina (GO);3;3545;0.5746;29459717.31;1453.579568406206;1939.2066093088856;70.33;0.5008467400508044;1.0291595197255574
5209903;Iaciara (GO);0;10584;0.5057;65883624.3;1481.6757747543463;1198.7259930083144;93.46;0.47697460228858496;0.42298084929225643
5209937;Inaciolândia (GO);3;5954;0.6059;47682843.35;1770.0246069869;1588.1631827342962;66.29;0.4585987261146497;0.6068669527896996
5209952;Indiara (GO);3;17061;0.6378;88713044.14;1433.989131938339;1065.0924640994078;46.02;0.4119837788628652;0.4828716115579386
5210000;Inhumas (GO);3;52204;0.7068;203254586.24;1129.6937817025516;1103.128321776109;10.379999999999999;0.4224910760511186;0.6443949517446177
5210109;Ipameri (GO);3;25548;0.6216;168591245.33;1313.9222252231093;1626.5973078127447;25.36;0.44290071162317857;0.6731384681032644
5210158;Ipiranga de Goiás (GO);2;2919;0.5722;28568014.91;1768.5969099006509;1672.499835560123;96.61;0.4720121028744327;0.9746835443037974
5210208;Iporá (GO);3;35684;0.7149;148386704.75;810.3747923439076;1388.215000840713;31.62;0.45571737445437116;0.777406523468576
5210307;Israelândia (GO);3;2560;0.5559;26227468.09;1538.59426171875;2132.86587890625;23.69;0.45042492917847027;1.226890756302521
5210406;Itaberaí (GO);3;44734;0.7154;204130216.87;1009.0871426655341;835.0006147449367;28.98;0.41576731968224834;0.44235836627140973
5210562;Itaguari (GO);3;4963;0.624;29375859.09;1143.0355410034256;1353.6383981462825;2.5599999999999996;0.41962242562929064;0.7485101311084624
5210604;Itaguaru (GO);3;4904;0.6112;31435432.53;946.9304241435563;1600.655723898858;60.23;0.450887573964497;1.174037089871612
5210802;Itajá (GO);3;4380;0.6307;41709898.9;1934.788821917808;1965.4837031963468;16.409999999999997;0.47425109390777515;0.7858048162230672
5210901;Itapaci (GO);3;21087;0.5661;102576626.41;1302.4080073030777;1092.1621131502823;42.379999999999995;0.43899276648014196;0.5069102834387444
5211008;Itapirapuã (GO);3;8007;0.5492;45751737.27;1067.6374871987011;1398.3455164231298;76.05;0.4447852760736196;0.7532005689900427
5211206;Itapuranga (GO);3;26113;0.5897;107236201.14;873.8317477884578;948.1489824991384;17.72;0.44935338846644834;0.8819153881915388
5211305;Itarumã (GO);3;6101;0.5323;54549771.57;1650.2292771676775;1980.2878495328637;20.549999999999997;0.45887135341941654;0.5807248764415156
5211404;Itauçu (GO);3;7736;0.5598;51907752.75;1267.4086879524302;1514.9691507238883;13.37;0.45140712945590994;0.9325301204819277
5211503;Itumbiara (GO);3;107970;0.7677;527937781.62;1399.6724416967677;1027.893763452811;3.4499999999999997;0.4335789683330014;0.5676908305328853
5211602;Ivolândia (GO);2;2693;0.5811;35949997.15;1411.969398440401;2517.4575120683253;79.49000000000001;0.4886677722498618;0.9217391304347826
5211701;Jandaia (GO);3;6272;0.5904;53876327.94;1688.0271269132654;1764.2999059311223;62.88;0.47819938722601935;0.9416267942583733
5211800;Jaraguá (GO);3;45223;0.5898;164383656.99;1106.6348583685294;753.5413260951286;44.269999999999996;0.4161395377967057;0.5043015621462531
5211909;Jataí (GO);3;105729;0.767;576322228.0;948.9335963642898;876.206689839117;7.73;0.4275356448476993;0.4765679645605036
5212006;Jaupaci (GO);3;2924;0.6087;23803440.68;1559.2296443228456;2191.091662106703;64.03;0.4782608695652174;1.0127659574468084
5212055;Jesúpolis (GO);2;2123;0.5204;26854714.52;1973.7996561469618;1741.6396796985398;60.38;0.5384057971014493;0.7523584905660378
5212105;Joviânia (GO);3;7159;0.6217;50743537.61;1582.1430786422686;1652.8680346417098;13.559999999999999;0.43352022426912296;0.636432350718065
5212204;Jussara (GO);3;19620;0.6483;123880230.92;1192.1825499490315;1154.7519928644242;26.19;0.44423997055576003;0.6717451523545707
5212253;Lagoa Santa (GO);2;1390;0.7126;23890498.01;4143.373841726619;3460.159618705036;22.910000000000004;0.4359504132231405;0.3973509933774834
5212303;Leopoldo de Bulhões (GO);0;8745;0.6033;48649524.15;1388.6095666094911;1010.445978273299;92.62;0.4541070834718989;0.5970760233918129
5212501;Luziânia (GO);3;209129;0.5829;648103008.9;868.2335777916978;580.9479819632858;46.870000000000005;0.4245262455213002;0.2803640397731942
5212600;Mairipotaba (GO);2;2561;0.5534;27338851.59;1883.560070285045;1947.6995080046859;15.5;0.47949162333911033;1.0493827160493827
5212709;Mambaí (GO);0;8124;0.587;44172525.75;1280.7700295420975;1198.9814955686854;89.97000000000001;0.46907775768535265;0.29247633283507724
5212808;Mara Rosa (GO);3;10700;0.6436;62076735.89;1346.4161953271027;1303.1975364485982;21.64;0.4601528384279476;0.691921726041144
5212907;Marzagão (GO);3;2758;0.5689;25787638.03;1637.1444089920233;2821.6840391588107;1.5;0.46003176283748015;0.5165794066317626
5212956;Matrinchã (GO);3;4042;0.5473;34420700.56;1691.6000296882733;2045.1478302820385;39.61000000000001;0.4358792184724689;0.7453769559032717
5213004;Maurilândia (GO);3;10304;0.5428;65694447.8;1082.5305531832298;1327.5538567546582;78.14999999999999;0.45351953731132744;0.43079661771250555
5213053;Mimoso de Goiás (GO);0;2614;0.5565;28427712.29;2133.329013006886;1467.9093420045906;10.2;0.494568324757004;0.6666666666666666
5213087;Minaçu (GO);3;27075;0.6353;170814590.38;1314.020082363804;1274.113621421976;39.779999999999994;0.4533011272141707;0.5997347982572457
5213103;Mineiros (GO);3;70081;0.7413;512815437.45;2345.575528174541;1656.1501115851656;7.209999999999999;0.42585961342828077;0.35344325897187195
5213400;Moiporá (GO);2;1685;0.5772;22580965.91;1591.034065281899;2604.5473175074185;80.79;0.5044642857142857;1.1320754716981132
5213509;Monte Alegre de Goiás (GO);0;6692;0.4231;33900636.09;1576.0812761506277;1182.3274103407055;97.94;0.5779297335534073;0.4409171075837742
5213707;Montes Claros de Goiás (GO);3;8756;0.6542;65231100.61;1428.1498846505253;1578.9617085427137;60.45;0.43753078312264;0.6430332922318126
5213756;Montividiu (GO);3;12521;0.6605;108186316.96;2034.7223839948886;1446.5984657774939;51.900000000000006;0.40102942821976056;0.3288839451242121
5213772;Montividiu do Norte (GO);0;3779;0.4942;28965915.42;2110.4643556496426;1820.0196745170679;95.23;0.46020092735703244;0.6704067321178121
5213806;Morrinhos (GO);3;51351;0.7081;230257162.64;898.9323277054001;1124.5611877081265;13.58;0.43542796444345055;0.6271806121383057
5213855;Morro Agudo de Goiás (GO);2;2456;0.621;27760510.66;1476.054401465798;2397.2892100977197;87.07999999999998;0.4930091185410334;0.8390022675736961
5213905;Mossâmedes (GO);3;4654;0.687;37996777.2;1872.2088311130212;1440.2272367855608;66.02999999999999;0.4557397560212699;0.9583333333333334
5214002;Mozarlândia (GO);3;14750;0.6555;98880497.56;1511.36528;1749.6963511864406;74.13;0.4291250847786067;0.3870967741935484
5214051;Mundo Novo (GO);0;6189;0.493;39679679.53;1593.5525189852963;1552.9302229762482;56.69;0.42406810860561434;0.6324180690876883
5214101;Mutunópolis (GO);0;3564;0.4451;31750511.35;1460.1048232323233;1724.550785634119;92.95999999999998;0.4423310400647511;0.7185534591194969
5214408;Nazário (GO);3;8189;0.6589;48541897.26;1128.3385651483698;1376.8663218952254;87.17999999999999;0.461799357372367;0.6260213702074168
5214507;Nerópolis (GO);3;31932;0.6852;202721950.29;1085.3027831015909;2128.618733871978;59.470000000000006;0.4252811997857525;0.38952894851976083
5214606;Niquelândia (GO);3;34964;0.5875;151484182.18;1459.1706217824049;935.8205422720513;41.84000000000001;0.4397957502882556;0.6742436118513874
5214705;Nova América (GO);2;2337;0.5764;28832384.81;2392.664676936243;2830.9443859649123;29.3;0.46245306633291616;0.7764423076923077
5214804;Nova Aurora (GO);2;2101;0.5823;26164832.58;2073.2616325559256;2941.5929224178963;91.59;0.5136887608069164;0.9916201117318436
5214838;Nova Crixás (GO);0;12815;0.5006;85592880.94;1607.5191720639875;1334.925022239563;78.67;0.429607318161535;0.44232209737827716
5214861;Nova Glória (GO);0;8310;0.4932;31810088.67;1018.2357545126353;896.8827400722021;89.83;0.48101942612725007;0.9845588235294118
5214879;Nova Iguaçu de Goiás (GO);0;3010;0.5114;24336173.54;1399.844292358804;1427.4790232558141;61.260000000000005;0.4849531327084361;0.5455974842767296
5214903;Nova Roma (GO);0;3076;0.544;32128724.77;1706.2628250975292;1848.467565019506;95.60000000000001;0.5574683544303798;0.7531847133757962
5215009;Nova Veneza (GO);3;9481;0.6575;46286431.41;537.1147674295961;1017.5317424322328;67.78;0.43001508295625945;0.659487776484284
5215207;Novo Brasil (GO);3;3527;0.5917;29051425.89;1379.3510944145166;2191.4560504678198;85.82;0.4782062028499581;1.0266429840142095
5215231;Novo Gama (GO);3;103804;0.4977;263950716.0;770.8701652152132;570.2052976763902;32.95;0.42850851842677457;0.24566948033764052
5215256;Novo Planalto (GO);0;3716;0.5649;32419729.05;2026.812841765339;1574.3476937567277;98.03999999999999;0.4419868063639891;0.5863509749303621
5215306;Orizona (GO);3;16399;0.5546;85336790.55;1542.0880169522532;1080.236966888225;71.53;0.4489309065205867;0.7716178521617852
5215405;Ouro Verde de Goiás (GO);3;4057;0.5579;35281137.46;2089.6426571358147;1671.306490017254;65.21999999999998;0.46620889049512104;0.7744154057771664
5215504;Ouvidor (GO);2;7200;0.6487;94955505.41;2457.301520833333;3225.0795944444444;60.15;0.428288038087681;0.6245297215951844
5215603;Padre Bernardo (GO);3;34967;0.483;137645382.21;1294.2901295507193;906.9221260045185;27.759999999999998;0.474094684035243;0.3964981994287843
5215652;Palestina de Goiás (GO);2;3132;0.5789;32406520.0;2354.2954246487866;2332.1575638569607;69.58;0.4594594594594595;0.7298245614035088
5215702;Palmeiras de Goiás (GO);3;31858;0.6501;156437560.9;954.4150056500722;1174.9976498838598;6.5600000000000005;0.4214072190246732;0.4464012251148545
5215801;Palmelo (GO);2;2259;0.6156;27581011.75;1753.5621381142098;3194.1948472775566;96.3;0.4793713163064833;1.0677966101694916
5215900;Palminópolis (GO);3;3851;0.6336;33325360.31;1315.3067878473125;1645.7405660867307;62.93;0.4614800759013283;0.8313253012048193
5216007;Panamá (GO);2;2455;0.6283;29323953.19;1931.063116089613;2856.9612057026475;72.46;0.5220086794792312;0.9400921658986175
5216304;Paranaiguara (GO);3;7607;0.68;59072726.42;1278.0297988694624;1712.3546904167213;6.2700000000000005;0.48981590285938115;0.9179447852760736
5216403;Paraúna (GO);3;10659;0.6471;114361625.18;1889.249888357257;1882.2621990805892;17.200000000000003;0.43362474781439136;0.5897435897435898
5216452;Perolândia (GO);2;2964;0.6325;53741695.15;3030.684564777328;3155.772085020243;41.15000000000001;0.4753608760577402;0.5428109854604201
5216809;Petrolina de Goiás (GO);3;9573;0.5232;46638932.05;886.3704878303562;1072.47004073958;71.86;0.43072784337169334;0.8898360655737705
5216908;Pilar de Goiás (GO);2;2328;0.5464;34239242.89;2976.912538659794;2822.605713058419;37.510000000000005;0.4641509433962264;0.7697841726618705
5217104;Piracanjuba (GO);3;24883;0.6141;115844700.81;847.4856275368726;1168.9829176546236;22.5;0.47323860272350504;0.9186269803168507
5217203;Piranhas (GO);3;11712;0.5838;61900123.47;1098.6524086407103;1276.0895081967212;40.919999999999995;0.4702485563645493;0.8371750858263854
5217302;Pirenópolis (GO);3;26690;0.5969;102737758.27;1122.0335061820906;833.1937594604722;52.52;0.4460638240234058;0.642329942150409
5217401;Pires do Rio (GO);3;32373;0.6321;137791955.13;717.3073978315263;1318.2305791863591;46.040000000000006;0.41887272089761574;0.6778441011235955
5217609;Planaltina (GO);3;105031;0.517;307483877.2;1190.036151898011;705.7860561167656;17.78;0.4260634614601295;0.2520448469855963
5217708;Pontalina (GO);3;18309;0.6444;88815472.35;1245.1479971598667;1308.6693942869629;23.540000000000003;0.4532105722676403;0.8617541571568308
5218003;Porangatu (GO);3;44317;0.6167;218750059.46;978.7035853058645;1382.326607171063;54.71;0.4420473773265651;0.538330879855056
5218052;Porteirão (GO);3;4070;0.6527;39210695.11;1620.4528427518428;2403.7192235872235;94.53999999999999;0.43158635244460075;0.3293607800650054
5218102;Portelândia (GO);3;3280;0.5402;33404483.38;1859.5561768292682;2615.959847560976;77.53;0.5011441647597255;0.7189952904238619
5218300;Posse (GO);3;34914;0.6201;143446788.1;1077.3054963624907;995.3343965171566;31.779999999999998;0.43531346351490235;0.32544749029916137
5218391;Professor Jamil (GO);3;3649;0.597;26343450.48;1472.7813209098383;1574.5717758289943;94.60999999999999;0.46135362434921906;0.8461538461538461
5218508;Quirinópolis (GO);3;48447;0.7328;261280563.55;1169.4338576176028;1631.3837213862573;8.749999999999998;0.4373831775700935;0.5624801271860096
5218607;Rialma (GO);3;12165;0.6367;59278864.34;1090.9582005754212;1395.532766132347;83.83999999999999;0.42681210415200566;0.6333034111310593
5218706;Rianápolis (GO);3;3980;0.6048;27609085.06;1453.5132110552763;1679.7885452261307;90.38999999999999;0.4420289855072464;0.8401206636500754
5218789;Rio Quente (GO);2;3864;0.7668;59429431.91;2336.7970445134574;3701.5448654244306;22.150000000000002;0.4159032612678637;0.4551282051282051
5218805;Rio Verde (GO);3;225696;0.74;1631775045.73;2248.4715280731602;1603.7142060559336;6.969999999999999;0.38971946503780697;0.33336142243195416
5218904;Rubiataba (GO);3;19788;0.7165;91272862.8;1161.67960582171;1128.5572473216089;16.250000000000004;0.43484881444420276;0.7139182623606745
5219001;Sanclerlândia (GO);3;7918;0.7169;44222254.48;1234.6902134377367;1140.9723654963375;18.31;0.44885635864592865;0.8224368499257058
5219100;Santa Bárbara de Goiás (GO);3;6149;0.707;37997043.64;1612.6236737680922;1371.0018311920637;81.97;0.4430884768833607;0.5577557755775577
5219209;Santa Cruz de Goiás (GO);2;3002;0.5325;32543109.11;1795.7387175216522;2262.46645236509;97.66;0.4530493707647628;0.8682634730538922
5219258;Santa Fé de Goiás (GO);3;4951;0.7116;43020073.75;1747.6678307412644;1702.1551726923853;78.1;0.44008144269924376;0.5175526579739218
5219308;Santa Helena de Goiás (GO);3;38492;0.7072;206896316.67;985.965907980879;1526.8467816689183;4.76;0.4304507785499275;0.6206800055967538
5219357;Santa Isabel (GO);2;3538;0.5376;29572061.01;1585.4368315432448;1766.2963793103447;56.69;0.497883149872989;0.9932203389830508
5219407;Santa Rita do Araguaia (GO);3;5924;0.579;34798899.55;1285.5510955435518;1372.9214213369346;69.78999999999999;0.46924603174603174;0.5779816513761468
5219456;Santa Rita do Novo Destino (GO);0;2689;0.6068;28852847.58;2310.3361435477873;2587.593306061733;82.42;0.480726872246696;0.7889344262295082
5219506;Santa Rosa de Goiás (GO);2;2820;0.5368;27859070.11;1972.5451028368793;2266.78540070922;92.08;0.47721320062860134;1.0380313199105144
5219605;Santa Tereza de Goiás (GO);2;3293;0.5716;30966941.57;2137.7739174005465;2506.5747494685697;89.23;0.524537037037037;0.9602076124567474
5219704;Santa Terezinha de Goiás (GO);3;10645;0.4896;43983052.45;933.4081953968999;946.8996092062001;61.32;0.4705069761016715;0.7219413549039434
5219712;Santo Antônio da Barra (GO);0;4267;0.6382;47305418.06;2198.2798617295525;1975.6410780407782;96.56;0.4703652653342522;0.6269368295589988
5219738;Santo Antônio de Goiás (GO);3;7386;0.6947;41171542.26;1377.4553425399404;1347.3187029515298;56.0;0.4275222265172014;0.4206807964033398
5219753;Santo Antônio do Descoberto (GO);3;72127;0.4687;206370737.25;949.5293055305225;477.4515657104829;27.509999999999998;0.4469677212269545;0.256910752566851
5219803;São Domingos (GO);0;9711;0.4283;54937946.28;1227.5056049840387;1101.0213613428073;86.77;0.48304825901038484;0.520673076923077
5219902;São Francisco de Goiás (GO);0;6378;0.6047;36323873.61;1480.0596174349325;1262.0081044214487;65.10000000000002;0.4842913660693507;0.6755233494363929
5220009;São João d'Aliança (GO);0;14041;0.5877;79237876.29;1313.305560857489;1048.8479146784418;74.98;0.4256269672047924;0.2918335901386749
5220058;São João da Paraúna (GO);2;1774;0.6146;26766887.55;1637.288404735062;3768.6628635851184;25.68;0.5162393162393163;0.9933993399339934
5220108;São Luís de Montes Belos (GO);3;33852;0.7312;169205787.51;1053.8217431761786;944.5077623183269;16.690000000000005;0.44691400239357154;0.7351476933289081
5220157;São Luiz do Norte (GO);0;4837;0.485;37835490.78;1789.8349017986354;1732.1928943560058;82.37;0.4724505327245053;0.5215686274509804
5220207;São Miguel do Araguaia (GO);3;21900;0.6509;120144584.77;1106.1680689497716;1429.6401598173516;22.65;0.4374794880210043;0.6629241516966068
5220264;São Miguel do Passa Quatro (GO);3;4464;0.524;38699604.39;2085.1504950716844;1606.4671438172043;48.79;0.47326732673267324;0.715311004784689
5220280;São Patrício (GO);2;2143;0.5895;28082545.18;1932.8470181987868;2510.4618758749416;13.459999999999999;0.46982167352537724;0.8664850136239782
5220405;São Simão (GO);3;17020;0.6046;140948266.14;1897.0495329024677;2554.074303760282;10.469999999999999;0.4396887159533074;0.640265067844746
5220454;Senador Canedo (GO);3;155635;0.6009;835377422.41;1288.569389276191;1429.127676807916;39.16000000000001;0.4090225972332875;0.21625477844182414
5220504;Serranópolis (GO);3;8027;0.6484;68872133.9;2151.636232714588;1587.4563311324282;18.820000000000004;0.44787157287157287;0.4912912912912913
5220603;Silvânia (GO);3;22245;0.6516;110979461.85;1074.570586199146;1015.6460944032367;31.66;0.42113332907429885;0.5550837461665488
5220686;Simolândia (GO);3;5742;0.4969;31658605.99;;;7.49;0.42410714285714285;0.4357682619647355
5220702;Sítio d'Abadia (GO);0;2927;0.5826;30813015.22;1681.267014007516;1741.0541885889988;34.78;0.4664328657314629;0.48012718600953896
5221007;Taquaral de Goiás (GO);3;4026;0.5573;31113980.34;697.9455042225534;1446.2361152508693;97.21;0.4373438057836487;0.8310911808669657
5221080;Teresina de Goiás (GO);0;2701;0.4619;26944806.84;2231.1583228433915;2578.949800074047;86.72999999999999;0.6135005973715651;0.3878378378378378
5221197;Terezópolis de Goiás (GO);3;7944;0.5493;42567616.64;1202.5384264853978;1560.3465647029204;24.86;0.4236559139784946;0.44764237599510104
5221304;Três Ranchos (GO);2;2921;0.6406;33352992.89;1520.2839130434782;2182.9018452584733;58.540000000000006;0.4865139949109415;0.9470468431771895
5221403;Trindade (GO);3;142431;0.6055;415222997.18;859.8004501126861;557.4059388054567;30.250000000000004;0.4190170663425423;0.36105627649590627
5221452;Trombas (GO);0;3120;0.4712;28472027.48;2274.3244102564104;2268.2500224358973;97.14;0.5072463768115942;0.9408502772643254
5221502;Turvânia (GO);3;4480;0.5574;32698660.82;1322.6568415178572;1950.482151785714;6.25;0.4908485856905158;0.9745649263721553
5221551;Turvelândia (GO);2;4985;0.586;58120088.88;2525.38547442327;2031.232152457372;31.939999999999998;0.44576566125290024;0.36138175376439324
5221577;Uirapuru (GO);0;2798;0.4055;28988537.01;1757.797616154396;2078.4629199428164;97.1;0.44152498712004123;0.714
5221601;Uruaçu (GO);3;42546;0.7017;170325359.68;791.5008233441451;931.003562497062;24.410000000000004;0.43916381963941414;0.5340895663476308
5221700;Uruana (GO);3;13729;0.5656;73242661.71;636.1341350426105;1058.1912302425524;88.80000000000001;0.4528042328042328;0.8372692142550451
5221809;Urutaí (GO);3;3553;0.6695;33394922.63;1798.5135040810585;1455.5896678862932;92.49999999999999;0.4496124031007752;0.7354330708661417
5221858;Valparaíso de Goiás (GO);3;198861;0.5998;642325168.41;1141.1184396638857;569.67710194558;13.56;0.3828229305740988;0.2043445922296115
5221908;Varjão (GO);3;3716;0.5526;28017678.48;1386.3196447793325;1499.362970936491;76.69;0.49477071600965405;0.943127962085308
5222005;Vianópolis (GO);3;14956;0.5741;81184180.94;1525.672145627173;989.9058872693234;35.589999999999996;0.43683350946296473;0.49326765188834154
5222054;Vicentinópolis (GO);3;8768;0.5856;72723869.63;1259.5026870437957;1518.2694867700732;98.28;0.4042280589365791;0.38149972632731255
5222203;Vila Boa (GO);3;4215;0.6163;36391627.84;2271.5662728351126;1800.5791553973902;33.480000000000004;0.4645587213342599;0.3018500486854917
5222302;Vila Propício (GO);0;5815;0.6435;48360037.43;1900.866555460017;1270.4238899398108;81.01;0.4610552763819096;0.521558872305141
5300108;Brasília (DF);3;2817381;0.7505;;;;5.33;0.384753648433184;0.46529510531921464
